scenario,split,n_samples,n_features,n_informative,signal_density,within_block_corr,class_imbalance,signal_strength,method,seed,precision,recall,f1,jaccard,test_auc,n_selected,reduction_ratio,steps_skipped,mean_feature_corr,kuncheva_stability,selected_indices,time_seconds
omics_standard,development,100,2000,10,0.005,0.7,0.5,1.0,VarCorr_Baseline,0,0.009,0.9,0.0178,0.009,1.0,1000,0.5,,0.0989,0.0033,"0,8,12,20,23,24,25,32,33,36,39,40,42,43,44,45,46,47,49,52,53,55,57,60,62,63,64,65,68,69,70,73,74,76,78,79,80,81,83,88,89,95,96,98,99,100,102,104,105,106,107,108,111,113,116,118,119,120,121,124,125,129,130,132,134,135,137,138,139,140,141,142,145,146,147,148,149,152,153,156,158,160,166,168,172,175,179,182,184,188,190,192,194,196,197,198,200,201,202,203,204,206,207,210,211,219,221,222,224,225,228,229,230,236,239,241,244,256,258,260,265,270,271,274,275,281,285,286,287,290,291,292,293,294,295,296,297,298,300,301,302,305,306,308,312,315,320,321,322,323,324,327,329,330,331,332,333,335,336,337,338,348,349,361,362,364,367,368,370,373,374,377,379,380,394,396,398,400,401,402,403,404,405,406,408,412,413,415,416,424,425,433,435,439,440,443,444,445,446,447,448,449,451,452,453,454,455,456,458,461,462,463,464,465,466,467,468,469,470,471,472,474,475,476,477,478,480,481,483,484,485,486,487,488,490,491,492,493,494,495,496,501,502,503,506,509,511,512,514,515,516,517,518,519,525,526,527,528,529,530,532,533,534,535,540,541,543,544,560,563,564,567,568,569,571,572,573,574,578,582,585,586,588,593,594,597,601,605,606,607,608,610,612,614,616,617,618,621,622,624,625,626,627,628,631,632,633,637,638,641,644,646,649,651,653,656,657,658,659,660,663,665,666,670,671,674,675,676,678,681,682,683,684,685,686,687,688,689,690,691,692,693,695,696,700,702,703,705,708,711,712,713,715,720,721,722,724,725,727,728,729,730,731,735,737,738,739,740,742,745,748,751,752,754,755,757,758,759,762,771,773,774,776,780,781,782,783,787,788,790,791,792,794,795,796,797,798,799,801,802,803,804,805,806,807,808,809,810,811,812,813,814,817,818,819,821,822,823,824,825,826,828,829,830,831,832,833,836,838,839,840,841,842,843,847,848,849,850,851,852,853,854,858,859,860,867,884,886,887,889,890,893,894,898,900,911,913,915,919,920,923,925,926,929,934,936,942,948,950,955,956,958,964,965,967,969,976,980,982,983,984,985,986,987,991,992,996,997,998,999,1001,1002,1011,1012,1013,1019,1022,1026,1035,1042,1043,1044,1047,1048,1049,1052,1053,1054,1055,1056,1059,1062,1063,1064,1065,1068,1069,1070,1072,1073,1074,1075,1076,1078,1079,1080,1081,1084,1085,1087,1088,1092,1094,1096,1098,1099,1100,1101,1102,1103,1104,1106,1107,1108,1109,1110,1113,1115,1117,1118,1119,1125,1129,1130,1132,1136,1137,1141,1142,1143,1144,1145,1146,1147,1149,1151,1153,1155,1157,1158,1160,1161,1162,1164,1165,1166,1167,1168,1169,1170,1172,1173,1174,1176,1177,1178,1179,1184,1193,1194,1201,1204,1206,1208,1210,1212,1213,1214,1215,1216,1218,1219,1223,1226,1227,1229,1232,1234,1236,1237,1240,1241,1242,1244,1245,1246,1247,1250,1251,1253,1255,1258,1262,1263,1264,1265,1266,1267,1268,1270,1272,1273,1274,1276,1277,1281,1282,1284,1291,1292,1294,1295,1296,1297,1298,1299,1300,1303,1305,1306,1307,1310,1311,1312,1314,1317,1319,1320,1321,1324,1325,1327,1329,1338,1341,1342,1343,1344,1347,1348,1349,1350,1351,1353,1354,1355,1356,1357,1358,1361,1363,1364,1365,1366,1369,1371,1372,1375,1376,1378,1379,1381,1382,1384,1385,1386,1387,1388,1390,1394,1398,1403,1404,1406,1407,1410,1417,1420,1424,1427,1428,1432,1433,1435,1436,1437,1438,1439,1440,1441,1443,1444,1445,1446,1448,1449,1450,1451,1452,1453,1455,1457,1458,1459,1460,1462,1464,1465,1466,1467,1469,1471,1472,1474,1477,1480,1481,1482,1483,1485,1486,1487,1488,1489,1490,1491,1492,1493,1496,1497,1498,1502,1505,1510,1513,1516,1517,1518,1519,1520,1521,1522,1525,1527,1528,1529,1530,1533,1534,1535,1537,1538,1539,1540,1541,1542,1544,1549,1554,1559,1560,1562,1563,1564,1565,1567,1568,1569,1570,1572,1574,1575,1578,1579,1580,1581,1582,1585,1587,1588,1589,1590,1591,1592,1593,1594,1596,1597,1598,1600,1601,1603,1605,1608,1610,1613,1614,1615,1627,1629,1635,1640,1641,1642,1643,1644,1648,1650,1652,1653,1657,1658,1659,1660,1661,1662,1663,1664,1667,1668,1669,1670,1671,1672,1673,1674,1675,1677,1678,1679,1681,1685,1686,1688,1691,1694,1695,1697,1698,1701,1702,1705,1707,1709,1710,1716,1718,1720,1721,1724,1732,1733,1737,1739,1742,1744,1745,1746,1747,1753,1755,1756,1758,1759,1760,1761,1762,1764,1766,1767,1768,1769,1771,1772,1773,1775,1776,1778,1779,1781,1782,1785,1787,1791,1793,1795,1796,1797,1802,1803,1805,1806,1808,1809,1811,1813,1814,1815,1819,1821,1822,1823,1824,1825,1827,1829,1830,1831,1833,1835,1836,1837,1838,1843,1844,1847,1849,1857,1860,1867,1868,1882,1884,1885,1886,1890,1900,1901,1905,1906,1907,1908,1915,1917,1918,1920,1921,1922,1924,1926,1927,1930,1931,1935,1936,1937,1938,1939,1940,1942,1943,1947,1948,1949,1950,1951,1952,1953,1956,1957,1960,1964,1965,1973,1974,1982,1984,1989,1998,1999",0.44
omics_standard,development,100,2000,10,0.005,0.7,0.5,1.0,VarCorr_Baseline,1,0.008,0.8,0.0158,0.008,0.9872,1000,0.5,,0.0993,0.0033,"2,4,7,12,14,16,20,21,28,29,30,35,37,40,41,42,46,48,49,51,52,53,55,57,58,60,61,65,67,73,75,76,78,80,81,82,83,85,86,87,88,89,90,91,92,93,96,97,98,100,105,107,108,111,113,114,115,116,117,119,122,123,124,126,127,128,131,133,135,136,138,139,140,148,160,162,163,170,180,181,189,190,191,193,194,195,197,200,202,204,205,208,209,211,212,213,215,216,218,219,232,235,240,243,244,245,246,250,251,252,253,255,260,262,265,267,268,269,271,272,273,277,281,282,284,286,287,290,291,292,296,298,299,301,304,306,309,311,313,314,318,319,320,321,322,323,325,326,328,329,334,336,337,339,340,342,348,351,353,355,358,359,360,363,364,365,367,368,370,372,373,375,377,378,382,383,388,389,392,393,394,395,398,400,403,404,405,406,408,409,410,412,413,414,417,418,421,422,426,427,428,429,440,444,446,447,450,451,452,453,457,458,459,460,462,463,464,466,469,470,471,472,473,474,476,477,478,480,483,484,488,489,491,494,495,497,500,501,502,505,506,507,510,512,513,514,516,517,518,522,529,532,533,535,539,541,543,544,547,548,551,554,555,556,557,558,561,562,563,566,567,573,577,579,580,581,584,585,586,587,588,590,591,594,595,597,598,599,602,603,604,605,607,608,609,610,611,613,614,615,616,617,618,619,621,622,623,624,626,629,630,631,632,633,635,636,637,638,639,641,643,644,645,646,647,648,650,651,653,654,655,657,658,659,660,664,666,667,670,675,679,681,682,683,684,686,687,689,690,693,694,696,698,699,700,701,703,704,705,706,707,709,711,712,713,715,716,718,719,725,728,730,731,734,736,744,748,749,751,758,762,764,766,767,769,770,774,775,779,780,781,782,783,784,785,786,787,788,789,790,791,792,793,795,798,799,800,805,812,813,815,816,817,818,820,822,824,826,827,831,834,835,836,838,840,841,843,844,846,847,848,849,850,853,854,855,856,857,858,859,861,863,866,867,870,874,878,881,883,884,885,894,896,899,902,903,915,921,922,926,932,933,934,935,937,938,946,951,957,962,963,964,966,968,969,971,972,973,974,975,976,979,982,984,989,991,993,994,997,998,999,1001,1003,1005,1006,1007,1008,1009,1012,1020,1022,1025,1027,1028,1032,1033,1036,1038,1039,1041,1046,1050,1051,1054,1056,1057,1060,1063,1064,1065,1068,1069,1073,1076,1079,1080,1081,1082,1084,1086,1088,1089,1090,1092,1094,1099,1100,1101,1102,1103,1104,1109,1110,1114,1118,1119,1121,1124,1125,1127,1128,1129,1130,1131,1133,1139,1140,1141,1143,1144,1147,1148,1150,1151,1152,1153,1154,1155,1156,1157,1159,1160,1165,1166,1168,1169,1170,1172,1173,1177,1179,1180,1182,1183,1184,1187,1191,1192,1194,1195,1196,1197,1198,1199,1200,1201,1202,1203,1204,1205,1206,1208,1210,1212,1213,1214,1217,1218,1220,1221,1222,1223,1228,1230,1233,1237,1238,1239,1241,1242,1243,1246,1247,1250,1253,1257,1259,1261,1262,1263,1267,1277,1282,1285,1288,1289,1291,1292,1296,1297,1305,1310,1312,1320,1321,1323,1324,1325,1326,1328,1329,1330,1331,1333,1334,1335,1336,1337,1342,1343,1344,1346,1347,1348,1352,1356,1358,1361,1362,1364,1365,1368,1371,1372,1373,1376,1377,1383,1386,1387,1389,1391,1392,1397,1399,1400,1404,1405,1409,1410,1412,1413,1414,1415,1417,1418,1419,1420,1426,1428,1429,1430,1431,1434,1438,1440,1441,1442,1443,1445,1446,1447,1449,1450,1452,1454,1456,1458,1459,1460,1466,1468,1469,1470,1471,1472,1473,1476,1477,1478,1482,1483,1484,1485,1487,1489,1493,1494,1495,1496,1497,1499,1500,1502,1503,1507,1510,1512,1516,1520,1522,1523,1524,1529,1530,1531,1532,1533,1534,1536,1537,1539,1540,1555,1556,1557,1559,1560,1561,1562,1563,1564,1566,1569,1570,1571,1574,1575,1576,1577,1579,1580,1584,1586,1588,1589,1590,1592,1594,1595,1596,1597,1600,1601,1602,1603,1605,1607,1608,1611,1612,1613,1616,1617,1618,1619,1623,1625,1626,1628,1629,1633,1635,1636,1640,1641,1643,1645,1646,1647,1650,1653,1655,1656,1657,1659,1666,1667,1668,1670,1677,1678,1680,1681,1682,1683,1684,1685,1686,1687,1688,1689,1694,1695,1696,1697,1699,1701,1703,1706,1707,1708,1709,1710,1711,1714,1715,1717,1721,1724,1728,1735,1736,1737,1739,1740,1741,1742,1743,1745,1746,1748,1749,1750,1751,1754,1755,1758,1761,1762,1767,1768,1769,1771,1772,1775,1776,1777,1778,1782,1783,1785,1789,1790,1792,1793,1794,1795,1797,1798,1800,1801,1802,1803,1804,1806,1808,1810,1811,1812,1813,1816,1822,1826,1827,1829,1837,1838,1843,1845,1853,1861,1864,1867,1869,1872,1873,1874,1875,1876,1877,1879,1880,1886,1887,1889,1890,1893,1898,1899,1900,1901,1903,1904,1905,1906,1907,1908,1911,1912,1913,1915,1916,1918,1919,1920,1921,1922,1923,1924,1925,1926,1927,1929,1931,1932,1934,1935,1936,1937,1942,1944,1945,1946,1948,1953,1954,1955,1956,1959,1960,1961,1962,1963,1966,1968,1969,1970,1971,1972,1973,1975,1977,1979,1980,1982,1989,1990,1996,1999",0.13
omics_standard,development,100,2000,10,0.005,0.7,0.5,1.0,VarCorr_Baseline,2,0.006,0.6,0.0119,0.006,1.0,1000,0.5,,0.0989,0.0033,"0,1,4,5,6,7,8,9,10,11,12,13,14,15,17,18,19,20,23,26,27,38,39,40,41,42,43,47,49,50,51,52,54,55,57,58,62,63,65,67,69,70,71,73,75,76,82,83,86,95,96,97,100,101,110,111,112,117,120,122,125,129,130,132,134,136,138,142,150,152,153,154,155,156,157,159,161,162,166,169,171,175,177,179,180,181,185,187,188,190,194,197,200,202,203,204,205,206,207,208,210,211,212,213,214,215,216,218,219,220,227,230,232,234,238,239,241,243,246,247,248,249,250,251,253,255,256,257,258,259,262,264,265,272,275,277,278,279,281,282,283,286,288,291,293,294,296,297,298,299,306,307,308,315,317,319,321,324,325,327,329,332,334,335,337,346,347,348,355,356,357,358,360,362,363,365,367,369,371,372,374,375,376,378,379,380,383,384,385,387,388,389,390,391,394,395,396,398,399,400,401,402,403,404,405,408,412,413,416,417,419,420,430,437,439,440,443,449,450,454,459,461,462,464,468,469,470,473,474,475,477,479,480,481,487,491,492,493,496,498,500,501,503,504,508,512,513,514,515,516,517,520,522,525,530,531,533,535,541,542,544,545,548,549,551,552,553,556,558,559,562,563,564,565,566,569,571,572,577,578,579,583,584,586,588,590,592,594,595,597,599,601,602,603,607,610,612,615,619,623,626,628,633,641,642,643,645,646,649,650,651,652,653,654,657,658,660,661,662,663,664,665,666,667,668,669,672,673,674,676,678,680,681,683,684,685,687,691,693,694,696,697,698,699,700,703,706,707,708,710,716,717,719,721,723,724,725,726,727,728,731,732,734,735,736,739,742,743,744,745,746,747,748,749,750,754,756,758,761,768,769,772,773,777,781,783,784,785,786,787,790,793,796,797,798,802,803,804,806,808,809,812,813,815,816,817,818,819,821,822,823,824,828,830,831,832,833,837,841,842,843,844,845,847,849,852,853,856,857,862,864,865,867,872,875,877,879,880,883,884,885,886,887,888,893,894,898,900,902,903,904,907,908,912,915,916,917,918,919,921,922,923,924,925,929,932,934,935,936,960,965,966,968,972,974,975,976,979,982,983,984,989,990,994,996,997,998,1001,1002,1004,1006,1007,1010,1011,1012,1013,1014,1015,1016,1017,1019,1021,1023,1025,1026,1027,1028,1029,1031,1032,1033,1034,1035,1036,1037,1039,1044,1048,1049,1052,1054,1057,1058,1063,1066,1068,1069,1073,1076,1077,1079,1080,1083,1086,1087,1089,1091,1092,1097,1099,1103,1107,1108,1109,1111,1112,1115,1117,1118,1120,1121,1126,1128,1132,1136,1138,1149,1150,1156,1157,1160,1162,1163,1165,1167,1170,1171,1174,1175,1180,1181,1182,1183,1184,1185,1186,1187,1188,1190,1191,1192,1193,1194,1195,1196,1199,1201,1202,1203,1204,1205,1206,1207,1210,1212,1213,1214,1215,1217,1218,1220,1221,1222,1223,1225,1226,1227,1228,1230,1231,1233,1234,1235,1236,1237,1239,1240,1241,1242,1243,1244,1245,1246,1247,1248,1250,1251,1252,1253,1255,1258,1259,1260,1261,1262,1264,1267,1268,1269,1274,1280,1281,1282,1283,1284,1286,1287,1289,1290,1291,1292,1294,1295,1296,1297,1300,1308,1309,1319,1321,1322,1323,1324,1325,1330,1332,1334,1337,1338,1340,1345,1347,1350,1353,1354,1356,1359,1361,1363,1365,1366,1367,1368,1369,1370,1381,1382,1384,1387,1388,1389,1390,1392,1393,1395,1397,1398,1399,1400,1403,1404,1405,1407,1408,1409,1410,1411,1412,1413,1414,1415,1418,1423,1424,1427,1433,1434,1435,1436,1439,1440,1441,1443,1445,1446,1448,1449,1456,1458,1460,1461,1462,1463,1466,1467,1468,1469,1470,1471,1473,1474,1475,1476,1477,1478,1479,1480,1481,1484,1485,1486,1487,1488,1489,1491,1492,1493,1494,1495,1496,1497,1498,1500,1501,1502,1503,1505,1508,1509,1510,1512,1513,1514,1515,1516,1518,1519,1522,1525,1526,1527,1529,1531,1535,1538,1539,1541,1545,1547,1548,1551,1552,1553,1554,1555,1561,1562,1569,1570,1580,1582,1583,1584,1585,1586,1587,1588,1592,1593,1595,1598,1600,1601,1602,1603,1604,1605,1606,1607,1608,1609,1611,1612,1613,1614,1615,1616,1617,1618,1619,1620,1621,1624,1625,1626,1627,1628,1631,1632,1633,1634,1635,1636,1639,1641,1642,1643,1644,1647,1648,1650,1651,1652,1654,1656,1657,1664,1665,1668,1670,1672,1673,1674,1675,1676,1677,1678,1679,1680,1687,1699,1700,1704,1706,1707,1708,1709,1710,1712,1715,1717,1719,1722,1724,1725,1730,1731,1735,1737,1739,1741,1746,1747,1750,1753,1754,1757,1759,1762,1763,1765,1767,1769,1770,1773,1774,1775,1778,1779,1781,1782,1784,1789,1791,1793,1796,1797,1798,1800,1801,1802,1803,1804,1805,1808,1809,1811,1813,1817,1819,1821,1824,1827,1829,1830,1831,1834,1835,1836,1838,1839,1842,1846,1848,1849,1864,1868,1874,1884,1890,1894,1897,1898,1902,1903,1904,1905,1908,1909,1910,1917,1919,1921,1922,1923,1924,1925,1926,1927,1928,1929,1930,1933,1934,1935,1936,1937,1939,1944,1960,1961,1962,1965,1972,1975,1977,1979,1980,1982,1983,1984,1985,1987,1989,1992,1993,1996,1997,1998,1999",0.13
omics_standard,development,100,2000,10,0.005,0.7,0.5,1.0,LASSO,0,0.5263,1.0,0.6897,0.5263,1.0,19,0.9905,,0.2954,0.4748,"0,20,40,60,80,100,120,140,160,180,302,306,1098,1444,1445,1446,1457,1507,1662",1.58
omics_standard,development,100,2000,10,0.005,0.7,0.5,1.0,LASSO,1,0.375,0.9,0.5294,0.36,0.9872,24,0.988,,0.2185,0.4748,"0,20,40,60,80,100,105,140,143,158,160,180,475,793,1104,1119,1447,1529,1736,1783,1787,1793,1794,1887",1.6
omics_standard,development,100,2000,10,0.005,0.7,0.5,1.0,LASSO,2,0.625,1.0,0.7692,0.625,1.0,16,0.992,,0.306,0.4748,"0,20,40,60,80,100,120,125,138,140,160,180,558,1626,1636,1908",1.59
omics_standard,development,100,2000,10,0.005,0.7,0.5,1.0,ElasticNet,0,0.1064,1.0,0.1923,0.1064,1.0,94,0.953,,0.1298,0.0903,"0,1,20,40,60,66,70,72,73,78,79,80,86,100,120,140,160,165,180,208,211,219,301,302,304,305,306,307,308,311,335,337,341,349,353,356,357,381,413,457,462,474,477,481,492,635,684,695,821,898,912,961,968,969,970,1019,1087,1094,1095,1098,1125,1137,1211,1407,1440,1444,1445,1446,1448,1452,1455,1457,1481,1484,1489,1507,1514,1518,1644,1662,1664,1666,1671,1674,1679,1822,1825,1882,1887,1892,1893,1899,1947,1957",0.78
omics_standard,development,100,2000,10,0.005,0.7,0.5,1.0,ElasticNet,1,0.098,1.0,0.1786,0.098,0.9872,102,0.949,,0.136,0.0903,"0,20,26,40,60,80,100,103,104,105,107,120,126,130,140,143,146,148,149,151,152,153,156,157,158,160,180,189,193,198,291,364,429,435,458,471,475,476,619,763,765,766,769,770,774,780,791,793,798,957,1001,1005,1082,1089,1099,1104,1108,1114,1119,1144,1168,1173,1179,1237,1372,1387,1391,1445,1446,1447,1451,1526,1529,1534,1709,1712,1714,1715,1722,1724,1726,1727,1728,1730,1736,1739,1748,1781,1783,1787,1793,1794,1796,1820,1822,1826,1827,1887,1896,1898,1935,1970",0.84
omics_standard,development,100,2000,10,0.005,0.7,0.5,1.0,ElasticNet,2,0.1,1.0,0.1818,0.1,1.0,100,0.95,,0.1329,0.0903,"0,20,40,53,58,60,80,100,120,123,125,130,131,132,138,139,140,160,180,192,211,214,404,415,416,526,541,545,547,548,550,553,554,556,558,562,565,578,641,647,653,655,658,668,678,704,705,806,879,966,968,979,1002,1015,1028,1035,1162,1164,1166,1170,1173,1228,1250,1257,1360,1363,1365,1372,1376,1377,1412,1431,1460,1500,1509,1516,1518,1621,1622,1623,1626,1627,1634,1636,1680,1686,1691,1698,1708,1897,1900,1902,1906,1908,1912,1913,1915,1918,1919,1931",0.83
omics_standard,development,100,2000,10,0.005,0.7,0.5,1.0,RFECV,0,0.45,0.9,0.6,0.4286,1.0,20,0.99,,0.2773,0.5118,"0,4,20,23,24,25,26,29,30,40,43,60,88,89,100,120,140,160,180,961",5.7
omics_standard,development,100,2000,10,0.005,0.7,0.5,1.0,RFECV,1,0.4,0.8,0.5333,0.3636,0.9808,20,0.99,,0.2204,0.5118,"0,9,20,23,24,25,26,27,28,40,80,88,89,100,140,160,180,194,288,1728",5.92
omics_standard,development,100,2000,10,0.005,0.7,0.5,1.0,RFECV,2,0.35,0.7,0.4667,0.3043,1.0,20,0.99,,0.1753,0.5118,"0,18,20,25,26,27,28,60,80,100,160,161,180,214,491,647,1227,1259,1686,1793",5.76
omics_standard,development,100,2000,10,0.005,0.7,0.5,1.0,RF_Importance,0,0.0227,1.0,0.0443,0.0227,1.0,441,0.7795,,0.1002,0.0111,"0,1,4,12,14,15,20,28,32,33,35,39,40,43,48,50,53,54,59,60,61,66,70,71,80,81,82,85,94,100,112,113,116,120,125,128,131,132,135,140,146,152,153,155,160,161,180,185,188,203,208,211,213,216,218,219,222,228,235,237,240,245,254,257,258,261,262,264,267,268,269,272,275,278,279,286,287,288,289,290,291,301,306,308,311,320,321,328,330,331,340,343,353,357,359,361,366,375,383,386,387,401,402,411,412,413,423,427,435,436,439,442,455,461,466,470,471,472,477,484,488,525,540,541,548,549,557,560,561,574,578,579,588,591,594,596,603,608,610,612,620,627,636,638,641,646,651,652,654,656,657,659,660,664,667,669,675,681,682,688,692,700,701,704,711,712,716,717,739,742,747,749,750,752,765,766,772,773,775,778,780,782,783,798,810,816,826,827,828,833,835,841,847,850,859,872,875,883,884,886,898,901,903,912,915,916,919,922,930,933,934,937,938,940,943,944,949,950,952,968,970,971,976,978,979,980,989,990,1004,1005,1008,1014,1019,1025,1027,1038,1041,1044,1047,1052,1058,1061,1062,1063,1074,1080,1086,1094,1095,1098,1114,1115,1120,1121,1125,1133,1139,1148,1161,1162,1166,1172,1179,1183,1184,1190,1191,1194,1195,1196,1197,1198,1203,1215,1219,1234,1237,1246,1250,1260,1261,1270,1278,1302,1320,1322,1332,1340,1345,1347,1350,1352,1353,1360,1367,1369,1381,1383,1387,1390,1394,1398,1407,1412,1413,1415,1422,1428,1430,1434,1439,1440,1444,1445,1448,1449,1450,1455,1457,1464,1466,1467,1470,1473,1475,1483,1485,1495,1499,1507,1509,1515,1518,1521,1525,1526,1532,1534,1535,1538,1546,1552,1554,1564,1569,1576,1578,1579,1583,1585,1590,1601,1603,1606,1607,1627,1629,1632,1633,1638,1640,1644,1655,1667,1669,1673,1678,1686,1687,1689,1693,1694,1700,1702,1704,1706,1707,1710,1711,1712,1713,1715,1733,1735,1740,1745,1748,1758,1759,1762,1766,1774,1776,1782,1783,1786,1792,1807,1809,1815,1817,1820,1821,1823,1824,1825,1827,1828,1829,1830,1831,1836,1845,1861,1863,1866,1869,1876,1887,1892,1893,1896,1897,1902,1905,1906,1912,1914,1917,1922,1927,1937,1947,1956,1963,1966,1972,1977,1978,1987,1992",0.18
omics_standard,development,100,2000,10,0.005,0.7,0.5,1.0,RF_Importance,1,0.0234,1.0,0.0457,0.0234,0.9872,428,0.786,,0.0998,0.0111,"0,1,5,7,10,11,12,18,20,32,37,38,39,40,41,43,45,55,60,64,65,67,70,80,81,96,100,102,103,106,111,113,115,120,122,128,130,136,140,143,144,148,150,151,152,153,154,157,158,159,160,163,165,177,180,183,189,193,194,199,200,204,205,211,213,214,219,229,231,238,245,258,264,267,280,289,290,291,292,299,308,311,318,322,333,339,353,362,371,374,383,389,390,395,396,401,405,414,416,422,428,434,438,442,444,449,452,454,459,469,470,471,475,476,479,487,489,496,500,502,504,507,516,519,523,526,528,534,535,545,560,564,570,576,595,613,627,640,643,648,651,653,654,655,657,659,661,667,675,689,690,691,695,699,708,713,721,723,733,739,743,744,746,749,759,761,762,764,765,769,772,774,779,793,798,805,815,817,819,821,823,831,833,835,840,851,852,857,861,867,871,874,880,881,895,897,904,905,906,918,924,931,937,941,953,955,972,979,984,993,1001,1010,1013,1014,1018,1019,1028,1030,1032,1033,1044,1045,1054,1055,1058,1065,1066,1072,1076,1077,1078,1080,1082,1087,1096,1103,1104,1105,1108,1110,1112,1117,1118,1119,1127,1132,1135,1138,1140,1143,1144,1158,1167,1172,1174,1175,1182,1185,1193,1198,1205,1206,1223,1230,1232,1237,1240,1266,1270,1277,1283,1285,1289,1298,1300,1301,1302,1306,1308,1316,1318,1328,1330,1333,1334,1343,1350,1365,1366,1367,1370,1371,1387,1391,1396,1398,1408,1422,1425,1435,1441,1445,1446,1447,1453,1457,1459,1462,1471,1481,1482,1490,1492,1494,1510,1511,1514,1517,1521,1541,1545,1549,1550,1556,1558,1559,1560,1562,1563,1566,1570,1573,1574,1577,1587,1591,1603,1605,1606,1607,1608,1610,1612,1615,1618,1621,1625,1632,1633,1634,1650,1657,1664,1668,1670,1679,1685,1689,1690,1694,1695,1700,1701,1710,1711,1714,1717,1720,1723,1725,1726,1734,1739,1740,1743,1746,1764,1765,1767,1770,1776,1778,1780,1785,1787,1788,1792,1798,1801,1815,1820,1823,1825,1827,1828,1830,1834,1846,1848,1850,1853,1854,1868,1883,1890,1891,1894,1911,1912,1917,1924,1934,1941,1943,1949,1954,1955,1956,1957,1962,1963,1969,1991,1992,1993,1994,1996,1998",0.19
omics_standard,development,100,2000,10,0.005,0.7,0.5,1.0,RF_Importance,2,0.0236,1.0,0.0461,0.0236,1.0,424,0.788,,0.1005,0.0111,"0,18,20,22,32,40,42,57,59,60,67,79,80,82,100,110,118,120,126,128,130,137,139,140,143,149,155,160,161,162,164,166,167,179,180,181,206,207,208,209,211,218,223,228,243,246,247,248,263,270,272,276,277,278,283,287,296,302,310,311,312,316,320,324,338,340,348,350,354,358,361,374,380,392,396,400,402,403,408,416,420,422,424,427,428,432,435,440,441,443,444,447,448,451,452,453,456,458,468,475,482,485,488,506,507,508,513,517,531,541,545,548,549,550,554,556,560,564,566,569,574,577,587,589,593,598,613,614,625,630,632,634,639,641,644,645,647,651,653,654,668,669,671,673,675,676,679,689,690,692,693,707,711,712,714,725,730,732,741,745,756,767,780,784,806,809,825,830,837,840,841,844,852,854,858,867,869,870,871,877,878,879,880,882,883,885,888,892,895,896,904,911,919,920,933,936,940,947,950,952,964,966,976,978,980,985,987,994,1002,1005,1007,1008,1009,1011,1014,1015,1021,1027,1028,1030,1033,1035,1037,1040,1043,1050,1060,1062,1064,1071,1078,1080,1083,1088,1094,1096,1097,1101,1104,1111,1117,1121,1127,1130,1137,1139,1140,1141,1144,1146,1148,1149,1153,1154,1158,1159,1166,1170,1171,1173,1175,1177,1179,1184,1186,1191,1197,1206,1213,1214,1218,1222,1223,1229,1231,1234,1235,1237,1238,1254,1260,1263,1274,1280,1284,1286,1287,1303,1311,1315,1320,1324,1328,1331,1333,1336,1343,1348,1353,1359,1365,1377,1382,1386,1391,1397,1399,1401,1405,1412,1419,1420,1423,1434,1445,1447,1456,1474,1477,1497,1499,1514,1515,1517,1526,1535,1537,1538,1541,1543,1552,1557,1563,1564,1567,1568,1580,1581,1583,1584,1589,1590,1591,1592,1605,1613,1615,1623,1630,1634,1636,1642,1647,1648,1650,1671,1684,1685,1688,1696,1703,1707,1722,1724,1726,1739,1742,1743,1744,1748,1750,1755,1757,1760,1762,1763,1772,1782,1784,1786,1787,1798,1803,1805,1812,1818,1827,1833,1838,1840,1841,1847,1848,1850,1858,1863,1874,1877,1880,1889,1894,1897,1901,1902,1903,1906,1908,1909,1910,1916,1918,1919,1920,1927,1929,1952,1954,1962,1972,1973,1974,1977,1978,1998",0.18
omics_standard,development,100,2000,10,0.005,0.7,0.5,1.0,PermImportance,0,1.0,0.1,0.1818,0.1,0.8365,1,0.9995,,0.0,-0.0005,100,15.24
omics_standard,development,100,2000,10,0.005,0.7,0.5,1.0,PermImportance,1,1.0,0.1,0.1818,0.1,0.8942,1,0.9995,,0.0,-0.0005,180,14.63
omics_standard,development,100,2000,10,0.005,0.7,0.5,1.0,PermImportance,2,0.0,0.0,0.0,0.0,,0,1.0,,0.0,-0.0005,,14.76
omics_standard,development,100,2000,10,0.005,0.7,0.5,1.0,SHAP,0,0.75,0.9,0.8182,0.6923,1.0,12,0.994,,0.3653,0.4766,"0,4,20,40,43,60,100,120,140,160,180,961",0.22
omics_standard,development,100,2000,10,0.005,0.7,0.5,1.0,SHAP,1,0.6667,0.8,0.7273,0.5714,0.9808,12,0.994,,0.2704,0.4766,"0,9,20,40,80,100,140,160,180,194,288,1728",0.22
omics_standard,development,100,2000,10,0.005,0.7,0.5,1.0,SHAP,2,0.4375,0.7,0.5385,0.3684,1.0,16,0.992,,0.1835,0.4766,"0,18,20,60,80,100,160,161,180,214,491,647,1227,1259,1686,1793",0.22
omics_standard,development,100,2000,10,0.005,0.7,0.5,1.0,SO_S1->2,0,1.0,0.7,0.8235,0.7,1.0,7,0.9965,,0.5363,0.6986,"0,20,40,100,140,160,180",40.62
omics_standard,development,100,2000,10,0.005,0.7,0.5,1.0,SelectOmics,0,1.0,0.7,0.8235,0.7,1.0,7,0.9965,step3,0.5363,0.6986,"0,20,40,100,140,160,180",42.27
omics_standard,development,100,2000,10,0.005,0.7,0.5,1.0,SO_S1->2,1,1.0,0.7,0.8235,0.7,0.9872,7,0.9965,,0.4848,0.6986,"0,20,40,80,120,160,180",50.31
omics_standard,development,100,2000,10,0.005,0.7,0.5,1.0,SelectOmics,1,1.0,0.7,0.8235,0.7,0.9872,7,0.9965,step3,0.4848,0.6986,"0,20,40,80,120,160,180",48.88
omics_standard,development,100,2000,10,0.005,0.7,0.5,1.0,SO_S1->2,2,1.0,0.6,0.75,0.6,1.0,6,0.997,,0.5579,0.6986,"20,40,60,80,160,180",54.4
omics_standard,development,100,2000,10,0.005,0.7,0.5,1.0,SelectOmics,2,1.0,0.6,0.75,0.6,1.0,6,0.997,step3,0.5579,0.6986,"20,40,60,80,160,180",53.55
omics_tiny_n,development,50,500,10,0.02,0.7,0.5,1.2,VarCorr_Baseline,0,0.0363,0.9,0.0698,0.0361,0.8333,248,0.504,,0.1556,-0.016,"0,2,3,4,5,6,7,8,10,12,13,15,16,17,18,20,26,38,40,44,45,46,47,49,50,51,52,54,55,59,60,62,65,67,68,69,70,71,72,73,74,75,78,79,82,83,86,87,89,92,100,106,109,112,113,115,120,123,125,126,129,130,133,134,136,138,140,141,149,151,152,153,154,156,157,160,161,162,163,164,165,166,167,170,172,173,174,175,177,179,180,182,185,186,187,189,192,195,196,197,200,203,204,205,206,208,210,211,212,213,214,216,217,218,219,221,223,225,226,227,228,230,231,233,237,238,239,244,248,250,251,252,253,257,260,264,267,268,272,277,278,279,282,283,285,286,288,295,296,297,298,299,302,304,306,310,311,312,313,314,317,318,320,321,323,324,326,329,333,334,335,336,338,341,344,346,347,351,353,358,361,362,363,365,366,367,368,369,370,371,372,373,374,375,378,384,385,386,387,391,393,401,402,406,414,417,418,420,421,424,427,428,429,432,433,434,437,441,442,445,446,449,450,452,453,454,457,459,463,465,466,467,469,471,472,473,475,479,480,483,486,487,488,490,493,494,498,499",0.03
omics_tiny_n,development,50,500,10,0.02,0.7,0.5,1.2,VarCorr_Baseline,1,0.036,0.9,0.0692,0.0359,0.9762,250,0.5,,0.153,-0.016,"0,2,5,12,13,14,16,17,20,21,22,23,25,28,29,30,31,32,33,37,39,40,42,45,47,49,51,55,57,58,60,62,65,68,70,71,73,77,78,79,80,82,86,87,93,98,104,106,113,117,120,121,124,127,129,132,133,134,138,140,141,142,143,145,149,150,151,153,155,156,160,161,163,164,165,166,170,173,174,176,177,179,180,181,182,184,185,186,187,189,190,193,194,195,196,197,200,202,204,205,207,208,211,213,218,221,222,225,231,234,235,238,242,243,244,245,247,251,255,257,260,262,263,265,268,269,271,272,274,278,279,280,281,282,283,284,285,286,288,289,290,293,294,297,298,299,300,301,302,307,310,311,312,314,315,317,318,319,321,323,327,328,329,330,334,335,340,342,345,348,352,353,357,359,360,364,365,366,368,383,384,385,387,388,392,394,395,397,398,399,400,401,402,403,404,405,406,407,409,410,411,412,413,414,415,416,417,418,419,420,421,422,425,426,427,430,432,434,435,436,438,440,441,442,445,446,447,449,450,451,453,454,458,459,460,461,464,465,467,470,476,477,479,483,485,489,492,493,495,496",0.03
omics_tiny_n,development,50,500,10,0.02,0.7,0.5,1.2,VarCorr_Baseline,2,0.036,0.9,0.0692,0.0359,1.0,250,0.5,,0.1594,-0.016,"0,3,5,6,7,8,11,12,14,15,16,17,18,20,22,23,24,25,26,27,28,29,30,31,32,33,34,35,36,37,38,39,40,47,48,52,53,54,56,67,69,70,72,74,76,80,81,83,84,85,86,88,89,91,93,94,95,99,100,102,103,106,107,111,112,114,116,118,120,122,126,130,131,134,135,136,137,138,140,142,145,146,148,150,153,154,155,156,158,160,162,164,165,166,168,169,174,177,178,180,182,183,184,187,189,190,191,192,195,196,198,199,200,212,216,217,219,224,229,230,232,237,240,242,243,246,247,249,250,251,254,255,256,259,260,263,270,271,274,276,277,278,281,282,283,292,297,299,300,302,303,306,307,310,312,314,316,317,318,319,321,326,331,337,340,341,342,346,347,349,351,352,353,358,368,369,376,378,379,381,383,385,387,390,391,392,394,395,396,398,402,404,405,407,408,409,411,412,413,416,417,419,423,425,427,430,432,435,436,438,440,441,442,443,444,446,447,449,450,451,453,456,457,458,461,462,467,468,469,472,474,475,476,478,480,481,482,483,484,485,486,487,489,490,491,492,493,496,498,499",0.03
omics_tiny_n,development,50,500,10,0.02,0.7,0.5,1.2,LASSO,0,1.0,0.6,0.75,0.6,0.8333,6,0.988,,0.6207,0.6944,"0,20,60,80,120,160",0.22
omics_tiny_n,development,50,500,10,0.02,0.7,0.5,1.2,LASSO,1,1.0,0.6,0.75,0.6,0.9524,6,0.988,,0.653,0.6944,"0,20,40,80,120,140",0.17
omics_tiny_n,development,50,500,10,0.02,0.7,0.5,1.2,LASSO,2,1.0,0.8,0.8889,0.8,1.0,8,0.984,,0.583,0.6944,"0,20,80,100,120,140,160,180",0.16
omics_tiny_n,development,50,500,10,0.02,0.7,0.5,1.2,ElasticNet,0,0.5556,1.0,0.7143,0.5556,0.8333,18,0.964,,0.3477,0.5621,"0,3,16,20,40,60,80,100,120,140,160,180,197,215,344,347,353,442",0.18
omics_tiny_n,development,50,500,10,0.02,0.7,0.5,1.2,ElasticNet,1,0.5556,1.0,0.7143,0.5556,0.9762,18,0.964,,0.3669,0.5621,"0,20,40,46,58,60,80,100,105,117,120,140,160,180,404,415,419,424",0.19
omics_tiny_n,development,50,500,10,0.02,0.7,0.5,1.2,ElasticNet,2,0.625,1.0,0.7692,0.625,1.0,16,0.968,,0.3404,0.5621,"0,20,40,60,80,82,89,100,120,140,156,160,180,318,469,478",0.18
omics_tiny_n,development,50,500,10,0.02,0.7,0.5,1.2,RFECV,0,0.4,0.2,0.2667,0.1538,0.8333,5,0.99,,0.2829,0.1919,"20,21,30,160,499",1.68
omics_tiny_n,development,50,500,10,0.02,0.7,0.5,1.2,RFECV,1,1.0,0.5,0.6667,0.5,0.9762,5,0.99,,0.6822,0.1919,"20,40,80,120,180",1.66
omics_tiny_n,development,50,500,10,0.02,0.7,0.5,1.2,RFECV,2,0.8,0.4,0.5333,0.3636,1.0,5,0.99,,0.4426,0.1919,"0,7,80,120,140",1.69
omics_tiny_n,development,50,500,10,0.02,0.7,0.5,1.2,RF_Importance,0,0.0926,1.0,0.1695,0.0926,0.8333,108,0.784,,0.1583,0.0458,"0,12,20,33,40,48,51,60,74,79,80,81,84,89,100,111,114,120,121,123,128,130,134,139,140,145,148,149,150,160,161,163,173,180,181,185,188,191,194,195,197,198,208,211,212,214,219,228,229,231,235,246,250,261,275,276,277,278,279,280,287,292,294,297,298,317,319,322,323,326,328,341,345,346,347,348,357,358,359,369,373,374,375,376,377,378,390,392,398,404,410,413,414,415,416,434,442,443,448,450,454,466,469,480,483,489,494,497",0.1
omics_tiny_n,development,50,500,10,0.02,0.7,0.5,1.2,RF_Importance,1,0.0847,1.0,0.1562,0.0847,0.9762,118,0.764,,0.1578,0.0458,"0,3,9,14,20,23,25,36,38,39,40,42,50,53,55,58,60,65,74,80,84,93,98,100,102,103,105,107,111,113,114,115,116,117,120,127,130,136,139,140,142,144,152,154,160,163,167,175,176,180,183,186,196,200,203,206,209,214,222,226,227,228,229,237,241,249,252,258,259,260,262,267,271,285,297,305,313,317,323,328,339,340,353,354,356,357,375,377,380,382,384,385,393,404,412,415,416,419,420,422,424,429,431,433,440,442,446,449,451,453,457,463,465,471,489,495,496,499",0.09
omics_tiny_n,development,50,500,10,0.02,0.7,0.5,1.2,RF_Importance,2,0.0781,1.0,0.1449,0.0781,1.0,128,0.744,,0.1625,0.0458,"0,2,3,4,6,7,8,13,14,20,25,30,33,34,36,40,46,54,60,66,68,80,86,89,90,94,96,98,100,102,110,113,115,117,119,120,122,125,126,129,130,132,136,138,140,143,146,151,153,158,160,169,171,174,180,203,205,215,222,230,231,233,235,238,239,243,248,250,251,257,265,266,273,274,275,281,286,289,290,291,296,299,302,303,306,307,310,313,317,318,323,324,326,330,340,345,346,358,365,373,376,384,385,386,389,393,399,402,417,418,419,430,433,436,440,444,445,446,453,455,456,461,478,480,484,485,489,497",0.1
omics_tiny_n,development,50,500,10,0.02,0.7,0.5,1.2,PermImportance,0,1.0,0.1,0.1818,0.1,0.8333,1,0.998,,0.0,-0.002,160,2.7
omics_tiny_n,development,50,500,10,0.02,0.7,0.5,1.2,PermImportance,1,1.0,0.1,0.1818,0.1,0.8214,1,0.998,,0.0,-0.002,120,2.76
omics_tiny_n,development,50,500,10,0.02,0.7,0.5,1.2,PermImportance,2,1.0,0.1,0.1818,0.1,0.9167,1,0.998,,0.0,-0.002,0,2.8
omics_tiny_n,development,50,500,10,0.02,0.7,0.5,1.2,SHAP,0,1.0,0.1,0.1818,0.1,0.8333,1,0.998,,0.0,0.2021,160,0.05
omics_tiny_n,development,50,500,10,0.02,0.7,0.5,1.2,SHAP,1,1.0,0.5,0.6667,0.5,0.9762,5,0.99,,0.6822,0.2021,"20,40,80,120,180",0.05
omics_tiny_n,development,50,500,10,0.02,0.7,0.5,1.2,SHAP,2,0.6667,0.6,0.6316,0.4615,1.0,9,0.982,,0.3107,0.2021,"0,7,20,80,120,140,160,359,473",0.06
omics_tiny_n,development,50,500,10,0.02,0.7,0.5,1.2,SO_S1->2,0,1.0,0.6,0.75,0.6,0.8333,6,0.988,,0.6421,0.464,"0,20,80,120,140,160",6.79
omics_tiny_n,development,50,500,10,0.02,0.7,0.5,1.2,SelectOmics,0,1.0,0.6,0.75,0.6,0.8333,6,0.988,step3,0.6421,0.464,"0,20,80,120,140,160",6.52
omics_tiny_n,development,50,500,10,0.02,0.7,0.5,1.2,SO_S1_only,0,0.073,1.0,0.1361,0.073,0.8333,137,0.726,,0.16,0.034,"0,1,11,13,14,15,20,28,32,33,34,36,37,40,42,55,60,65,73,80,81,85,90,91,93,95,98,100,101,102,104,107,109,114,115,119,120,133,136,138,140,141,145,148,150,160,163,165,166,167,168,169,171,172,177,178,179,180,184,187,190,192,197,200,215,222,223,225,228,240,241,249,261,263,264,269,270,271,272,273,275,278,279,282,284,286,288,294,295,299,300,313,316,317,322,328,333,341,343,344,347,352,354,355,356,357,359,372,379,381,382,383,387,402,403,404,406,411,421,427,429,436,438,441,443,444,445,461,464,465,466,468,475,476,481,485,498",6.31
omics_tiny_n,development,50,500,10,0.02,0.7,0.5,1.2,SO_S2_only,0,1.0,0.5,0.6667,0.5,0.8333,5,0.99,,0.6326,0.596,"0,80,120,140,160",2.68
omics_tiny_n,development,50,500,10,0.02,0.7,0.5,1.2,SO_S3_only,0,0.0667,0.1,0.08,0.0417,1.0,15,0.97,,0.641,0.1982,"80,81,82,83,84,85,86,87,88,89,90,91,92,93,94",266.98
omics_tiny_n,development,50,500,10,0.02,0.7,0.5,1.2,SO_S1->2,1,1.0,0.4,0.5714,0.4,0.9167,4,0.992,,0.6416,0.464,"20,80,100,120",6.96
omics_tiny_n,development,50,500,10,0.02,0.7,0.5,1.2,SelectOmics,1,1.0,0.4,0.5714,0.4,0.9167,4,0.992,step3,0.6416,0.464,"20,80,100,120",6.86
omics_tiny_n,development,50,500,10,0.02,0.7,0.5,1.2,SO_S1_only,1,0.0671,1.0,0.1258,0.0671,0.9762,149,0.702,,0.1578,0.034,"0,10,13,19,20,23,24,26,28,29,33,38,40,42,44,55,60,62,65,73,76,80,82,83,87,88,90,96,100,106,107,109,112,120,122,125,129,132,134,135,136,137,138,140,144,146,153,160,172,178,180,182,186,205,210,211,213,226,238,240,242,243,244,246,249,253,256,258,260,267,277,278,280,285,305,311,317,320,327,328,335,342,344,345,346,348,349,350,352,355,356,357,363,364,370,372,378,379,388,390,401,403,405,408,411,412,415,416,418,419,420,421,423,424,425,426,427,428,429,430,432,433,434,435,436,437,438,439,440,442,443,445,446,447,449,450,452,454,457,458,459,460,465,466,467,470,475,491,496",6.66
omics_tiny_n,development,50,500,10,0.02,0.7,0.5,1.2,SO_S2_only,1,1.0,0.5,0.6667,0.5,0.9762,5,0.99,,0.6342,0.596,"20,80,100,120,180",2.92
omics_tiny_n,development,50,500,10,0.02,0.7,0.5,1.2,SO_S3_only,1,0.5333,0.8,0.64,0.4706,0.9762,15,0.97,,0.3558,0.1982,"20,21,22,23,24,25,40,60,80,100,120,160,180,442,452",265.5
omics_tiny_n,development,50,500,10,0.02,0.7,0.5,1.2,SO_S1->2,2,1.0,0.5,0.6667,0.5,1.0,5,0.99,,0.5719,0.464,"0,40,60,80,100",6.81
omics_tiny_n,development,50,500,10,0.02,0.7,0.5,1.2,SelectOmics,2,1.0,0.5,0.6667,0.5,1.0,5,0.99,step3,0.5719,0.464,"0,40,60,80,100",6.97
omics_tiny_n,development,50,500,10,0.02,0.7,0.5,1.2,SO_S1_only,2,0.0813,1.0,0.1504,0.0813,1.0,123,0.754,,0.154,0.034,"0,1,4,19,20,21,40,52,55,59,60,63,65,70,74,80,82,84,86,87,93,100,106,110,118,120,123,140,141,143,146,149,156,157,160,164,177,180,183,185,188,190,192,194,198,199,207,210,218,228,232,239,240,243,253,257,261,269,275,286,290,293,295,299,306,307,308,309,310,313,320,321,323,327,329,330,337,338,339,346,353,362,364,365,368,369,371,372,376,379,383,389,390,391,396,397,402,404,412,415,417,418,420,428,435,445,446,452,456,460,463,467,469,470,471,472,473,474,476,477,478,488,499",6.58
omics_tiny_n,development,50,500,10,0.02,0.7,0.5,1.2,SO_S2_only,2,1.0,0.5,0.6667,0.5,1.0,5,0.99,,0.6,0.596,"80,100,120,160,180",2.86
omics_tiny_n,development,50,500,10,0.02,0.7,0.5,1.2,SO_S3_only,2,0.6667,1.0,0.8,0.6667,1.0,15,0.97,,0.3371,0.1982,"0,1,7,20,40,60,80,100,120,121,140,160,180,183,392",288.63
omics_high_dim,development,100,5000,5,0.001,0.8,0.5,1.0,VarCorr_Baseline,0,0.002,1.0,0.004,0.002,0.9936,2485,0.503,,0.0958,-0.0072,"0,12,20,21,34,36,40,42,43,44,48,52,53,56,57,59,60,61,62,63,64,66,67,68,69,70,71,72,73,74,75,76,77,78,80,84,85,86,91,93,94,99,100,101,102,103,105,108,110,114,115,116,118,120,121,122,124,125,126,131,132,133,135,136,137,139,140,141,142,143,144,147,148,149,153,154,155,156,157,159,166,168,169,175,181,187,188,190,191,192,194,196,197,200,201,207,209,211,214,215,216,217,219,221,222,227,229,234,236,237,238,241,242,247,248,250,253,254,257,266,273,274,275,281,282,283,284,285,290,291,292,293,295,297,298,299,300,301,306,310,315,320,322,323,325,326,328,329,330,331,332,333,334,336,337,338,339,345,352,355,361,362,363,366,367,368,371,372,373,374,375,379,381,385,393,400,401,403,404,406,407,408,409,410,412,414,416,417,418,419,422,433,435,440,441,442,443,444,446,447,448,450,451,452,454,456,458,459,461,462,463,464,465,466,467,468,469,470,471,472,476,477,478,479,480,481,484,485,486,489,490,491,492,493,494,496,501,502,504,506,508,509,511,512,513,514,515,516,517,519,520,521,522,525,526,527,529,532,533,536,537,538,539,544,546,548,554,556,560,561,564,567,570,573,574,575,576,577,579,582,583,589,594,597,603,605,606,607,608,612,618,627,628,630,632,634,635,637,643,644,645,648,649,651,653,654,656,660,663,664,666,669,671,672,674,675,676,677,678,681,682,684,685,686,687,688,689,690,692,693,696,697,698,699,700,704,708,709,714,718,719,720,722,723,724,725,726,727,728,729,730,731,732,733,735,736,737,738,739,740,741,742,743,744,747,748,751,752,753,754,756,757,758,759,767,769,770,780,781,782,783,784,785,786,787,788,789,790,791,792,793,794,795,798,799,802,803,804,806,807,808,809,810,811,812,814,815,817,818,821,823,824,826,827,829,830,831,833,834,835,836,837,838,840,841,842,844,845,846,847,849,850,851,854,857,858,860,862,876,884,886,889,891,892,897,900,901,904,911,924,927,936,942,946,968,977,980,983,985,987,989,992,996,997,998,999,1005,1010,1011,1012,1013,1015,1019,1023,1026,1036,1037,1041,1042,1044,1045,1047,1049,1051,1054,1055,1056,1058,1059,1060,1061,1063,1064,1065,1066,1067,1068,1069,1070,1072,1073,1074,1075,1076,1077,1078,1079,1080,1081,1082,1087,1091,1092,1093,1094,1096,1097,1099,1100,1101,1102,1103,1104,1105,1106,1107,1108,1109,1111,1112,1115,1116,1118,1121,1124,1128,1133,1139,1140,1142,1143,1144,1145,1146,1147,1149,1150,1151,1152,1153,1154,1155,1157,1158,1159,1160,1161,1162,1163,1165,1166,1167,1168,1169,1170,1171,1172,1173,1174,1175,1176,1177,1178,1183,1201,1202,1203,1204,1205,1206,1207,1208,1209,1210,1211,1213,1215,1216,1217,1222,1224,1225,1228,1229,1231,1232,1233,1236,1240,1242,1243,1244,1246,1247,1249,1250,1251,1253,1255,1257,1258,1259,1261,1262,1263,1266,1267,1270,1271,1272,1273,1276,1277,1278,1279,1283,1284,1285,1287,1288,1292,1293,1295,1297,1298,1299,1300,1301,1303,1304,1305,1308,1311,1312,1313,1314,1315,1316,1318,1319,1324,1325,1330,1332,1341,1342,1343,1344,1345,1348,1350,1351,1352,1353,1354,1355,1356,1358,1364,1366,1368,1370,1371,1375,1376,1377,1383,1385,1386,1387,1388,1389,1392,1394,1395,1398,1399,1403,1411,1413,1416,1420,1421,1425,1426,1427,1428,1429,1431,1432,1433,1435,1436,1440,1441,1442,1443,1444,1445,1446,1447,1448,1449,1450,1451,1452,1453,1454,1455,1456,1457,1458,1459,1460,1462,1463,1465,1466,1467,1468,1472,1473,1475,1476,1478,1479,1480,1481,1482,1483,1484,1485,1486,1487,1488,1489,1490,1491,1493,1494,1495,1496,1497,1498,1499,1501,1502,1503,1505,1507,1508,1510,1511,1513,1514,1515,1516,1517,1520,1522,1523,1524,1526,1527,1528,1529,1531,1533,1537,1538,1539,1540,1543,1545,1547,1550,1551,1553,1556,1561,1562,1563,1564,1566,1567,1574,1576,1577,1578,1579,1580,1582,1583,1585,1587,1588,1589,1590,1591,1593,1597,1598,1599,1600,1602,1604,1610,1613,1615,1628,1633,1634,1640,1647,1649,1650,1653,1654,1655,1656,1657,1659,1660,1661,1662,1663,1664,1667,1669,1670,1672,1673,1674,1675,1676,1677,1678,1679,1683,1685,1686,1687,1688,1692,1693,1695,1697,1698,1699,1702,1704,1705,1706,1713,1716,1718,1719,1722,1728,1731,1733,1741,1743,1744,1745,1746,1747,1749,1751,1752,1754,1755,1756,1757,1759,1760,1761,1763,1764,1765,1766,1768,1769,1772,1773,1775,1776,1777,1779,1782,1785,1790,1791,1793,1795,1798,1801,1802,1803,1804,1806,1807,1808,1809,1810,1813,1815,1817,1818,1822,1824,1825,1826,1827,1828,1829,1830,1831,1833,1835,1836,1837,1838,1839,1844,1845,1846,1849,1850,1851,1852,1872,1876,1888,1898,1900,1901,1902,1903,1904,1907,1908,1912,1915,1916,1917,1918,1920,1922,1925,1926,1928,1929,1930,1932,1933,1936,1939,1940,1941,1942,1948,1949,1951,1952,1953,1954,1956,1959,1973,1976,1977,1987,1995,2000,2006,2009,2010,2011,2015,2016,2017,2018,2019,2020,2021,2022,2023,2024,2025,2026,2027,2029,2031,2032,2033,2034,2036,2037,2038,2040,2041,2042,2046,2047,2048,2051,2052,2054,2056,2060,2062,2064,2072,2073,2075,2081,2082,2083,2084,2087,2088,2089,2090,2091,2093,2096,2097,2098,2108,2110,2112,2115,2117,2120,2121,2122,2123,2126,2127,2128,2129,2130,2131,2132,2133,2135,2137,2138,2139,2140,2141,2142,2144,2145,2146,2148,2150,2152,2153,2155,2156,2158,2161,2162,2164,2168,2172,2175,2181,2186,2187,2189,2191,2192,2196,2198,2200,2201,2202,2203,2205,2206,2207,2208,2209,2210,2213,2215,2216,2217,2218,2221,2224,2226,2228,2229,2230,2231,2233,2234,2235,2236,2237,2238,2239,2244,2252,2253,2257,2258,2259,2260,2263,2265,2266,2267,2269,2270,2274,2275,2276,2277,2278,2279,2283,2284,2286,2287,2291,2294,2298,2302,2307,2312,2314,2317,2318,2319,2322,2323,2325,2326,2328,2329,2330,2331,2332,2333,2334,2335,2337,2339,2340,2341,2343,2345,2346,2350,2351,2354,2359,2360,2361,2362,2363,2365,2366,2369,2370,2371,2373,2374,2377,2378,2379,2380,2381,2382,2385,2400,2402,2403,2404,2405,2406,2407,2410,2411,2412,2413,2414,2415,2416,2418,2419,2421,2423,2425,2427,2428,2429,2430,2431,2432,2433,2434,2435,2436,2437,2439,2440,2443,2444,2446,2447,2449,2451,2452,2453,2454,2456,2458,2461,2462,2463,2464,2466,2467,2468,2471,2473,2475,2477,2478,2479,2480,2481,2482,2483,2484,2485,2486,2487,2488,2489,2490,2491,2492,2493,2494,2497,2498,2499,2500,2501,2502,2503,2504,2505,2506,2507,2509,2510,2511,2512,2513,2514,2515,2517,2519,2521,2522,2523,2527,2528,2529,2530,2532,2534,2540,2541,2543,2544,2545,2546,2547,2548,2549,2550,2551,2552,2553,2554,2555,2556,2558,2559,2560,2561,2562,2565,2566,2567,2569,2570,2571,2572,2574,2576,2577,2578,2579,2581,2582,2583,2584,2585,2586,2588,2589,2590,2591,2593,2594,2595,2596,2597,2598,2599,2600,2601,2602,2603,2604,2605,2606,2607,2608,2610,2611,2612,2613,2614,2615,2616,2617,2618,2620,2624,2625,2630,2631,2632,2633,2634,2637,2638,2639,2660,2663,2664,2667,2673,2677,2678,2679,2680,2681,2682,2684,2685,2687,2688,2689,2690,2692,2695,2696,2697,2698,2701,2702,2705,2706,2707,2708,2709,2710,2711,2713,2714,2715,2716,2717,2718,2719,2722,2724,2725,2726,2727,2728,2733,2734,2737,2738,2739,2740,2741,2742,2743,2744,2745,2746,2747,2748,2751,2752,2755,2756,2757,2758,2759,2761,2763,2764,2765,2766,2767,2776,2778,2779,2780,2783,2784,2786,2788,2791,2795,2796,2797,2798,2799,2801,2802,2804,2805,2810,2814,2817,2819,2827,2836,2840,2841,2842,2843,2844,2845,2846,2848,2849,2851,2852,2853,2856,2857,2858,2859,2861,2862,2864,2866,2867,2869,2870,2871,2873,2876,2878,2879,2880,2884,2885,2887,2888,2889,2890,2891,2892,2894,2895,2897,2898,2899,2903,2904,2905,2907,2919,2920,2921,2922,2924,2925,2926,2929,2930,2932,2933,2936,2937,2938,2939,2952,2961,2962,2965,2966,2969,2970,2971,2972,2973,2974,2976,2977,2978,2979,2983,2984,3000,3001,3002,3003,3004,3005,3007,3008,3009,3010,3011,3012,3013,3014,3017,3018,3019,3022,3023,3024,3026,3028,3029,3030,3032,3034,3035,3038,3041,3043,3047,3049,3051,3055,3061,3062,3064,3065,3066,3067,3068,3069,3070,3072,3074,3075,3076,3077,3082,3083,3084,3085,3086,3087,3088,3089,3090,3091,3092,3094,3096,3098,3100,3101,3102,3105,3108,3110,3111,3112,3114,3115,3117,3118,3119,3122,3123,3131,3132,3133,3135,3136,3139,3140,3141,3142,3144,3145,3148,3149,3150,3152,3153,3154,3157,3158,3159,3160,3161,3163,3167,3168,3170,3172,3173,3176,3178,3181,3182,3184,3185,3189,3190,3192,3193,3196,3199,3216,3221,3222,3223,3224,3225,3226,3228,3229,3231,3232,3234,3235,3236,3237,3238,3239,3250,3261,3262,3264,3265,3269,3271,3273,3275,3277,3278,3283,3295,3298,3299,3303,3306,3310,3311,3314,3315,3317,3318,3321,3325,3329,3331,3338,3339,3341,3343,3345,3346,3347,3349,3350,3351,3353,3356,3357,3358,3362,3363,3364,3365,3366,3369,3370,3372,3373,3375,3376,3377,3378,3379,3380,3381,3382,3384,3385,3386,3388,3389,3391,3393,3396,3399,3420,3422,3426,3428,3429,3431,3432,3433,3434,3436,3437,3438,3443,3461,3463,3464,3465,3466,3467,3472,3474,3476,3477,3478,3480,3483,3484,3489,3492,3499,3500,3501,3502,3506,3507,3508,3509,3511,3512,3513,3514,3515,3517,3519,3520,3523,3529,3531,3532,3534,3537,3538,3540,3542,3543,3544,3547,3549,3550,3551,3552,3553,3554,3556,3557,3574,3575,3578,3582,3588,3589,3597,3598,3600,3601,3602,3603,3604,3606,3607,3608,3609,3610,3612,3613,3614,3615,3616,3617,3618,3619,3621,3622,3623,3625,3626,3627,3630,3634,3636,3638,3639,3671,3682,3683,3684,3685,3690,3691,3695,3696,3697,3698,3699,3707,3710,3712,3713,3714,3718,3719,3740,3741,3742,3744,3748,3750,3754,3756,3758,3759,3761,3763,3767,3768,3775,3777,3778,3780,3781,3782,3783,3784,3785,3786,3787,3788,3790,3793,3794,3795,3796,3798,3799,3800,3803,3806,3808,3810,3811,3813,3815,3816,3817,3818,3821,3822,3823,3824,3825,3829,3830,3831,3832,3833,3835,3836,3837,3838,3839,3840,3841,3842,3843,3844,3845,3846,3847,3848,3850,3851,3852,3853,3854,3855,3856,3857,3859,3860,3867,3871,3873,3874,3879,3884,3888,3892,3894,3895,3904,3905,3906,3909,3911,3913,3914,3917,3920,3921,3922,3924,3925,3927,3929,3931,3932,3933,3936,3938,3939,3942,3943,3946,3947,3948,3952,3956,3957,3980,3981,3984,3985,3987,3988,3989,3991,3992,3993,3998,4000,4001,4002,4004,4006,4008,4009,4011,4012,4013,4014,4015,4016,4017,4018,4020,4022,4023,4029,4030,4031,4032,4036,4038,4042,4043,4044,4046,4047,4048,4049,4052,4055,4056,4057,4058,4059,4065,4072,4073,4075,4076,4080,4082,4083,4086,4088,4091,4092,4097,4098,4100,4101,4102,4103,4104,4105,4106,4107,4108,4109,4110,4112,4113,4114,4116,4117,4118,4119,4121,4123,4137,4141,4142,4143,4145,4146,4148,4149,4150,4151,4152,4153,4154,4155,4156,4157,4158,4159,4160,4161,4163,4164,4166,4169,4174,4177,4180,4188,4190,4192,4198,4201,4202,4203,4204,4205,4206,4207,4208,4209,4210,4211,4212,4214,4216,4217,4218,4219,4254,4261,4270,4280,4283,4286,4287,4289,4292,4293,4296,4298,4299,4304,4307,4308,4312,4314,4315,4316,4317,4318,4319,4321,4322,4324,4325,4327,4329,4330,4332,4334,4336,4337,4339,4340,4341,4342,4343,4344,4346,4347,4348,4350,4351,4352,4355,4356,4357,4358,4359,4361,4363,4364,4366,4367,4370,4371,4372,4374,4376,4377,4378,4379,4380,4381,4382,4383,4384,4385,4386,4387,4388,4389,4390,4392,4393,4394,4395,4396,4397,4399,4407,4410,4413,4414,4416,4420,4421,4422,4424,4425,4426,4427,4428,4429,4432,4433,4434,4435,4436,4437,4438,4439,4440,4449,4454,4457,4458,4464,4471,4472,4473,4474,4475,4477,4478,4480,4481,4482,4483,4484,4485,4487,4493,4499,4503,4504,4506,4509,4511,4512,4514,4519,4520,4523,4525,4528,4530,4538,4539,4540,4542,4543,4545,4546,4547,4548,4550,4553,4555,4558,4560,4566,4567,4571,4575,4578,4581,4582,4585,4588,4590,4591,4592,4594,4596,4598,4601,4603,4605,4608,4609,4611,4612,4615,4619,4621,4622,4625,4630,4632,4633,4641,4642,4644,4646,4647,4650,4653,4654,4656,4657,4661,4662,4663,4665,4666,4667,4668,4669,4671,4672,4673,4675,4676,4678,4682,4683,4686,4687,4690,4691,4693,4696,4702,4703,4705,4706,4708,4709,4710,4711,4712,4713,4714,4715,4717,4718,4719,4721,4722,4724,4725,4726,4728,4733,4734,4735,4736,4737,4738,4740,4741,4742,4744,4746,4747,4748,4749,4750,4751,4752,4753,4754,4755,4756,4757,4758,4759,4769,4779,4785,4794,4795,4796,4800,4801,4802,4803,4804,4805,4807,4808,4809,4810,4811,4812,4814,4815,4816,4819,4820,4821,4823,4826,4828,4836,4845,4846,4848,4854,4856,4858,4868,4876,4882,4884,4885,4887,4889,4890,4891,4893,4895,4896,4897,4899,4901,4902,4904,4905,4907,4909,4913,4915,4916,4917,4918,4920,4921,4922,4923,4924,4925,4926,4928,4929,4931,4932,4933,4934,4935,4936,4937,4940,4941,4943,4944,4945,4946,4947,4950,4955,4956,4957,4958,4960,4963,4964,4965,4966,4967,4968,4969,4970,4973,4975,4976,4977,4979,4982,4983,4985,4986,4989,4990,4991,4993,4994,4996,4997,4998,4999",0.4
omics_high_dim,development,100,5000,5,0.001,0.8,0.5,1.0,VarCorr_Baseline,1,0.0016,0.8,0.0032,0.0016,0.9936,2494,0.5012,,0.0967,-0.0072,"1,7,11,17,19,20,21,22,25,26,27,28,29,31,32,33,38,39,40,41,42,43,47,48,49,50,52,53,55,58,59,60,65,73,74,75,76,80,82,83,84,85,87,88,89,90,91,93,94,96,97,98,99,101,108,112,115,116,121,122,123,124,125,128,129,130,131,135,136,137,139,163,180,181,182,183,184,185,186,187,193,195,198,199,200,202,204,205,206,207,209,210,211,214,215,217,218,240,242,245,246,249,253,254,256,259,260,261,262,265,267,268,269,272,275,276,277,278,280,281,283,287,288,290,293,294,295,296,301,306,309,310,311,312,315,316,318,319,320,322,323,324,325,326,327,328,332,334,338,339,340,341,343,345,347,348,350,355,359,365,369,370,375,377,378,383,385,386,390,391,394,395,398,399,400,401,402,403,404,406,407,410,411,412,413,414,415,416,417,418,422,425,427,429,430,434,436,437,440,441,442,443,445,450,451,455,457,458,460,462,464,465,466,467,468,469,470,471,474,475,476,477,479,480,483,485,487,492,493,500,501,502,508,509,511,512,516,517,518,519,525,527,528,530,532,538,544,545,546,547,548,550,553,556,558,559,562,563,569,572,577,580,581,582,583,586,588,589,594,595,597,598,602,603,604,607,608,609,610,612,613,614,615,616,617,618,619,621,623,624,629,630,631,633,635,637,639,643,644,645,646,647,648,650,651,653,654,656,657,658,660,670,674,682,683,684,685,686,687,689,691,692,693,694,696,697,700,701,703,704,705,706,707,709,710,711,712,713,715,716,717,718,725,727,730,732,733,735,736,738,746,747,750,755,761,766,770,772,774,775,776,777,779,780,783,784,785,786,788,790,791,792,794,795,796,797,798,799,800,812,815,817,819,820,821,823,825,826,830,831,832,833,836,840,841,842,843,846,847,848,849,850,851,852,853,854,855,856,858,859,867,871,872,876,881,896,913,923,924,927,929,930,934,936,937,944,951,959,960,961,964,965,969,970,971,972,974,976,979,983,984,985,986,987,993,995,996,997,999,1001,1004,1006,1007,1010,1011,1012,1015,1017,1020,1021,1024,1025,1033,1034,1035,1036,1038,1039,1040,1041,1043,1046,1048,1051,1055,1058,1059,1060,1061,1062,1066,1069,1074,1075,1076,1078,1080,1081,1082,1083,1086,1087,1088,1089,1092,1093,1096,1097,1098,1099,1100,1101,1103,1104,1107,1111,1113,1119,1121,1122,1123,1126,1127,1129,1131,1132,1134,1135,1136,1138,1140,1141,1143,1144,1145,1146,1148,1149,1150,1151,1152,1154,1155,1156,1157,1158,1159,1160,1162,1163,1164,1166,1168,1169,1171,1172,1174,1175,1176,1178,1180,1181,1182,1183,1185,1187,1189,1191,1192,1193,1195,1197,1199,1200,1201,1202,1203,1204,1205,1206,1210,1211,1212,1213,1214,1215,1216,1217,1218,1219,1220,1226,1227,1229,1230,1234,1235,1238,1241,1244,1247,1252,1253,1256,1257,1274,1279,1281,1282,1283,1288,1290,1294,1296,1297,1298,1307,1316,1317,1320,1322,1323,1324,1325,1326,1327,1328,1330,1331,1332,1333,1335,1336,1338,1339,1341,1343,1348,1352,1354,1356,1357,1361,1362,1366,1368,1370,1371,1372,1374,1376,1377,1378,1379,1383,1384,1390,1391,1394,1400,1401,1403,1406,1408,1410,1411,1413,1417,1418,1419,1420,1424,1426,1427,1428,1430,1431,1432,1433,1437,1438,1439,1440,1441,1443,1444,1445,1447,1448,1449,1451,1452,1453,1454,1455,1456,1457,1458,1459,1460,1465,1466,1468,1469,1471,1476,1478,1482,1484,1485,1486,1487,1489,1493,1494,1495,1496,1497,1500,1501,1502,1513,1514,1516,1517,1519,1520,1521,1522,1523,1525,1526,1527,1528,1530,1531,1532,1533,1534,1535,1536,1537,1539,1540,1545,1548,1560,1561,1562,1563,1565,1566,1567,1568,1569,1570,1571,1572,1573,1575,1576,1577,1578,1580,1582,1586,1587,1589,1590,1592,1593,1596,1598,1599,1600,1601,1602,1603,1604,1605,1608,1610,1612,1614,1615,1616,1618,1621,1624,1629,1630,1632,1633,1639,1640,1641,1642,1643,1646,1649,1652,1677,1680,1682,1683,1684,1686,1687,1689,1692,1693,1694,1695,1696,1697,1701,1702,1703,1704,1705,1706,1709,1711,1715,1716,1717,1719,1721,1722,1724,1726,1728,1733,1734,1735,1736,1739,1740,1742,1743,1744,1747,1750,1751,1754,1756,1757,1761,1762,1766,1767,1768,1769,1772,1775,1776,1777,1778,1779,1781,1784,1792,1794,1796,1797,1798,1799,1800,1802,1805,1807,1808,1809,1811,1812,1814,1816,1817,1818,1819,1822,1825,1830,1832,1833,1834,1836,1854,1867,1869,1871,1872,1873,1874,1876,1877,1880,1887,1889,1897,1900,1901,1902,1903,1904,1905,1908,1910,1911,1912,1913,1915,1916,1918,1920,1921,1922,1923,1924,1925,1926,1927,1928,1929,1930,1931,1932,1933,1934,1936,1937,1938,1939,1941,1943,1945,1946,1947,1949,1950,1952,1953,1956,1957,1958,1961,1963,1966,1968,1969,1970,1971,1972,1978,1979,1981,1986,1989,1990,1991,1994,1998,2002,2004,2016,2018,2020,2025,2029,2033,2044,2046,2048,2053,2054,2056,2060,2063,2064,2065,2066,2067,2068,2069,2070,2072,2073,2075,2077,2078,2079,2082,2083,2088,2100,2101,2103,2104,2105,2106,2107,2108,2110,2111,2112,2114,2115,2116,2117,2118,2119,2121,2122,2123,2124,2125,2127,2128,2129,2130,2131,2132,2133,2134,2135,2137,2138,2139,2142,2144,2145,2146,2147,2148,2149,2150,2152,2153,2154,2155,2156,2157,2158,2159,2163,2166,2169,2175,2178,2179,2181,2183,2184,2185,2186,2187,2188,2189,2190,2191,2192,2194,2196,2197,2198,2199,2200,2202,2204,2206,2207,2209,2210,2211,2212,2213,2216,2217,2218,2219,2240,2243,2245,2249,2251,2253,2255,2258,2261,2264,2265,2266,2267,2268,2269,2270,2271,2272,2274,2275,2277,2278,2279,2282,2283,2285,2287,2290,2291,2293,2300,2301,2303,2304,2305,2306,2308,2309,2310,2311,2312,2313,2314,2316,2317,2318,2319,2342,2343,2345,2347,2351,2352,2353,2354,2355,2356,2359,2368,2376,2378,2379,2381,2382,2391,2395,2400,2402,2403,2406,2408,2410,2412,2413,2414,2415,2417,2418,2419,2420,2429,2431,2432,2434,2437,2438,2440,2441,2442,2444,2448,2449,2450,2451,2453,2454,2455,2458,2459,2460,2461,2463,2464,2467,2468,2472,2473,2475,2477,2478,2480,2481,2482,2483,2484,2485,2487,2488,2489,2490,2491,2493,2494,2496,2498,2499,2500,2501,2503,2505,2507,2508,2511,2512,2513,2514,2515,2516,2518,2519,2522,2534,2535,2536,2540,2542,2545,2547,2549,2550,2551,2552,2554,2558,2561,2562,2563,2566,2568,2570,2571,2572,2573,2574,2576,2578,2579,2580,2582,2583,2586,2587,2588,2589,2590,2591,2592,2593,2594,2595,2596,2597,2598,2599,2602,2603,2604,2606,2609,2610,2612,2622,2623,2625,2627,2628,2630,2631,2632,2633,2639,2640,2642,2643,2644,2645,2646,2647,2648,2649,2650,2651,2652,2653,2654,2655,2656,2657,2659,2660,2661,2666,2667,2668,2669,2672,2673,2677,2678,2679,2699,2702,2704,2706,2717,2720,2721,2725,2726,2730,2732,2733,2734,2735,2737,2738,2739,2740,2741,2743,2745,2746,2747,2748,2750,2751,2752,2754,2756,2757,2765,2767,2776,2781,2784,2785,2788,2789,2790,2791,2792,2793,2794,2795,2796,2803,2808,2809,2811,2812,2813,2814,2815,2816,2819,2821,2822,2823,2824,2826,2827,2828,2830,2832,2833,2834,2838,2843,2845,2849,2852,2859,2860,2862,2863,2865,2867,2868,2869,2871,2874,2875,2876,2879,2880,2881,2882,2883,2885,2886,2888,2889,2891,2892,2896,2897,2898,2899,2900,2902,2903,2905,2909,2913,2914,2916,2917,2920,2921,2923,2925,2926,2927,2928,2929,2930,2931,2934,2936,2937,2938,2941,2943,2944,2946,2947,2948,2949,2952,2953,2955,2957,2958,2959,2960,2961,2962,2963,2965,2966,2971,2972,2974,2975,2976,2978,2979,2980,2987,2988,2989,2992,2993,2998,2999,3000,3001,3004,3005,3006,3007,3008,3009,3010,3012,3013,3014,3015,3016,3017,3018,3021,3022,3024,3025,3027,3029,3030,3032,3033,3035,3038,3039,3060,3061,3065,3067,3069,3073,3074,3076,3077,3078,3079,3083,3101,3103,3104,3105,3106,3107,3109,3110,3111,3112,3113,3114,3115,3117,3118,3119,3122,3125,3126,3127,3128,3132,3133,3134,3139,3140,3141,3143,3144,3145,3146,3147,3148,3149,3150,3151,3152,3153,3155,3157,3159,3163,3167,3171,3176,3177,3179,3181,3187,3190,3191,3194,3195,3198,3199,3202,3203,3204,3205,3206,3207,3209,3210,3211,3212,3215,3216,3217,3218,3219,3220,3221,3222,3223,3224,3225,3227,3228,3229,3230,3232,3233,3234,3236,3238,3239,3240,3241,3242,3243,3244,3245,3246,3247,3248,3249,3250,3252,3253,3254,3256,3257,3258,3259,3264,3266,3269,3272,3279,3281,3283,3284,3285,3286,3287,3288,3289,3292,3293,3294,3295,3296,3297,3299,3306,3316,3320,3321,3322,3324,3325,3326,3328,3329,3330,3332,3334,3335,3336,3337,3339,3340,3341,3342,3343,3348,3352,3354,3360,3361,3363,3365,3366,3368,3372,3373,3374,3375,3376,3377,3378,3379,3381,3383,3386,3387,3389,3394,3397,3398,3399,3400,3401,3402,3410,3416,3418,3419,3426,3431,3437,3439,3443,3453,3460,3461,3462,3463,3465,3466,3467,3468,3469,3470,3471,3472,3474,3475,3476,3479,3481,3482,3485,3487,3490,3492,3493,3494,3495,3497,3499,3500,3501,3502,3503,3505,3508,3509,3510,3511,3514,3515,3516,3517,3518,3519,3520,3521,3522,3524,3525,3527,3528,3529,3530,3532,3533,3534,3535,3537,3538,3541,3542,3543,3544,3545,3547,3548,3549,3550,3551,3553,3554,3555,3556,3558,3559,3560,3561,3562,3563,3565,3566,3567,3569,3570,3571,3578,3581,3582,3583,3584,3585,3586,3588,3590,3591,3594,3596,3598,3601,3602,3603,3604,3608,3609,3610,3611,3613,3614,3615,3616,3617,3620,3622,3623,3624,3625,3627,3628,3631,3634,3635,3637,3641,3642,3645,3648,3649,3655,3656,3657,3665,3680,3682,3683,3685,3689,3690,3692,3694,3698,3699,3702,3705,3721,3722,3724,3725,3727,3730,3731,3732,3733,3734,3735,3736,3737,3740,3742,3743,3746,3748,3751,3752,3753,3754,3758,3760,3761,3762,3763,3764,3765,3766,3767,3768,3769,3770,3771,3772,3773,3774,3776,3777,3781,3785,3787,3788,3792,3795,3796,3798,3800,3803,3804,3805,3806,3807,3808,3809,3810,3811,3812,3813,3814,3815,3817,3819,3820,3822,3824,3825,3826,3827,3829,3830,3833,3834,3835,3836,3837,3838,3839,3840,3841,3844,3845,3847,3848,3849,3850,3851,3852,3853,3854,3855,3856,3857,3858,3859,3860,3866,3870,3872,3873,3880,3881,3882,3883,3886,3887,3888,3889,3890,3892,3893,3895,3896,3897,3898,3901,3902,3904,3905,3907,3908,3910,3911,3914,3916,3917,3918,3919,3922,3927,3928,3934,3935,3938,3939,3942,3944,3946,3948,3955,3957,3958,3960,3961,3962,3963,3964,3965,3967,3968,3969,3971,3973,3974,3976,3977,3978,3979,3981,3983,3984,3987,3988,3989,3990,3991,3992,3993,3994,3995,3997,3998,4000,4002,4004,4013,4016,4019,4025,4039,4040,4041,4042,4043,4045,4046,4047,4048,4050,4051,4052,4054,4055,4056,4057,4058,4059,4064,4067,4068,4070,4073,4074,4077,4078,4081,4084,4087,4089,4091,4092,4093,4094,4095,4106,4116,4117,4118,4120,4121,4123,4124,4128,4129,4130,4131,4133,4134,4135,4137,4138,4139,4140,4141,4142,4143,4144,4146,4147,4148,4149,4150,4151,4152,4153,4154,4155,4157,4158,4160,4161,4162,4163,4164,4165,4166,4167,4168,4170,4173,4174,4176,4177,4179,4181,4182,4183,4185,4186,4187,4188,4189,4190,4191,4192,4193,4194,4195,4197,4198,4199,4201,4203,4204,4206,4207,4208,4209,4210,4212,4213,4214,4215,4216,4217,4218,4219,4220,4221,4222,4223,4224,4225,4226,4227,4228,4229,4230,4231,4232,4233,4234,4235,4236,4237,4240,4246,4247,4248,4250,4257,4260,4261,4262,4263,4264,4265,4266,4269,4270,4271,4272,4273,4274,4275,4279,4283,4285,4287,4289,4290,4291,4292,4293,4294,4296,4297,4299,4300,4301,4302,4303,4305,4306,4308,4309,4311,4313,4314,4315,4317,4318,4319,4320,4323,4324,4326,4328,4329,4330,4331,4332,4333,4336,4338,4339,4345,4347,4353,4357,4359,4362,4363,4365,4366,4369,4372,4373,4374,4375,4377,4380,4385,4386,4387,4389,4390,4392,4393,4397,4400,4401,4403,4405,4418,4421,4424,4432,4438,4463,4464,4465,4466,4468,4469,4480,4489,4491,4495,4496,4497,4498,4507,4510,4520,4521,4522,4523,4524,4525,4526,4527,4528,4529,4530,4531,4532,4534,4535,4537,4538,4539,4543,4544,4547,4548,4549,4550,4552,4553,4554,4555,4556,4558,4559,4561,4562,4564,4566,4567,4568,4570,4571,4573,4575,4576,4578,4579,4580,4585,4586,4587,4590,4591,4592,4593,4594,4595,4601,4605,4606,4607,4608,4609,4610,4611,4612,4613,4614,4615,4618,4620,4622,4623,4624,4626,4628,4629,4630,4633,4634,4635,4636,4637,4638,4639,4643,4645,4647,4651,4654,4655,4660,4665,4666,4671,4675,4678,4685,4690,4691,4692,4694,4697,4700,4701,4702,4703,4704,4705,4706,4707,4708,4710,4711,4713,4714,4715,4716,4717,4718,4719,4723,4725,4727,4728,4729,4734,4736,4737,4738,4739,4742,4743,4744,4745,4746,4747,4748,4752,4753,4755,4757,4759,4764,4766,4768,4769,4773,4778,4779,4780,4781,4784,4786,4787,4790,4792,4793,4795,4796,4797,4800,4801,4802,4803,4806,4808,4809,4811,4812,4813,4816,4817,4819,4820,4821,4823,4824,4827,4829,4830,4831,4834,4835,4836,4837,4838,4839,4841,4843,4845,4846,4847,4849,4850,4851,4852,4853,4854,4858,4860,4862,4864,4866,4867,4869,4881,4882,4883,4885,4886,4887,4888,4889,4890,4891,4892,4893,4894,4895,4896,4898,4899,4903,4905,4908,4919,4944,4945,4946,4947,4950,4954,4955,4956,4961,4962,4964,4965,4966,4967,4968,4969,4971,4972,4973,4974,4975,4976,4978,4979,4999",0.44
omics_high_dim,development,100,5000,5,0.001,0.8,0.5,1.0,VarCorr_Baseline,2,0.0012,0.6,0.0024,0.0012,1.0,2490,0.502,,0.0963,-0.0072,"0,1,2,5,6,7,8,9,10,11,12,13,15,16,18,20,21,22,29,31,32,36,40,42,43,44,45,46,48,49,51,52,53,54,55,56,57,58,59,64,65,69,71,72,75,76,77,78,81,82,88,93,94,97,104,111,112,119,124,125,127,128,130,134,135,137,141,143,146,151,153,154,158,159,163,164,167,168,173,174,179,183,184,192,196,197,200,201,202,203,204,207,209,210,214,215,217,218,219,220,221,225,226,229,230,234,235,239,242,243,244,246,247,251,255,257,258,261,265,274,275,279,280,281,284,287,288,289,290,291,292,294,295,298,299,302,304,306,308,322,328,335,336,337,338,339,343,344,346,348,353,354,357,360,361,362,364,365,366,367,368,369,371,373,374,375,376,377,379,380,381,382,383,384,386,391,393,395,396,397,398,399,400,401,402,403,404,405,407,408,409,410,411,412,414,415,416,418,440,442,444,446,449,450,451,452,454,455,457,461,462,463,465,466,467,468,469,470,473,476,477,478,482,485,489,490,496,497,500,504,506,507,508,510,513,516,518,519,520,528,534,538,539,542,545,547,548,549,550,554,555,556,558,561,562,564,565,568,569,570,571,574,575,579,581,582,584,587,589,592,593,594,596,603,604,605,606,607,609,612,613,614,616,619,624,629,632,635,640,641,642,643,644,645,646,647,648,649,650,651,653,654,655,656,657,659,660,661,662,663,664,665,666,667,668,669,670,671,672,673,674,675,677,678,680,681,682,683,684,686,687,688,689,690,692,693,695,696,697,698,700,703,705,706,714,716,718,724,730,734,735,736,738,741,742,743,744,745,746,747,748,753,754,757,759,762,772,782,783,784,787,788,790,791,798,801,802,804,805,806,807,809,810,812,813,814,815,817,818,819,822,826,829,833,834,835,841,842,844,845,846,847,850,852,853,859,861,862,863,865,868,873,875,877,878,879,880,881,882,884,885,887,890,892,896,897,900,901,902,903,905,906,908,912,913,914,915,919,922,923,924,926,930,931,933,934,935,936,937,938,939,961,963,964,966,967,968,969,970,975,976,978,979,981,982,984,987,988,990,993,994,995,997,999,1001,1003,1005,1006,1008,1009,1010,1013,1015,1016,1017,1018,1019,1020,1021,1022,1023,1024,1025,1026,1027,1029,1030,1031,1032,1033,1034,1036,1037,1038,1041,1042,1043,1045,1046,1047,1048,1049,1050,1051,1054,1055,1056,1057,1059,1062,1069,1070,1071,1072,1075,1082,1083,1084,1088,1091,1092,1093,1095,1102,1104,1105,1107,1110,1111,1112,1115,1118,1119,1122,1126,1127,1129,1134,1160,1161,1165,1172,1173,1174,1177,1179,1180,1181,1182,1183,1184,1185,1186,1187,1188,1189,1190,1191,1192,1193,1194,1195,1196,1199,1200,1204,1205,1206,1207,1209,1210,1214,1216,1217,1218,1219,1220,1221,1223,1224,1225,1227,1228,1230,1231,1232,1233,1234,1235,1236,1238,1239,1240,1241,1242,1243,1244,1245,1246,1248,1249,1250,1251,1252,1254,1255,1257,1259,1260,1262,1263,1264,1267,1270,1273,1274,1275,1276,1277,1278,1280,1282,1284,1285,1286,1288,1289,1290,1291,1293,1295,1297,1299,1306,1307,1309,1315,1323,1324,1326,1329,1331,1332,1334,1335,1336,1337,1338,1339,1341,1343,1345,1347,1353,1355,1361,1362,1363,1367,1369,1372,1375,1378,1382,1385,1386,1388,1389,1391,1392,1393,1394,1395,1396,1397,1398,1399,1400,1401,1402,1404,1405,1406,1407,1409,1412,1415,1416,1417,1418,1419,1421,1430,1431,1433,1435,1436,1440,1441,1442,1443,1444,1446,1447,1449,1450,1452,1454,1455,1457,1458,1460,1461,1462,1463,1464,1465,1466,1467,1468,1469,1470,1471,1472,1473,1474,1475,1476,1478,1479,1480,1482,1484,1485,1486,1487,1488,1489,1490,1492,1493,1494,1495,1496,1498,1500,1501,1502,1503,1504,1506,1507,1509,1511,1513,1514,1515,1516,1517,1519,1523,1524,1525,1526,1529,1530,1531,1532,1533,1534,1535,1537,1539,1550,1552,1555,1558,1559,1562,1564,1565,1566,1577,1578,1579,1580,1581,1582,1583,1584,1586,1587,1589,1590,1591,1592,1594,1595,1599,1600,1601,1602,1603,1604,1605,1606,1607,1609,1610,1612,1613,1614,1616,1617,1618,1619,1620,1621,1622,1623,1625,1626,1627,1628,1632,1634,1635,1636,1637,1641,1642,1643,1646,1648,1650,1651,1652,1654,1656,1657,1658,1659,1661,1663,1664,1665,1666,1667,1668,1669,1670,1671,1673,1674,1675,1676,1677,1678,1679,1680,1681,1692,1696,1700,1702,1703,1705,1706,1707,1708,1713,1714,1715,1716,1718,1723,1726,1728,1735,1737,1739,1747,1756,1757,1759,1760,1761,1763,1764,1765,1769,1770,1774,1775,1776,1777,1779,1783,1785,1786,1789,1790,1791,1793,1795,1797,1800,1801,1802,1804,1805,1806,1807,1809,1810,1812,1813,1815,1817,1818,1821,1822,1823,1825,1826,1827,1829,1831,1833,1837,1838,1839,1842,1849,1857,1867,1893,1904,1906,1915,1916,1921,1922,1923,1924,1925,1929,1930,1932,1933,1934,1935,1936,1937,1947,1960,1961,1962,1963,1964,1966,1973,1978,1980,1981,1982,1983,1984,1988,1989,1990,1991,1993,1994,1995,1996,1997,1998,1999,2003,2011,2012,2022,2024,2030,2031,2033,2040,2043,2045,2046,2048,2054,2056,2061,2062,2065,2068,2069,2070,2071,2074,2080,2083,2086,2087,2088,2089,2090,2092,2094,2096,2097,2098,2099,2101,2102,2103,2104,2105,2107,2108,2109,2110,2111,2112,2113,2114,2115,2117,2118,2119,2120,2121,2122,2123,2124,2128,2129,2131,2132,2133,2134,2135,2136,2139,2140,2143,2145,2147,2156,2159,2162,2163,2164,2167,2168,2171,2172,2173,2178,2180,2181,2182,2183,2184,2185,2186,2187,2188,2189,2190,2193,2194,2195,2196,2197,2205,2207,2209,2213,2218,2221,2223,2224,2225,2226,2227,2228,2229,2230,2231,2233,2234,2235,2237,2238,2239,2240,2242,2243,2244,2247,2249,2250,2251,2253,2254,2256,2258,2259,2260,2261,2262,2263,2265,2266,2267,2268,2269,2270,2271,2272,2273,2274,2275,2276,2278,2279,2280,2281,2284,2286,2287,2288,2289,2290,2291,2292,2293,2294,2296,2297,2298,2299,2301,2303,2304,2306,2308,2309,2311,2314,2315,2316,2317,2319,2320,2322,2323,2325,2326,2328,2330,2331,2332,2333,2339,2340,2342,2343,2344,2356,2358,2369,2381,2383,2386,2387,2390,2392,2393,2396,2397,2399,2401,2403,2404,2405,2406,2408,2409,2410,2411,2416,2418,2423,2424,2426,2430,2433,2435,2438,2441,2442,2445,2446,2448,2449,2453,2455,2458,2460,2462,2463,2465,2466,2467,2469,2470,2471,2472,2473,2474,2477,2478,2482,2483,2488,2489,2491,2495,2501,2511,2513,2517,2518,2520,2525,2526,2527,2528,2530,2531,2532,2534,2535,2536,2538,2539,2541,2544,2551,2552,2553,2558,2560,2561,2562,2563,2564,2566,2569,2570,2571,2572,2573,2574,2575,2577,2579,2580,2581,2584,2586,2587,2588,2589,2590,2591,2592,2593,2594,2595,2596,2597,2599,2600,2602,2603,2605,2606,2607,2608,2609,2611,2612,2614,2615,2616,2618,2619,2620,2621,2622,2623,2624,2626,2627,2628,2629,2631,2632,2633,2635,2636,2637,2638,2641,2642,2643,2644,2647,2648,2651,2656,2657,2658,2659,2660,2664,2668,2669,2670,2675,2676,2677,2680,2684,2686,2687,2688,2693,2694,2695,2696,2697,2699,2700,2701,2702,2706,2707,2708,2710,2711,2712,2713,2714,2715,2716,2718,2719,2720,2723,2725,2727,2728,2729,2731,2732,2734,2737,2739,2740,2742,2747,2748,2755,2758,2759,2760,2761,2763,2764,2765,2767,2768,2770,2771,2772,2773,2775,2779,2782,2783,2785,2791,2792,2798,2801,2803,2804,2806,2807,2809,2810,2812,2813,2815,2817,2819,2820,2821,2823,2824,2828,2829,2835,2837,2838,2853,2861,2862,2863,2865,2867,2868,2872,2874,2876,2878,2880,2882,2883,2884,2885,2887,2889,2892,2894,2896,2899,2901,2905,2907,2908,2910,2911,2914,2916,2919,2920,2922,2924,2926,2927,2933,2935,2936,2937,2959,2964,2967,2969,2970,2971,2975,2977,2978,2980,2981,2982,2985,2986,2987,2988,2989,2990,2991,2992,2993,2995,2996,2998,3000,3001,3002,3003,3004,3005,3006,3007,3008,3009,3010,3011,3012,3013,3014,3015,3016,3017,3018,3019,3020,3021,3022,3023,3024,3025,3026,3027,3028,3029,3031,3032,3033,3035,3036,3037,3039,3040,3041,3044,3045,3046,3048,3049,3050,3052,3053,3054,3059,3062,3066,3069,3070,3072,3073,3074,3075,3077,3078,3086,3102,3103,3105,3107,3108,3109,3111,3112,3113,3114,3115,3117,3119,3120,3122,3123,3124,3125,3126,3127,3128,3130,3131,3132,3133,3134,3135,3136,3138,3140,3141,3142,3144,3145,3146,3147,3148,3150,3152,3154,3155,3156,3157,3158,3159,3160,3161,3162,3163,3164,3165,3167,3168,3171,3172,3173,3175,3176,3177,3178,3179,3180,3182,3183,3184,3186,3187,3189,3190,3191,3192,3194,3195,3196,3197,3198,3199,3204,3209,3219,3220,3221,3227,3229,3230,3231,3232,3233,3235,3237,3241,3242,3248,3249,3251,3252,3256,3258,3262,3263,3264,3266,3267,3269,3277,3278,3279,3280,3282,3284,3285,3286,3288,3292,3295,3296,3297,3299,3301,3302,3305,3306,3307,3308,3310,3311,3312,3313,3314,3315,3316,3319,3333,3345,3346,3347,3350,3352,3353,3360,3362,3365,3366,3367,3368,3371,3372,3374,3377,3382,3383,3385,3386,3388,3391,3393,3395,3396,3398,3399,3401,3405,3413,3414,3416,3424,3426,3430,3434,3438,3439,3440,3441,3442,3443,3444,3445,3446,3447,3448,3449,3450,3451,3452,3453,3454,3455,3456,3457,3458,3459,3477,3486,3487,3488,3489,3492,3493,3496,3497,3498,3499,3500,3502,3504,3506,3508,3509,3510,3511,3512,3513,3514,3515,3516,3517,3519,3520,3521,3523,3525,3526,3527,3528,3529,3531,3532,3533,3534,3535,3537,3538,3539,3542,3545,3547,3550,3555,3556,3557,3559,3560,3562,3564,3566,3567,3568,3570,3571,3572,3574,3575,3576,3577,3578,3583,3585,3587,3588,3589,3591,3592,3593,3594,3595,3596,3597,3598,3599,3605,3606,3608,3610,3612,3613,3614,3615,3617,3618,3619,3621,3622,3623,3624,3626,3627,3628,3632,3633,3636,3651,3653,3655,3670,3673,3676,3677,3679,3680,3684,3685,3686,3693,3700,3702,3703,3704,3705,3706,3708,3709,3710,3711,3712,3714,3716,3717,3719,3721,3722,3723,3725,3726,3727,3729,3730,3732,3733,3734,3738,3739,3740,3741,3742,3743,3744,3745,3746,3747,3748,3749,3751,3752,3753,3754,3757,3758,3762,3764,3767,3768,3769,3775,3779,3782,3783,3789,3790,3791,3792,3796,3798,3806,3814,3817,3818,3823,3829,3832,3840,3842,3843,3844,3845,3846,3847,3851,3853,3854,3855,3856,3857,3858,3859,3861,3862,3863,3867,3868,3872,3874,3877,3879,3885,3887,3889,3890,3895,3896,3899,3900,3901,3903,3904,3905,3906,3907,3909,3910,3911,3914,3915,3916,3918,3919,3920,3924,3930,3932,3942,3946,3947,3948,3949,3950,3951,3957,3958,3959,3960,3963,3973,3981,3982,3983,3985,3986,3988,3989,3990,3991,3992,3996,3997,3998,4000,4001,4003,4004,4005,4006,4007,4008,4009,4011,4012,4013,4014,4016,4017,4019,4022,4025,4026,4029,4032,4034,4037,4042,4047,4049,4053,4054,4055,4057,4069,4080,4082,4084,4085,4087,4089,4090,4091,4093,4094,4096,4097,4098,4100,4101,4102,4103,4104,4105,4106,4107,4108,4109,4110,4111,4112,4113,4114,4115,4117,4118,4122,4123,4125,4128,4129,4130,4131,4133,4134,4136,4137,4138,4146,4153,4156,4172,4178,4181,4186,4187,4192,4193,4194,4195,4197,4200,4201,4203,4204,4209,4212,4214,4218,4219,4222,4224,4225,4226,4227,4228,4230,4231,4232,4233,4234,4235,4236,4237,4239,4240,4241,4242,4243,4244,4245,4246,4248,4249,4251,4252,4254,4255,4256,4257,4259,4260,4263,4264,4265,4270,4273,4274,4276,4277,4282,4283,4284,4285,4286,4287,4288,4291,4292,4293,4295,4296,4297,4298,4299,4302,4311,4317,4319,4321,4323,4324,4325,4330,4331,4332,4336,4337,4338,4339,4340,4341,4342,4344,4345,4346,4347,4348,4349,4353,4354,4356,4357,4358,4359,4361,4362,4363,4364,4365,4367,4368,4369,4371,4372,4373,4375,4376,4377,4378,4379,4380,4382,4383,4384,4386,4387,4388,4391,4392,4394,4396,4398,4399,4400,4401,4402,4403,4405,4406,4407,4408,4409,4410,4412,4413,4414,4417,4419,4421,4440,4442,4443,4445,4446,4447,4450,4452,4453,4455,4456,4457,4458,4459,4460,4461,4462,4463,4467,4468,4469,4471,4472,4474,4476,4481,4483,4485,4486,4488,4489,4490,4496,4498,4503,4504,4506,4508,4524,4526,4528,4531,4532,4539,4541,4545,4547,4549,4551,4557,4558,4565,4567,4571,4572,4576,4581,4583,4584,4586,4587,4589,4592,4595,4598,4599,4600,4601,4603,4604,4605,4606,4607,4608,4610,4611,4613,4614,4615,4616,4617,4619,4621,4622,4630,4634,4640,4642,4647,4649,4650,4653,4654,4655,4656,4658,4660,4661,4663,4664,4665,4666,4668,4669,4670,4671,4673,4674,4675,4676,4677,4678,4680,4681,4685,4693,4696,4698,4701,4706,4708,4722,4725,4730,4736,4739,4741,4742,4744,4745,4746,4747,4748,4749,4750,4751,4752,4753,4755,4756,4757,4758,4762,4766,4768,4769,4771,4772,4775,4779,4780,4781,4783,4785,4786,4787,4788,4792,4794,4795,4797,4798,4799,4800,4802,4803,4804,4805,4806,4807,4808,4809,4810,4811,4813,4814,4815,4816,4817,4818,4819,4821,4822,4826,4827,4828,4829,4830,4832,4833,4835,4836,4839,4840,4845,4852,4853,4856,4857,4859,4861,4866,4871,4873,4875,4876,4877,4879,4880,4881,4883,4884,4885,4887,4890,4894,4895,4898,4899,4909,4915,4917,4921,4923,4926,4927,4931,4932,4938,4939,4940,4941,4942,4943,4946,4947,4948,4952,4953,4954,4955,4956,4960,4961,4963,4965,4968,4969,4970,4972,4973,4976,4980,4981,4982,4984,4985,4988,4989,4992,4993,4995,4996,4999",0.42
omics_high_dim,development,100,5000,5,0.001,0.8,0.5,1.0,LASSO,0,0.0926,1.0,0.1695,0.0926,0.9872,54,0.9892,,0.1389,0.105,"0,20,40,60,61,69,70,71,74,77,80,308,315,356,689,966,967,977,978,1092,1440,1444,1446,1448,1827,1839,1889,2258,2385,2499,2511,2861,2877,3283,3295,3299,3425,3429,3500,3515,3907,3920,3930,3931,3932,3938,4185,4212,4594,4596,4598,4628,4876,4905",3.9
omics_high_dim,development,100,5000,5,0.001,0.8,0.5,1.0,LASSO,1,0.119,1.0,0.2128,0.119,0.9744,42,0.9916,,0.1454,0.105,"0,20,28,40,43,60,80,82,115,150,151,152,154,312,466,469,791,1106,1115,1443,1526,1709,1721,1728,1734,1796,2212,2216,2587,2595,3272,3281,3336,3481,3588,3848,3849,3853,3856,4289,4297,4368",3.9
omics_high_dim,development,100,5000,5,0.001,0.8,0.5,1.0,LASSO,2,0.1111,1.0,0.2,0.1111,1.0,45,0.991,,0.1617,0.105,"0,20,40,60,80,545,547,554,675,1169,1368,1623,1627,1628,1906,1909,1912,1914,2426,2433,2438,2464,2574,2577,2622,2623,2626,2627,2638,2729,2731,3195,3528,3847,4004,4106,4110,4111,4115,4130,4136,4861,4869,4875,4876",3.67
omics_high_dim,development,100,5000,5,0.001,0.8,0.5,1.0,ElasticNet,0,0.027,1.0,0.0526,0.027,0.9936,185,0.963,,0.1186,0.0273,"0,20,40,60,61,64,69,70,71,74,77,80,218,262,266,273,276,303,308,310,315,321,325,326,328,333,338,339,342,347,354,356,357,358,435,436,479,649,682,689,778,934,946,966,967,977,1085,1092,1097,1124,1128,1440,1442,1444,1446,1448,1450,1452,1453,1459,1489,1495,1496,1505,1663,1675,1744,1784,1790,1791,1820,1824,1826,1827,1828,1830,1838,1839,1889,1943,2286,2382,2385,2448,2449,2453,2454,2456,2458,2497,2499,2502,2508,2510,2511,2512,2513,2514,2534,2707,2861,2869,2877,3041,3181,3183,3184,3189,3282,3283,3285,3295,3299,3425,3429,3431,3433,3434,3436,3438,3500,3513,3514,3515,3517,3727,3729,3734,3744,3748,3752,3754,3758,3759,3907,3920,3921,3922,3925,3927,3928,3930,3931,3932,3938,4185,4212,4289,4290,4307,4308,4309,4316,4327,4339,4364,4402,4503,4509,4517,4590,4591,4593,4594,4596,4598,4619,4621,4628,4634,4636,4663,4702,4811,4863,4876,4879,4901,4903,4905,4906,4913,4916,4919,4950",3.94
omics_high_dim,development,100,5000,5,0.001,0.8,0.5,1.0,ElasticNet,1,0.0301,1.0,0.0585,0.0301,0.9872,166,0.9668,,0.1206,0.0273,"0,20,26,28,40,60,80,108,115,116,141,149,150,151,152,154,311,312,386,413,421,425,426,433,457,465,466,468,469,642,763,764,766,772,780,791,795,1012,1017,1086,1087,1106,1115,1145,1150,1156,1162,1175,1178,1222,1234,1443,1526,1532,1537,1709,1711,1718,1719,1721,1728,1734,1736,1784,1785,1792,1796,1798,1820,1823,1837,1885,1891,1896,1897,1978,1985,1988,1990,1992,1994,1995,1996,2054,2210,2212,2216,2217,2218,2400,2401,2403,2408,2409,2412,2414,2416,2417,2419,2562,2587,2591,2592,2595,2596,2598,2811,2974,3031,3164,3265,3272,3281,3292,3296,3297,3299,3320,3336,3481,3489,3492,3497,3568,3571,3575,3578,3583,3588,3590,3591,3595,3690,3847,3848,3849,3853,3854,3856,3859,4054,4084,4117,4207,4213,4285,4289,4297,4362,4365,4368,4369,4701,4711,4713,4760,4764,4769,4770,4775,4776,4779,4800,4806,4860,4874",4.57
omics_high_dim,development,100,5000,5,0.001,0.8,0.5,1.0,ElasticNet,2,0.0352,1.0,0.068,0.0352,1.0,142,0.9716,,0.1369,0.0273,"0,20,40,60,80,134,444,448,450,453,459,482,545,547,552,554,556,557,587,645,668,675,677,678,801,882,896,988,991,993,995,999,1001,1003,1005,1009,1010,1013,1015,1019,1080,1083,1163,1168,1169,1170,1173,1174,1176,1177,1222,1224,1239,1364,1368,1431,1623,1627,1628,1906,1909,1910,1912,1914,1915,1918,1975,2183,2195,2197,2425,2426,2427,2431,2433,2436,2438,2464,2560,2563,2564,2565,2566,2567,2568,2569,2573,2574,2577,2578,2621,2622,2623,2624,2625,2626,2627,2629,2638,2723,2729,2731,2877,2981,2998,3195,3272,3497,3499,3528,3543,3546,3791,3843,3845,3846,3847,3848,3947,4008,4012,4106,4107,4110,4111,4115,4129,4130,4131,4133,4134,4136,4591,4595,4598,4861,4867,4869,4874,4875,4876,4877",4.03
omics_high_dim,development,100,5000,5,0.001,0.8,0.5,1.0,RFECV,0,0.1,1.0,0.1818,0.1,0.9936,50,0.99,,0.2319,0.5556,"0,11,20,40,60,62,63,64,65,66,67,68,69,70,71,72,73,74,75,76,77,78,79,80,81,82,83,84,85,86,87,88,89,90,91,118,119,120,241,290,1820,1827,1828,1836,1839,2891,3081,3241,3726,4521",13.65
omics_high_dim,development,100,5000,5,0.001,0.8,0.5,1.0,RFECV,1,0.1,1.0,0.1818,0.1,0.9872,50,0.99,,0.2136,0.5556,"0,9,20,22,40,42,44,56,58,59,60,61,62,63,64,65,66,67,68,69,70,71,72,73,74,75,76,77,78,79,80,81,82,152,221,222,230,235,236,296,778,1116,1432,2256,2317,4337,4521,4863,4874,4958",14.81
omics_high_dim,development,100,5000,5,0.001,0.8,0.5,1.0,RFECV,2,0.08,0.8,0.1455,0.0784,1.0,50,0.99,,0.2235,0.5556,"0,20,37,59,60,61,62,63,64,65,66,67,68,69,70,71,72,73,74,75,76,77,78,79,80,81,82,83,84,85,86,87,88,106,115,116,117,118,239,241,242,689,842,1387,1683,1931,2402,2632,4104,4710",13.76
omics_high_dim,development,100,5000,5,0.001,0.8,0.5,1.0,RF_Importance,0,0.0083,1.0,0.0164,0.0083,0.9936,605,0.879,,0.0975,0.0039,"0,20,27,32,38,40,41,43,54,57,60,64,71,72,74,75,78,80,90,100,110,111,114,116,136,142,150,160,162,164,169,170,171,186,214,215,218,225,252,263,264,269,271,274,277,278,286,303,310,311,312,316,318,320,331,333,344,349,350,355,356,357,360,371,372,379,384,402,403,419,424,425,428,434,435,437,438,441,464,474,492,493,514,521,528,529,532,534,539,544,549,559,566,633,649,655,668,676,678,683,684,687,696,702,706,707,711,722,724,725,738,745,770,776,778,793,828,840,846,868,871,874,875,898,901,918,938,940,944,946,950,1011,1033,1043,1055,1059,1074,1076,1084,1087,1095,1120,1127,1129,1131,1145,1166,1179,1181,1188,1190,1194,1203,1218,1222,1224,1253,1261,1263,1266,1283,1305,1310,1316,1327,1330,1332,1334,1340,1351,1369,1379,1392,1413,1416,1421,1435,1441,1442,1443,1444,1448,1454,1456,1457,1458,1459,1498,1499,1505,1508,1516,1522,1523,1531,1537,1548,1568,1582,1583,1584,1589,1596,1601,1603,1607,1656,1670,1673,1674,1697,1702,1705,1709,1721,1725,1733,1745,1762,1769,1774,1782,1796,1798,1801,1802,1821,1827,1834,1837,1856,1857,1867,1870,1873,1876,1912,1986,1990,1991,2047,2056,2090,2124,2131,2134,2147,2150,2160,2161,2172,2182,2185,2204,2210,2257,2287,2288,2298,2301,2306,2309,2327,2329,2348,2362,2371,2378,2393,2396,2406,2407,2408,2411,2414,2415,2426,2427,2431,2444,2448,2451,2452,2455,2459,2460,2465,2469,2478,2487,2493,2494,2495,2501,2502,2506,2507,2508,2515,2516,2523,2526,2529,2531,2534,2538,2543,2546,2558,2565,2568,2584,2588,2592,2606,2619,2636,2639,2656,2663,2667,2702,2705,2713,2714,2715,2718,2727,2748,2754,2757,2776,2778,2793,2796,2798,2802,2829,2839,2841,2842,2849,2852,2855,2865,2870,2885,2898,2900,2905,2912,2920,2956,2962,2965,2977,2978,2979,3005,3010,3030,3032,3038,3049,3051,3056,3060,3061,3068,3076,3094,3098,3100,3104,3125,3128,3131,3147,3161,3177,3179,3183,3187,3205,3212,3215,3222,3233,3262,3267,3283,3295,3320,3326,3332,3335,3344,3350,3360,3366,3368,3378,3380,3384,3390,3391,3399,3406,3408,3409,3412,3423,3425,3433,3440,3443,3448,3450,3464,3479,3484,3495,3497,3515,3519,3523,3536,3575,3586,3595,3600,3610,3616,3644,3656,3659,3663,3667,3671,3683,3696,3713,3717,3719,3723,3740,3744,3749,3751,3753,3754,3755,3758,3763,3769,3800,3803,3830,3844,3851,3852,3855,3860,3872,3893,3905,3910,3931,3932,3943,3950,3961,3973,3978,3979,3983,3992,3996,3998,4006,4008,4009,4011,4019,4041,4050,4057,4063,4068,4082,4089,4095,4117,4123,4146,4162,4170,4177,4195,4205,4209,4212,4213,4214,4219,4229,4233,4239,4246,4248,4251,4254,4264,4289,4290,4299,4305,4306,4307,4308,4311,4312,4321,4356,4361,4363,4364,4387,4407,4414,4418,4438,4497,4498,4500,4505,4516,4521,4544,4554,4562,4585,4600,4603,4604,4606,4608,4614,4615,4618,4619,4627,4639,4682,4684,4693,4694,4697,4703,4705,4713,4718,4719,4720,4727,4729,4743,4751,4756,4761,4767,4802,4818,4832,4840,4843,4863,4871,4872,4879,4889,4900,4901,4903,4905,4906,4907,4909,4910,4911,4915,4918,4927,4938,4952,4956,4960,4971,4972,4982,4985,4992,4994,4995,4997",0.3
omics_high_dim,development,100,5000,5,0.001,0.8,0.5,1.0,RF_Importance,1,0.0078,1.0,0.0155,0.0078,0.9808,640,0.872,,0.0967,0.0039,"0,6,20,28,35,40,43,59,60,63,77,80,86,88,108,119,121,138,139,141,143,146,148,150,152,159,162,164,170,171,181,197,206,209,245,252,254,273,277,280,292,297,306,312,316,336,353,363,365,379,383,386,390,394,399,406,408,410,411,415,420,423,437,439,440,447,450,458,465,466,468,475,476,487,493,495,498,500,501,512,514,515,519,526,533,534,536,539,546,556,563,598,599,606,607,622,634,638,643,649,650,660,663,679,686,697,706,737,741,749,752,760,763,769,772,775,778,779,784,823,825,840,843,849,854,874,875,886,888,889,890,898,909,930,934,937,940,942,949,950,951,980,986,1032,1041,1045,1054,1083,1086,1106,1111,1116,1117,1118,1119,1120,1136,1140,1142,1145,1148,1154,1155,1156,1159,1163,1164,1173,1177,1180,1186,1197,1227,1228,1237,1254,1257,1301,1316,1328,1345,1358,1359,1363,1367,1381,1383,1385,1390,1397,1405,1413,1414,1419,1421,1423,1428,1451,1460,1470,1477,1488,1492,1501,1506,1510,1520,1528,1533,1536,1537,1538,1545,1546,1550,1570,1594,1605,1608,1612,1613,1617,1636,1640,1649,1653,1676,1678,1679,1688,1700,1705,1709,1716,1723,1733,1734,1737,1761,1765,1784,1785,1787,1790,1791,1798,1803,1808,1822,1823,1828,1833,1842,1846,1855,1867,1874,1881,1887,1892,1894,1898,1899,1906,1910,1919,1929,1931,1941,1957,1960,1965,1969,1978,1980,1982,1995,1996,2011,2042,2046,2055,2066,2071,2072,2074,2075,2076,2087,2097,2099,2100,2112,2113,2114,2115,2125,2129,2140,2149,2153,2163,2166,2185,2199,2219,2227,2241,2260,2274,2301,2304,2313,2325,2342,2348,2358,2381,2391,2401,2403,2407,2408,2421,2443,2444,2447,2456,2463,2468,2471,2472,2478,2483,2494,2499,2500,2505,2508,2509,2525,2526,2530,2538,2546,2561,2562,2564,2581,2588,2590,2593,2594,2595,2599,2614,2619,2621,2623,2626,2628,2632,2652,2667,2676,2683,2685,2694,2705,2720,2734,2738,2741,2759,2760,2761,2763,2775,2776,2791,2793,2803,2835,2839,2840,2844,2846,2851,2858,2860,2861,2863,2864,2867,2884,2896,2910,2964,2970,2977,2978,2984,2985,2986,2991,3006,3015,3016,3022,3025,3026,3029,3031,3032,3034,3050,3051,3059,3086,3098,3099,3111,3140,3187,3201,3204,3206,3208,3222,3233,3241,3258,3259,3261,3265,3271,3276,3281,3289,3294,3300,3312,3316,3348,3350,3352,3360,3377,3385,3388,3391,3394,3421,3432,3436,3440,3441,3448,3484,3485,3489,3492,3497,3498,3514,3516,3519,3531,3564,3570,3574,3575,3578,3583,3587,3593,3598,3601,3604,3619,3626,3652,3653,3661,3676,3679,3691,3695,3697,3700,3718,3720,3744,3759,3761,3767,3779,3790,3791,3794,3810,3813,3817,3830,3848,3852,3853,3854,3856,3864,3870,3874,3885,3897,3908,3909,3934,3957,3962,3990,3998,4014,4019,4020,4028,4033,4044,4055,4058,4084,4099,4100,4105,4114,4130,4132,4133,4178,4179,4181,4185,4196,4204,4206,4213,4214,4217,4229,4234,4239,4243,4249,4278,4281,4289,4291,4294,4321,4324,4328,4335,4341,4348,4355,4361,4362,4364,4369,4381,4383,4387,4395,4396,4406,4409,4418,4423,4444,4487,4490,4495,4498,4504,4515,4530,4541,4544,4546,4550,4558,4559,4569,4576,4580,4591,4604,4606,4608,4610,4618,4624,4635,4636,4651,4666,4693,4705,4719,4728,4742,4750,4756,4758,4760,4766,4767,4777,4784,4787,4788,4813,4815,4817,4822,4843,4870,4871,4922,4930,4931,4933,4934,4935,4939,4955,4967,4970,4977,4982,4996",0.27
omics_high_dim,development,100,5000,5,0.001,0.8,0.5,1.0,RF_Importance,2,0.0083,1.0,0.0164,0.0083,1.0,605,0.879,,0.0961,0.0039,"0,3,7,17,18,20,30,35,36,40,53,60,66,69,80,86,88,95,101,106,107,115,127,132,152,160,163,165,175,193,200,213,230,236,251,268,273,275,281,285,289,294,295,305,317,318,323,332,340,341,348,352,356,362,370,373,378,401,404,412,428,448,450,455,457,459,471,473,475,506,508,514,517,518,524,542,547,557,561,568,571,572,573,577,587,590,606,610,613,624,630,637,645,658,694,696,702,709,712,716,717,719,726,728,753,764,765,779,785,787,788,792,797,801,817,826,836,843,872,880,882,896,899,918,921,930,938,941,968,980,981,985,988,1002,1005,1006,1010,1012,1019,1030,1033,1034,1038,1047,1051,1067,1069,1076,1081,1092,1102,1117,1138,1154,1159,1168,1169,1170,1176,1193,1209,1220,1222,1234,1239,1246,1248,1249,1260,1266,1272,1274,1275,1276,1290,1302,1304,1308,1313,1328,1341,1342,1346,1348,1352,1359,1367,1381,1396,1400,1405,1407,1442,1451,1479,1492,1499,1500,1509,1533,1541,1553,1565,1572,1573,1576,1578,1581,1585,1587,1588,1592,1613,1621,1628,1634,1637,1638,1644,1646,1662,1686,1705,1711,1713,1714,1722,1725,1727,1729,1731,1732,1751,1770,1771,1788,1814,1815,1822,1825,1829,1832,1842,1846,1852,1859,1862,1867,1868,1875,1906,1909,1910,1911,1912,1914,1915,1917,1942,1950,1953,1958,1960,1961,1968,1971,1972,1976,1984,1997,1998,2015,2027,2037,2038,2041,2047,2050,2068,2080,2083,2100,2105,2108,2111,2112,2116,2118,2162,2164,2169,2175,2177,2178,2194,2195,2198,2202,2213,2224,2232,2248,2259,2271,2278,2288,2302,2304,2305,2317,2318,2336,2344,2349,2351,2363,2367,2374,2376,2388,2399,2405,2407,2408,2416,2419,2420,2429,2432,2436,2442,2446,2485,2486,2516,2537,2563,2564,2565,2568,2571,2572,2574,2575,2577,2578,2590,2593,2600,2624,2625,2626,2627,2628,2629,2631,2632,2634,2638,2641,2643,2650,2658,2672,2679,2682,2685,2696,2699,2714,2724,2725,2731,2732,2733,2740,2744,2771,2797,2804,2808,2820,2827,2832,2835,2843,2855,2877,2883,2895,2912,2916,2927,2942,2952,2954,2963,2978,2980,2981,2984,2998,3000,3013,3021,3032,3066,3068,3086,3087,3095,3113,3122,3132,3135,3137,3164,3188,3199,3202,3208,3216,3218,3229,3249,3273,3274,3282,3284,3293,3295,3299,3324,3330,3354,3376,3385,3386,3393,3403,3409,3410,3411,3413,3437,3441,3444,3455,3457,3458,3465,3473,3480,3483,3501,3502,3504,3517,3526,3528,3539,3545,3546,3572,3573,3580,3618,3630,3635,3643,3650,3655,3673,3698,3700,3718,3719,3733,3736,3739,3744,3768,3782,3787,3789,3806,3809,3813,3828,3841,3842,3843,3844,3860,3886,3916,3938,3944,3947,3950,3959,3961,3974,3977,3988,3992,3993,3997,4001,4004,4008,4012,4016,4018,4023,4036,4051,4059,4067,4078,4087,4093,4110,4120,4127,4170,4180,4204,4210,4218,4227,4234,4236,4272,4281,4287,4292,4293,4297,4299,4337,4352,4353,4357,4367,4371,4372,4382,4395,4401,4412,4420,4424,4425,4433,4459,4466,4471,4503,4505,4512,4514,4537,4557,4571,4572,4593,4597,4601,4618,4622,4627,4629,4630,4635,4661,4673,4683,4706,4719,4721,4735,4742,4755,4769,4787,4804,4811,4823,4842,4857,4858,4869,4872,4902,4911,4939,4942,4951,4957,4960,4967,4983,4987,4990",0.28
omics_high_dim,development,100,5000,5,0.001,0.8,0.5,1.0,PermImportance,0,1.0,0.2,0.3333,0.2,0.9455,1,0.9998,,0.0,0.3332,40,51.82
omics_high_dim,development,100,5000,5,0.001,0.8,0.5,1.0,PermImportance,1,1.0,0.2,0.3333,0.2,0.8718,1,0.9998,,0.0,0.3332,40,51.9
omics_high_dim,development,100,5000,5,0.001,0.8,0.5,1.0,PermImportance,2,1.0,0.2,0.3333,0.2,0.9295,1,0.9998,,0.0,0.3332,60,54.86
omics_high_dim,development,100,5000,5,0.001,0.8,0.5,1.0,SHAP,0,0.2222,0.8,0.3478,0.2105,0.9936,18,0.9964,,0.1836,0.2091,"0,11,20,40,60,64,68,290,1820,1827,1828,1836,1839,2891,3081,3241,3726,4521",0.49
omics_high_dim,development,100,5000,5,0.001,0.8,0.5,1.0,SHAP,1,0.2174,1.0,0.3571,0.2174,0.9872,23,0.9954,,0.1271,0.2091,"0,9,20,22,40,42,44,60,80,152,221,222,296,778,1116,1432,2256,2317,4337,4521,4863,4874,4958",0.6
omics_high_dim,development,100,5000,5,0.001,0.8,0.5,1.0,SHAP,2,0.2667,0.8,0.4,0.25,1.0,15,0.997,,0.1323,0.2091,"0,20,37,60,65,80,689,842,1387,1683,1931,2402,2632,4104,4710",0.54
omics_high_dim,development,100,5000,5,0.001,0.8,0.5,1.0,SO_S1->2,0,1.0,0.8,0.8889,0.8,0.9872,4,0.9992,,0.5869,0.8109,"0,20,40,60",114.32
omics_high_dim,development,100,5000,5,0.001,0.8,0.5,1.0,SelectOmics,0,1.0,0.8,0.8889,0.8,0.9872,4,0.9992,step3,0.5869,0.8109,"0,20,40,60",123.22
omics_high_dim,development,100,5000,5,0.001,0.8,0.5,1.0,SO_S1->2,1,0.8333,1.0,0.9091,0.8333,0.9872,6,0.9988,,0.4139,0.8109,"0,20,40,60,80,152",135.79
omics_high_dim,development,100,5000,5,0.001,0.8,0.5,1.0,SelectOmics,1,0.8333,1.0,0.9091,0.8333,0.9872,6,0.9988,step3,0.4139,0.8109,"0,20,40,60,80,152",138.39
omics_high_dim,development,100,5000,5,0.001,0.8,0.5,1.0,SO_S1->2,2,0.8333,1.0,0.9091,0.8333,1.0,6,0.9988,,0.4329,0.8109,"0,20,40,60,80,2438",163.46
omics_high_dim,development,100,5000,5,0.001,0.8,0.5,1.0,SelectOmics,2,0.8333,1.0,0.9091,0.8333,1.0,6,0.9988,step3,0.4329,0.8109,"0,20,40,60,80,2438",162.53
omics_imbalanced,development,200,1000,15,0.015,0.7,0.15,1.0,VarCorr_Baseline,0,0.022,0.7333,0.0427,0.0218,1.0,500,0.5,,0.0793,-0.0053,"2,3,4,5,7,8,9,11,12,13,15,16,19,20,25,26,27,32,34,36,37,38,40,47,57,59,60,61,64,65,66,71,72,73,75,76,77,78,80,81,85,86,87,89,90,93,94,95,96,99,100,102,103,104,105,107,110,111,113,115,116,117,118,119,120,121,123,124,127,129,130,134,135,136,139,140,141,143,145,148,149,150,152,154,155,157,159,160,161,162,163,164,165,166,168,170,171,172,173,174,176,178,179,181,184,186,188,190,191,195,196,198,200,204,211,216,218,220,221,223,224,228,230,232,235,236,237,238,242,243,259,261,262,265,266,268,269,272,274,276,280,281,284,285,287,291,293,294,296,297,300,306,311,315,317,319,320,321,322,323,325,327,328,329,330,331,332,334,336,337,339,340,341,344,349,350,351,352,353,354,356,359,366,368,371,376,377,380,383,384,386,388,391,392,393,395,396,398,400,401,402,403,404,405,406,408,409,410,411,413,415,416,418,419,420,423,435,439,440,445,448,451,454,456,457,458,459,460,462,467,468,469,474,476,478,479,480,481,483,486,489,494,497,498,499,510,523,537,542,543,546,552,556,562,563,564,566,571,574,576,577,578,581,582,585,590,596,602,603,604,606,608,609,612,613,615,616,617,618,620,621,623,625,626,627,628,629,630,633,634,635,637,638,639,640,641,642,643,645,646,647,648,649,650,652,654,655,656,657,658,659,662,666,667,670,671,673,674,677,678,685,686,688,689,693,698,699,700,702,707,708,709,711,712,713,714,715,717,718,720,721,722,723,724,726,727,728,729,730,731,732,733,734,735,736,737,738,739,740,741,743,744,745,746,748,750,751,755,759,762,764,766,768,769,770,771,772,773,774,776,778,779,781,785,786,787,788,789,791,792,793,794,795,796,798,799,800,801,805,812,821,822,823,825,827,828,833,836,837,839,840,841,842,851,859,862,863,865,866,868,869,870,871,872,873,875,876,878,880,883,885,887,888,890,894,895,896,897,898,899,900,901,902,903,905,908,910,911,913,916,917,918,919,920,922,923,926,927,931,936,939,940,948,950,952,954,955,956,960,961,962,963,964,966,967,968,969,970,971,972,973,974,975,977,979,980,982,983,984,986,987,988,989,990,991,992,993,994,995,999",0.12
omics_imbalanced,development,200,1000,15,0.015,0.7,0.15,1.0,VarCorr_Baseline,1,0.014,0.4667,0.0272,0.0138,1.0,500,0.5,,0.0795,-0.0053,"3,5,8,9,11,13,17,19,20,21,22,24,25,27,32,33,44,46,48,56,58,60,61,62,64,66,67,68,69,70,72,74,75,76,78,79,82,83,87,88,90,91,97,99,100,101,102,103,104,105,106,107,109,110,113,116,117,118,122,123,124,127,129,130,133,134,135,138,141,142,143,144,146,149,150,151,152,153,154,155,156,157,160,163,165,166,169,170,171,172,174,175,176,177,178,181,183,184,186,193,194,195,198,200,201,205,209,212,217,220,226,227,230,232,234,238,239,240,241,242,244,246,248,249,250,251,253,254,255,258,259,265,268,274,276,277,279,281,282,285,288,289,292,295,296,297,298,299,303,306,307,309,310,311,312,313,314,317,318,324,328,330,336,341,342,343,344,345,347,348,349,351,352,355,356,357,358,359,360,361,363,365,366,367,368,372,373,374,376,377,387,397,408,420,422,426,427,429,431,432,433,435,436,440,442,443,444,445,449,450,452,453,456,459,466,472,481,483,484,485,489,490,492,494,495,496,497,499,500,501,502,507,509,510,514,518,520,523,524,525,527,528,529,530,531,532,533,535,536,537,538,539,541,544,545,547,549,550,555,556,561,562,566,567,573,575,577,580,581,582,583,584,585,586,587,589,590,591,592,593,594,595,596,597,598,599,601,602,603,607,608,611,612,613,614,615,617,622,623,627,628,629,630,632,633,634,635,636,639,642,644,653,655,658,662,663,666,669,670,672,674,676,681,682,683,684,687,688,689,691,692,693,695,696,697,699,702,703,708,711,713,717,718,719,723,725,727,728,731,733,734,737,738,741,745,746,751,754,755,757,759,760,761,762,763,765,766,767,770,771,773,774,775,776,777,782,783,784,785,786,787,788,791,793,795,796,797,799,801,802,803,804,805,806,807,808,809,810,813,814,816,817,818,819,820,824,825,826,827,830,831,832,834,836,837,838,840,846,847,850,854,855,856,857,858,860,862,863,864,866,868,871,872,873,874,875,878,879,880,881,884,886,890,891,892,893,894,897,898,899,901,902,904,906,907,908,909,910,911,912,913,914,917,918,923,924,926,927,928,930,931,938,945,946,949,950,952,956,958,960,967,977,978,981,982,983,984,985,986,987,988,989,991,992,993,994,996,997,998,999",0.13
omics_imbalanced,development,200,1000,15,0.015,0.7,0.15,1.0,VarCorr_Baseline,2,0.024,0.8,0.0466,0.0239,1.0,500,0.5,,0.0791,-0.0053,"0,1,2,3,5,6,7,9,10,11,12,16,17,18,19,20,21,22,25,28,31,32,33,34,37,39,42,44,45,46,47,48,51,52,53,54,57,60,61,64,65,66,67,69,74,75,76,78,80,81,84,85,88,89,95,100,110,111,114,115,119,120,121,123,132,133,135,136,137,138,139,140,142,143,144,145,146,148,149,152,153,154,155,156,157,158,159,161,168,169,170,171,172,177,179,180,181,184,188,191,192,193,195,196,198,199,200,202,205,211,212,214,217,218,220,221,235,239,240,241,243,244,245,246,247,251,254,255,259,266,267,269,270,271,272,275,277,279,280,281,283,287,290,291,293,294,295,296,297,298,300,302,303,305,307,308,311,316,319,320,322,323,326,329,330,331,332,335,337,338,339,340,341,342,343,344,348,349,350,351,354,355,358,359,365,367,369,370,371,373,376,378,380,382,383,385,388,391,394,395,396,398,399,405,410,423,425,426,430,432,434,439,440,443,445,452,456,457,460,461,462,463,471,472,478,481,484,485,487,488,489,490,493,494,496,497,499,500,502,508,509,511,512,513,514,515,516,517,518,520,521,522,523,524,526,527,528,529,530,531,532,533,537,538,539,542,543,547,554,555,559,561,562,565,566,567,568,569,573,574,575,578,581,582,586,587,588,589,590,591,592,593,594,596,597,598,599,600,601,603,605,606,607,608,609,610,612,616,618,620,623,626,627,631,632,638,640,650,651,652,656,659,684,688,689,690,694,695,700,703,704,705,706,707,708,710,711,712,717,718,719,720,722,723,724,727,728,730,732,733,735,737,739,740,741,743,744,745,748,751,753,754,755,756,757,760,761,766,767,769,770,771,773,776,780,782,784,785,786,787,790,791,792,794,795,797,798,799,800,801,802,805,807,809,810,811,812,814,815,816,817,818,819,821,822,824,825,826,827,829,832,833,834,838,839,840,841,844,845,847,849,850,851,852,853,854,855,856,857,859,860,866,868,871,874,875,876,877,879,883,884,885,886,887,888,889,890,891,893,894,895,897,899,901,902,909,911,914,915,918,919,922,925,928,929,930,931,933,936,937,939,941,942,944,946,947,948,950,951,952,954,955,956,957,960,962,967,968,971,972,974,975,976,977,978,979,985,988,990,994",0.11
omics_imbalanced,development,200,1000,15,0.015,0.7,0.15,1.0,LASSO,0,0.9333,0.9333,0.9333,0.875,1.0,15,0.985,,0.3359,0.7346,"0,20,34,40,60,80,100,120,140,160,180,200,220,240,280",1.6
omics_imbalanced,development,200,1000,15,0.015,0.7,0.15,1.0,LASSO,1,0.7333,0.7333,0.7333,0.5789,1.0,15,0.985,,0.226,0.7346,"0,20,35,60,100,120,160,180,200,209,220,234,240,280,601",1.58
omics_imbalanced,development,200,1000,15,0.015,0.7,0.15,1.0,LASSO,2,1.0,0.8,0.8889,0.8,1.0,12,0.988,,0.3338,0.7346,"0,20,60,80,100,120,140,160,200,240,260,280",1.62
omics_imbalanced,development,200,1000,15,0.015,0.7,0.15,1.0,ElasticNet,0,0.25,1.0,0.4,0.25,1.0,60,0.94,,0.1201,0.2444,"0,20,27,30,32,34,39,40,60,80,81,93,94,95,100,120,140,141,152,159,160,180,200,211,220,224,230,232,233,235,240,260,262,266,268,273,277,278,280,290,297,352,484,537,602,603,606,611,612,613,617,771,773,808,821,833,835,836,887,906",1.65
omics_imbalanced,development,200,1000,15,0.015,0.7,0.15,1.0,ElasticNet,1,0.2381,1.0,0.3846,0.2381,1.0,63,0.937,,0.1372,0.2444,"0,13,20,22,34,35,39,40,60,69,80,81,84,100,120,140,145,147,155,156,160,167,168,169,170,175,176,179,180,200,209,220,221,223,224,225,227,229,230,231,232,234,239,240,255,260,270,280,292,349,458,573,601,602,604,606,608,610,613,615,616,711,712",1.59
omics_imbalanced,development,200,1000,15,0.015,0.7,0.15,1.0,ElasticNet,2,0.1685,1.0,0.2885,0.1685,1.0,89,0.911,,0.1016,0.2444,"0,2,14,20,24,28,40,51,56,60,61,62,79,80,100,104,120,140,142,160,165,176,180,183,186,187,192,196,200,220,221,227,228,231,234,239,240,243,249,260,264,280,281,282,286,290,295,296,341,345,348,355,358,380,381,385,387,388,392,393,395,482,490,527,529,533,534,582,659,673,678,727,732,733,757,763,800,803,805,809,813,814,817,823,844,848,887,895,990",1.05
omics_imbalanced,development,200,1000,15,0.015,0.7,0.15,1.0,RFECV,0,0.9,0.6,0.72,0.5625,0.9967,10,0.99,,0.3271,0.3499,"0,20,30,40,80,120,200,240,260,280",5.88
omics_imbalanced,development,200,1000,15,0.015,0.7,0.15,1.0,RFECV,1,0.2,0.6667,0.3077,0.1818,1.0,50,0.95,,0.2117,0.3499,"0,1,2,6,7,8,9,10,11,12,13,14,15,16,20,21,22,23,24,25,26,27,28,29,30,31,32,33,34,35,36,37,38,39,40,42,69,100,114,120,160,173,180,200,240,244,252,255,280,992",5.86
omics_imbalanced,development,200,1000,15,0.015,0.7,0.15,1.0,RFECV,2,0.8,0.5333,0.64,0.4706,1.0,10,0.99,,0.2521,0.3499,"20,24,80,120,140,151,180,200,240,280",5.98
omics_imbalanced,development,200,1000,15,0.015,0.7,0.15,1.0,RF_Importance,0,0.0658,1.0,0.1235,0.0658,1.0,228,0.772,,0.0821,0.0626,"0,3,6,11,20,25,31,37,40,41,53,55,59,60,61,66,67,70,72,74,75,77,78,80,84,92,94,98,100,101,114,118,119,120,128,129,131,133,134,136,137,140,141,142,148,152,154,155,160,166,173,180,186,195,196,198,200,205,209,210,215,216,218,220,221,235,238,240,245,247,248,253,260,261,262,263,267,269,272,273,274,275,278,279,280,292,294,297,301,302,303,304,305,306,308,309,313,314,315,317,318,322,326,328,337,345,347,352,353,357,365,369,370,371,372,375,378,379,384,388,400,417,418,422,426,431,448,458,470,471,475,484,495,503,509,513,515,526,527,532,537,560,562,563,569,571,572,573,575,576,579,586,590,597,602,620,630,633,635,640,641,646,651,652,653,657,662,664,667,668,672,676,678,679,683,690,693,699,702,704,713,727,728,729,732,737,739,742,758,771,798,804,808,816,817,818,823,828,829,838,846,847,851,855,865,872,884,889,901,913,915,920,924,928,930,932,934,935,937,943,945,952,960,963,974,977,991,994",0.22
omics_imbalanced,development,200,1000,15,0.015,0.7,0.15,1.0,RF_Importance,1,0.0644,1.0,0.121,0.0644,1.0,233,0.767,,0.081,0.0626,"0,7,13,20,27,33,40,46,50,58,60,66,74,75,78,80,81,82,83,86,88,90,92,98,100,103,105,107,109,112,119,120,121,122,124,126,129,133,136,137,140,143,144,145,147,148,149,150,152,153,154,155,157,158,159,160,161,164,166,167,170,171,172,174,177,180,182,183,192,194,198,200,202,203,210,212,220,221,225,231,235,238,239,240,254,260,262,263,264,270,280,291,297,302,305,306,312,314,317,324,325,327,329,333,344,356,359,360,367,373,375,392,399,403,427,429,440,443,451,452,457,459,461,465,469,474,475,482,487,488,489,490,505,510,517,518,519,520,529,538,540,547,551,555,558,559,561,565,572,577,581,582,585,597,601,602,605,606,614,616,620,624,630,634,636,637,638,641,644,649,652,653,657,659,664,667,680,694,706,711,712,716,717,720,727,735,741,743,747,749,760,777,783,787,795,797,802,805,811,821,829,832,833,836,837,846,862,867,868,872,879,882,883,889,891,897,898,901,902,906,912,918,939,949,950,954,956,958,968,986,988,991,999",0.22
omics_imbalanced,development,200,1000,15,0.015,0.7,0.15,1.0,RF_Importance,2,0.0617,1.0,0.1163,0.0617,1.0,243,0.757,,0.0793,0.0626,"0,1,6,7,12,18,20,22,23,28,33,34,38,40,45,47,48,50,56,57,58,60,62,64,67,71,72,74,76,79,80,82,87,90,94,100,106,111,120,125,127,129,131,134,137,140,142,144,149,157,160,169,172,173,178,179,180,182,186,187,188,200,204,218,220,222,224,225,227,229,237,239,240,244,249,260,261,263,273,276,280,281,290,291,312,320,327,328,333,341,342,349,351,354,357,362,367,368,371,379,384,386,387,388,391,392,395,397,403,417,420,425,426,428,429,430,433,434,436,437,444,461,465,474,475,478,479,492,500,509,513,517,519,521,529,533,538,543,552,556,560,561,565,568,577,579,581,584,585,591,593,601,607,608,621,622,623,629,630,631,634,637,641,642,643,644,650,653,657,671,681,683,691,692,693,694,699,701,703,705,709,712,713,715,718,724,727,732,733,740,747,748,757,771,778,786,792,796,800,803,810,811,812,813,823,826,831,837,839,844,846,855,860,861,867,872,873,888,892,903,905,908,910,912,913,915,916,921,949,951,953,956,959,962,967,969,971,972,973,977,980,984,987",0.22
omics_imbalanced,development,200,1000,15,0.015,0.7,0.15,1.0,PermImportance,0,1.0,0.1333,0.2353,0.1333,0.9601,2,0.998,,0.274,-0.0013,"0,100",7.39
omics_imbalanced,development,200,1000,15,0.015,0.7,0.15,1.0,PermImportance,1,1.0,0.0667,0.125,0.0667,0.878,1,0.999,,0.0,-0.0013,20,7.91
omics_imbalanced,development,200,1000,15,0.015,0.7,0.15,1.0,PermImportance,2,1.0,0.0667,0.125,0.0667,0.9186,1,0.999,,0.0,-0.0013,120,7.89
omics_imbalanced,development,200,1000,15,0.015,0.7,0.15,1.0,SHAP,0,0.6316,0.8,0.7059,0.5455,1.0,19,0.981,,0.189,0.4542,"0,5,20,30,40,80,98,100,120,160,200,209,220,240,260,280,287,383,939",0.21
omics_imbalanced,development,200,1000,15,0.015,0.7,0.15,1.0,SHAP,1,0.5,0.6,0.5455,0.375,1.0,18,0.982,,0.1676,0.4542,"0,20,21,35,69,100,114,120,160,173,180,200,240,244,252,255,280,992",0.21
omics_imbalanced,development,200,1000,15,0.015,0.7,0.15,1.0,SHAP,2,0.5217,0.8,0.6316,0.4615,1.0,23,0.977,,0.1591,0.4542,"0,20,24,28,80,100,120,126,140,151,160,174,180,200,204,209,240,259,260,280,714,863,897",0.24
omics_imbalanced,development,200,1000,15,0.015,0.7,0.15,1.0,SO_S1->2,0,1.0,0.8667,0.9286,0.8667,1.0,13,0.987,,0.3761,0.706,"0,20,40,60,80,100,120,140,160,180,200,240,280",24.4
omics_imbalanced,development,200,1000,15,0.015,0.7,0.15,1.0,SelectOmics,0,1.0,0.8667,0.9286,0.8667,1.0,13,0.987,step3,0.3761,0.706,"0,20,40,60,80,100,120,140,160,180,200,240,280",24.54
omics_imbalanced,development,200,1000,15,0.015,0.7,0.15,1.0,SO_S1->2,1,1.0,0.6667,0.8,0.6667,1.0,10,0.99,,0.3376,0.706,"0,20,40,60,160,180,200,220,240,280",26.14
omics_imbalanced,development,200,1000,15,0.015,0.7,0.15,1.0,SelectOmics,1,1.0,0.6667,0.8,0.6667,1.0,10,0.99,step3,0.3376,0.706,"0,20,40,60,160,180,200,220,240,280",27.5
omics_imbalanced,development,200,1000,15,0.015,0.7,0.15,1.0,SO_S1->2,2,1.0,0.6,0.75,0.6,1.0,9,0.991,,0.3356,0.706,"20,80,100,120,140,160,200,240,280",32.77
omics_imbalanced,development,200,1000,15,0.015,0.7,0.15,1.0,SelectOmics,2,1.0,0.6,0.75,0.6,1.0,9,0.991,step3,0.3356,0.706,"20,80,100,120,140,160,200,240,280",32.65
omics_genomics,development,200,10000,10,0.001,0.7,0.5,1.0,VarCorr_Baseline,0,0.0018,0.9,0.0036,0.0018,0.9984,5000,0.5,,0.0687,0.0115,"0,3,4,5,6,10,15,19,22,23,24,25,28,33,34,37,38,43,45,46,47,50,51,52,53,54,59,60,61,64,66,68,69,70,72,75,76,82,87,89,90,93,94,95,100,103,104,108,109,110,115,117,118,120,123,125,130,131,133,136,140,142,145,186,200,201,203,204,210,212,217,220,221,222,224,230,235,240,241,246,247,250,252,255,257,258,259,262,263,267,268,269,272,273,276,277,278,279,281,282,283,284,286,287,288,289,290,292,293,299,300,305,307,308,312,313,316,318,320,328,330,331,333,334,335,336,337,339,340,346,350,351,352,353,354,355,356,357,358,359,362,364,365,367,369,370,372,373,374,376,377,378,380,386,388,389,393,394,396,397,399,400,402,403,410,413,415,418,420,421,422,425,429,430,435,436,437,438,441,442,443,444,445,447,448,450,452,456,460,461,463,464,465,466,467,469,472,477,478,479,483,486,491,495,498,501,502,503,504,510,513,514,515,516,518,520,521,523,526,528,529,530,533,534,535,539,540,541,549,550,551,552,559,560,561,562,563,565,570,577,578,579,582,584,585,586,588,589,592,594,595,596,597,601,604,607,608,610,613,614,616,618,620,625,626,627,628,629,630,633,636,637,639,641,642,643,646,647,649,650,654,655,656,657,658,660,661,662,664,665,666,669,670,674,679,682,683,684,685,686,687,688,689,690,691,692,694,695,696,697,699,700,702,703,705,706,710,711,712,719,720,722,723,725,726,727,729,731,732,733,735,736,738,739,740,743,746,748,750,752,755,758,760,761,765,766,768,770,772,774,777,781,784,785,788,789,791,792,793,796,799,810,812,818,824,828,834,838,842,847,851,853,854,855,856,857,858,860,861,862,863,864,865,867,868,869,871,872,873,874,875,876,877,878,880,881,883,884,885,886,887,888,889,890,891,893,894,895,897,898,900,901,902,903,905,906,908,910,914,915,917,918,920,924,925,928,929,930,931,932,934,940,941,942,943,944,945,948,949,950,952,955,958,965,968,969,970,973,974,981,984,989,993,994,999,1000,1001,1002,1003,1004,1006,1007,1008,1009,1010,1011,1012,1014,1015,1017,1019,1020,1022,1023,1024,1025,1026,1029,1031,1033,1035,1036,1037,1038,1039,1040,1041,1042,1043,1044,1045,1046,1047,1048,1051,1052,1053,1055,1056,1057,1059,1060,1061,1063,1064,1067,1068,1069,1072,1073,1075,1076,1080,1081,1083,1084,1085,1088,1090,1091,1092,1093,1094,1095,1097,1103,1108,1112,1113,1117,1118,1126,1130,1131,1133,1138,1140,1141,1143,1144,1145,1147,1151,1152,1153,1154,1155,1156,1158,1159,1161,1162,1165,1167,1168,1169,1171,1173,1174,1176,1177,1178,1180,1182,1183,1184,1185,1186,1187,1189,1191,1195,1197,1199,1201,1206,1207,1212,1214,1229,1232,1234,1241,1242,1243,1250,1252,1255,1257,1259,1260,1261,1263,1264,1265,1266,1268,1269,1270,1273,1275,1276,1279,1281,1283,1285,1287,1288,1289,1290,1291,1293,1296,1297,1298,1299,1305,1311,1312,1313,1314,1317,1325,1326,1329,1330,1335,1336,1339,1345,1351,1356,1359,1363,1364,1365,1366,1368,1371,1372,1374,1376,1381,1383,1387,1388,1389,1390,1394,1395,1396,1397,1398,1399,1404,1409,1414,1415,1416,1419,1420,1423,1425,1426,1427,1430,1432,1433,1436,1437,1439,1442,1443,1444,1446,1448,1450,1452,1453,1454,1455,1457,1458,1459,1460,1462,1464,1465,1469,1470,1471,1472,1473,1474,1476,1477,1478,1479,1480,1481,1483,1484,1485,1491,1492,1493,1494,1495,1496,1497,1499,1502,1508,1509,1511,1512,1514,1516,1518,1519,1520,1522,1523,1524,1525,1526,1528,1529,1531,1534,1537,1538,1540,1542,1545,1546,1547,1551,1553,1554,1556,1557,1560,1561,1562,1564,1565,1566,1567,1569,1570,1571,1574,1575,1577,1580,1581,1582,1583,1584,1585,1589,1590,1593,1594,1596,1598,1599,1600,1601,1602,1606,1608,1613,1620,1622,1623,1624,1626,1627,1630,1633,1634,1637,1638,1640,1642,1643,1646,1647,1648,1649,1652,1653,1655,1656,1657,1659,1661,1663,1665,1666,1668,1670,1671,1672,1675,1676,1677,1678,1680,1681,1682,1683,1684,1685,1686,1689,1690,1691,1692,1693,1695,1696,1697,1698,1704,1708,1711,1713,1716,1718,1719,1720,1721,1724,1725,1726,1727,1728,1730,1731,1738,1739,1740,1743,1746,1748,1749,1750,1751,1752,1753,1755,1756,1757,1758,1759,1761,1762,1764,1765,1766,1768,1769,1770,1771,1773,1776,1778,1779,1780,1781,1782,1783,1784,1786,1787,1788,1790,1791,1792,1793,1795,1796,1797,1799,1800,1802,1806,1812,1816,1817,1818,1826,1830,1833,1837,1841,1842,1846,1847,1848,1858,1859,1864,1866,1870,1872,1876,1880,1881,1882,1883,1884,1886,1890,1891,1892,1895,1896,1897,1900,1901,1902,1903,1904,1908,1909,1912,1913,1917,1918,1921,1923,1924,1928,1929,1934,1936,1937,1938,1939,1942,1944,1946,1950,1951,1957,1961,1963,1968,1972,1976,1978,1984,1989,1991,1997,2001,2002,2004,2005,2006,2007,2010,2012,2016,2017,2020,2021,2022,2023,2024,2026,2030,2032,2033,2036,2037,2038,2039,2040,2042,2043,2044,2045,2046,2048,2049,2050,2051,2053,2054,2055,2056,2057,2058,2061,2062,2063,2065,2066,2067,2068,2069,2072,2074,2075,2076,2077,2081,2082,2083,2087,2088,2090,2091,2093,2094,2096,2098,2099,2100,2103,2111,2114,2115,2117,2121,2125,2126,2128,2129,2130,2131,2132,2133,2136,2137,2138,2140,2143,2146,2149,2150,2151,2152,2153,2154,2155,2160,2164,2165,2166,2169,2170,2173,2174,2176,2178,2179,2182,2183,2184,2186,2187,2188,2191,2196,2199,2201,2209,2210,2220,2223,2238,2240,2245,2261,2264,2274,2281,2288,2300,2303,2307,2308,2309,2311,2312,2316,2318,2319,2321,2322,2324,2326,2327,2330,2332,2334,2335,2336,2337,2339,2340,2343,2344,2348,2350,2351,2352,2355,2356,2358,2359,2360,2361,2362,2363,2364,2367,2368,2372,2374,2375,2377,2378,2379,2383,2384,2385,2386,2389,2390,2391,2394,2395,2396,2403,2409,2412,2419,2424,2425,2426,2427,2428,2429,2431,2436,2440,2441,2443,2446,2448,2450,2455,2456,2461,2462,2463,2464,2466,2473,2475,2480,2484,2487,2494,2495,2500,2503,2504,2505,2507,2510,2511,2513,2515,2516,2519,2521,2523,2524,2527,2529,2531,2535,2536,2537,2539,2543,2544,2545,2549,2550,2553,2555,2558,2559,2560,2561,2563,2568,2569,2571,2572,2573,2575,2576,2580,2581,2582,2584,2585,2587,2589,2593,2595,2601,2602,2608,2610,2611,2614,2619,2622,2624,2627,2630,2633,2636,2638,2642,2643,2645,2648,2650,2655,2656,2658,2659,2661,2663,2665,2666,2674,2675,2676,2677,2684,2687,2688,2689,2692,2694,2696,2697,2700,2701,2702,2703,2704,2706,2707,2708,2709,2710,2712,2714,2715,2717,2718,2721,2722,2723,2726,2727,2728,2729,2730,2731,2732,2733,2734,2735,2736,2737,2739,2743,2747,2748,2749,2750,2751,2753,2754,2755,2756,2758,2759,2760,2761,2762,2764,2766,2767,2768,2770,2773,2774,2776,2779,2780,2783,2784,2785,2789,2790,2792,2793,2795,2796,2797,2798,2800,2806,2808,2810,2814,2818,2819,2820,2822,2824,2825,2827,2829,2833,2834,2841,2843,2844,2845,2846,2849,2850,2853,2855,2856,2857,2858,2859,2860,2862,2863,2864,2865,2866,2867,2869,2870,2872,2873,2874,2875,2876,2879,2881,2883,2884,2887,2889,2890,2892,2893,2894,2895,2896,2899,2905,2907,2912,2913,2920,2923,2924,2926,2937,2948,2952,2954,2955,2956,2957,2958,2959,2965,2967,2969,2970,2975,2977,2980,2981,2982,2983,2987,2991,2992,2993,2994,2995,2997,2998,2999,3000,3001,3004,3006,3007,3010,3011,3014,3015,3016,3017,3018,3019,3020,3023,3025,3027,3028,3029,3030,3031,3033,3036,3037,3039,3042,3043,3044,3045,3046,3051,3055,3056,3057,3058,3062,3065,3066,3067,3069,3070,3071,3073,3074,3075,3076,3077,3078,3079,3081,3082,3083,3085,3086,3087,3089,3091,3092,3093,3095,3096,3098,3099,3100,3105,3106,3110,3111,3117,3120,3122,3123,3125,3127,3129,3130,3131,3132,3133,3138,3142,3145,3147,3148,3150,3151,3153,3154,3155,3156,3157,3158,3159,3162,3166,3167,3168,3169,3170,3171,3172,3173,3174,3175,3176,3177,3179,3180,3184,3185,3188,3189,3190,3193,3195,3198,3201,3202,3206,3208,3210,3211,3212,3213,3214,3215,3217,3219,3220,3224,3225,3226,3227,3229,3231,3233,3234,3236,3238,3240,3242,3244,3245,3246,3247,3251,3252,3253,3255,3256,3259,3264,3265,3267,3269,3273,3275,3277,3278,3281,3282,3285,3289,3291,3293,3294,3299,3300,3305,3310,3311,3313,3316,3317,3320,3321,3322,3326,3329,3332,3334,3336,3337,3343,3344,3346,3349,3350,3353,3361,3362,3364,3366,3368,3369,3372,3376,3378,3379,3380,3381,3384,3387,3390,3391,3392,3393,3394,3395,3396,3398,3402,3403,3404,3406,3407,3409,3410,3411,3412,3414,3416,3418,3421,3426,3427,3428,3429,3430,3431,3432,3433,3434,3437,3439,3446,3447,3448,3453,3455,3459,3460,3462,3465,3466,3468,3469,3472,3474,3476,3479,3480,3489,3493,3494,3496,3497,3501,3502,3503,3505,3507,3508,3509,3510,3513,3515,3516,3517,3519,3520,3521,3524,3525,3535,3536,3538,3542,3543,3544,3545,3546,3547,3548,3551,3553,3554,3555,3557,3559,3560,3566,3567,3568,3569,3573,3577,3578,3581,3585,3587,3588,3591,3595,3596,3599,3601,3602,3605,3609,3610,3611,3612,3613,3616,3623,3628,3630,3635,3636,3637,3638,3640,3643,3644,3652,3654,3656,3658,3661,3664,3671,3678,3682,3683,3684,3686,3687,3690,3692,3697,3703,3707,3709,3711,3713,3716,3718,3720,3726,3730,3731,3732,3736,3737,3738,3741,3742,3746,3748,3749,3750,3751,3752,3753,3754,3756,3757,3759,3760,3762,3763,3764,3768,3770,3771,3772,3777,3782,3783,3784,3785,3789,3792,3794,3795,3796,3797,3801,3802,3804,3806,3807,3808,3813,3818,3819,3822,3823,3825,3826,3828,3829,3830,3831,3834,3835,3836,3837,3846,3849,3852,3853,3856,3861,3862,3863,3865,3866,3867,3868,3875,3876,3878,3880,3881,3882,3883,3884,3886,3889,3891,3894,3895,3898,3901,3904,3908,3911,3912,3914,3915,3922,3924,3927,3928,3934,3938,3940,3941,3949,3950,3952,3953,3954,3955,3957,3959,3960,3962,3963,3966,3967,3968,3969,3970,3971,3972,3973,3974,3975,3976,3978,3980,3981,3982,3984,3989,3991,3995,3996,3999,4000,4003,4004,4006,4010,4011,4012,4014,4017,4019,4022,4024,4025,4026,4028,4031,4033,4034,4035,4036,4037,4039,4040,4042,4045,4048,4049,4053,4057,4058,4060,4061,4062,4063,4066,4069,4073,4076,4081,4084,4087,4088,4092,4096,4099,4101,4105,4108,4109,4110,4114,4118,4119,4122,4124,4125,4128,4131,4132,4134,4135,4136,4137,4138,4139,4140,4141,4143,4144,4147,4149,4152,4153,4154,4155,4159,4160,4162,4164,4172,4173,4174,4177,4178,4181,4183,4186,4187,4189,4191,4192,4193,4195,4199,4200,4201,4204,4205,4206,4207,4208,4209,4210,4211,4213,4214,4215,4216,4217,4218,4219,4220,4221,4222,4224,4225,4227,4228,4229,4232,4233,4235,4236,4237,4238,4240,4241,4242,4244,4245,4246,4247,4250,4251,4253,4254,4255,4256,4257,4258,4260,4262,4263,4264,4266,4269,4270,4271,4272,4273,4275,4277,4278,4280,4281,4283,4285,4286,4287,4288,4289,4290,4291,4292,4293,4295,4296,4298,4299,4300,4304,4307,4315,4316,4318,4325,4337,4342,4344,4352,4353,4354,4355,4357,4359,4361,4362,4363,4365,4369,4371,4373,4380,4382,4385,4387,4394,4396,4397,4398,4402,4403,4405,4406,4408,4409,4410,4411,4413,4415,4419,4420,4421,4422,4424,4425,4429,4430,4435,4436,4437,4438,4439,4440,4441,4442,4443,4446,4449,4450,4451,4453,4456,4460,4462,4465,4466,4468,4472,4474,4475,4476,4478,4481,4485,4486,4487,4488,4489,4490,4492,4493,4494,4495,4497,4498,4499,4500,4504,4505,4507,4509,4510,4511,4513,4516,4517,4518,4522,4523,4525,4526,4529,4530,4531,4536,4537,4538,4539,4541,4544,4545,4547,4549,4550,4551,4553,4554,4556,4557,4558,4560,4563,4564,4570,4571,4572,4573,4574,4578,4580,4582,4584,4585,4586,4588,4591,4592,4594,4598,4599,4602,4603,4605,4606,4607,4609,4610,4611,4612,4615,4616,4617,4618,4619,4620,4622,4624,4625,4626,4630,4631,4633,4634,4635,4636,4637,4638,4639,4640,4641,4648,4649,4651,4652,4653,4657,4659,4660,4662,4663,4666,4670,4673,4678,4681,4685,4687,4688,4689,4690,4692,4693,4694,4695,4696,4699,4701,4704,4705,4706,4708,4709,4711,4715,4716,4717,4719,4722,4724,4728,4729,4731,4732,4734,4736,4742,4743,4745,4746,4747,4755,4757,4758,4761,4762,4765,4769,4772,4773,4774,4775,4776,4779,4782,4783,4784,4785,4789,4790,4793,4795,4798,4800,4801,4802,4806,4808,4809,4812,4815,4816,4817,4818,4819,4821,4822,4823,4825,4828,4829,4830,4831,4833,4836,4837,4841,4844,4846,4847,4851,4855,4858,4862,4864,4870,4871,4873,4875,4876,4877,4880,4882,4885,4886,4887,4888,4889,4894,4895,4898,4901,4903,4905,4907,4908,4910,4911,4913,4914,4916,4919,4920,4921,4922,4923,4925,4928,4929,4931,4933,4934,4935,4937,4939,4941,4943,4946,4948,4950,4955,4956,4958,4962,4965,4970,4971,4973,4974,4975,4976,4977,4980,4982,4983,4984,4985,4987,4990,4991,4992,4993,4994,4995,4996,4998,5000,5001,5002,5004,5005,5007,5008,5009,5010,5011,5013,5014,5015,5016,5017,5018,5019,5020,5021,5022,5023,5024,5025,5026,5028,5029,5030,5031,5032,5034,5035,5036,5038,5039,5040,5041,5043,5044,5045,5046,5047,5049,5050,5052,5053,5054,5055,5058,5059,5066,5067,5068,5070,5074,5075,5076,5077,5078,5079,5080,5081,5082,5084,5085,5090,5091,5093,5094,5100,5102,5103,5105,5106,5107,5108,5110,5112,5113,5117,5118,5119,5120,5122,5123,5124,5125,5126,5129,5131,5132,5133,5136,5137,5138,5139,5142,5144,5145,5146,5147,5148,5149,5151,5152,5153,5154,5155,5156,5159,5160,5163,5168,5171,5173,5175,5176,5177,5179,5183,5186,5188,5191,5194,5196,5197,5199,5200,5201,5202,5203,5206,5210,5211,5212,5213,5214,5217,5218,5219,5220,5221,5222,5223,5224,5227,5228,5230,5232,5233,5235,5238,5240,5242,5243,5244,5245,5250,5252,5253,5256,5257,5260,5265,5267,5268,5275,5276,5277,5280,5281,5282,5286,5288,5290,5291,5293,5295,5299,5300,5304,5305,5308,5309,5312,5314,5316,5321,5322,5326,5327,5330,5332,5333,5338,5339,5340,5343,5348,5349,5351,5352,5353,5354,5355,5360,5363,5364,5365,5367,5368,5369,5370,5371,5372,5373,5379,5380,5382,5383,5384,5385,5387,5388,5389,5391,5394,5401,5402,5407,5411,5412,5415,5417,5421,5422,5424,5425,5426,5429,5434,5436,5437,5440,5443,5447,5451,5453,5456,5457,5458,5459,5461,5462,5463,5467,5471,5472,5478,5479,5481,5482,5486,5487,5493,5496,5497,5498,5499,5501,5502,5504,5506,5507,5509,5511,5512,5513,5516,5521,5522,5523,5524,5530,5537,5538,5539,5542,5543,5545,5546,5547,5548,5553,5554,5555,5557,5560,5561,5564,5566,5569,5570,5571,5572,5573,5576,5577,5578,5579,5582,5584,5585,5586,5588,5589,5591,5592,5594,5595,5596,5597,5600,5601,5602,5604,5606,5608,5609,5610,5616,5617,5622,5623,5628,5629,5634,5635,5637,5641,5643,5644,5645,5647,5656,5658,5661,5663,5664,5665,5666,5670,5671,5672,5673,5676,5677,5678,5680,5681,5683,5687,5690,5695,5696,5697,5705,5706,5708,5710,5713,5738,5750,5751,5755,5757,5759,5760,5763,5765,5766,5767,5768,5769,5772,5773,5775,5776,5777,5778,5779,5780,5782,5783,5785,5786,5787,5788,5790,5791,5793,5795,5796,5797,5798,5799,5803,5805,5806,5807,5810,5813,5816,5818,5819,5820,5825,5827,5828,5829,5831,5832,5833,5834,5836,5840,5841,5843,5844,5848,5850,5851,5852,5853,5854,5855,5856,5858,5860,5861,5862,5863,5867,5868,5870,5872,5873,5874,5875,5876,5878,5879,5881,5882,5884,5885,5886,5888,5890,5893,5896,5897,5899,5900,5901,5908,5913,5916,5929,5932,5944,5949,5953,5963,5964,5967,5971,5972,5980,5982,5984,5989,5991,5997,6002,6003,6005,6009,6011,6015,6022,6029,6031,6034,6037,6039,6043,6045,6046,6047,6052,6053,6056,6057,6059,6061,6062,6065,6066,6068,6069,6071,6072,6076,6078,6082,6084,6086,6087,6088,6091,6092,6094,6097,6099,6100,6101,6102,6106,6108,6114,6116,6119,6123,6124,6131,6133,6134,6136,6137,6139,6140,6141,6149,6151,6152,6153,6154,6155,6156,6157,6158,6160,6161,6162,6163,6164,6165,6166,6167,6168,6169,6170,6171,6172,6174,6175,6176,6178,6179,6180,6181,6182,6183,6184,6185,6186,6187,6188,6189,6190,6191,6192,6193,6194,6195,6196,6197,6198,6199,6200,6202,6205,6208,6209,6210,6213,6214,6216,6217,6218,6219,6221,6222,6223,6224,6225,6226,6227,6228,6229,6231,6232,6233,6234,6235,6236,6237,6238,6239,6240,6241,6242,6243,6244,6245,6246,6247,6249,6252,6253,6255,6258,6261,6263,6265,6267,6268,6269,6270,6271,6272,6274,6275,6276,6278,6284,6286,6287,6288,6289,6290,6292,6293,6294,6297,6298,6299,6300,6301,6302,6305,6307,6309,6310,6314,6315,6316,6317,6318,6319,6320,6321,6322,6325,6326,6327,6328,6332,6333,6334,6338,6340,6342,6343,6344,6346,6349,6353,6363,6367,6368,6384,6386,6390,6396,6398,6401,6404,6425,6427,6431,6432,6439,6444,6445,6446,6450,6452,6454,6455,6456,6457,6458,6459,6460,6461,6462,6463,6466,6469,6470,6471,6472,6473,6474,6475,6476,6477,6478,6479,6482,6483,6484,6485,6486,6488,6489,6490,6492,6493,6494,6495,6496,6497,6503,6504,6505,6506,6507,6508,6510,6511,6512,6513,6514,6517,6518,6519,6520,6523,6524,6525,6526,6527,6528,6529,6530,6532,6533,6535,6536,6539,6541,6543,6544,6545,6547,6548,6549,6550,6551,6552,6554,6556,6558,6559,6560,6561,6562,6564,6570,6571,6572,6573,6581,6583,6586,6587,6588,6591,6592,6595,6600,6601,6603,6604,6605,6607,6608,6609,6610,6611,6612,6613,6614,6615,6617,6618,6620,6621,6622,6625,6627,6629,6630,6632,6633,6635,6636,6637,6638,6639,6640,6641,6642,6644,6646,6648,6649,6651,6652,6653,6654,6658,6660,6661,6663,6664,6665,6667,6668,6669,6672,6674,6675,6677,6678,6679,6680,6681,6689,6690,6691,6693,6694,6696,6697,6698,6699,6700,6703,6704,6705,6707,6708,6709,6710,6711,6712,6713,6714,6715,6716,6717,6718,6722,6723,6725,6727,6728,6729,6730,6731,6732,6734,6737,6739,6741,6742,6744,6745,6746,6748,6749,6750,6751,6752,6753,6756,6757,6760,6762,6763,6764,6765,6766,6767,6769,6770,6771,6773,6775,6776,6777,6778,6779,6780,6781,6782,6783,6784,6785,6786,6787,6788,6789,6790,6791,6792,6794,6795,6796,6798,6799,6801,6802,6803,6804,6810,6811,6812,6813,6817,6818,6823,6824,6825,6827,6831,6832,6833,6835,6839,6842,6844,6845,6847,6849,6850,6851,6854,6855,6856,6857,6858,6862,6863,6864,6865,6869,6870,6871,6874,6875,6876,6877,6878,6879,6880,6881,6882,6887,6888,6889,6890,6892,6893,6894,6896,6897,6899,6901,6903,6907,6910,6911,6913,6914,6915,6919,6925,6927,6929,6930,6931,6932,6935,6938,6944,6945,6951,6953,6954,6956,6957,6958,6959,6960,6961,6963,6964,6965,6967,6972,6974,6981,6982,6983,6987,6988,6989,6991,6992,6993,6994,6995,6996,6998,7000,7001,7004,7005,7007,7008,7009,7010,7012,7013,7016,7017,7018,7019,7022,7025,7026,7028,7029,7030,7031,7032,7033,7035,7036,7038,7039,7040,7043,7044,7046,7047,7048,7050,7051,7052,7053,7055,7057,7058,7059,7060,7065,7066,7067,7068,7073,7076,7080,7081,7082,7084,7087,7089,7090,7092,7093,7094,7097,7098,7100,7101,7102,7103,7105,7106,7107,7108,7109,7110,7113,7116,7120,7121,7122,7123,7124,7126,7128,7131,7132,7133,7134,7135,7136,7139,7140,7141,7142,7143,7144,7145,7147,7149,7155,7158,7160,7161,7162,7165,7167,7168,7178,7179,7180,7181,7182,7185,7187,7189,7190,7191,7195,7205,7208,7212,7217,7223,7227,7229,7232,7238,7239,7241,7252,7253,7254,7255,7259,7262,7263,7264,7266,7270,7271,7272,7273,7278,7279,7280,7283,7284,7285,7288,7291,7292,7294,7295,7296,7297,7299,7300,7302,7303,7305,7306,7307,7308,7311,7314,7316,7318,7319,7321,7322,7323,7324,7327,7328,7329,7330,7331,7332,7333,7335,7337,7338,7341,7343,7344,7346,7347,7348,7349,7351,7352,7353,7355,7356,7357,7358,7360,7361,7366,7368,7370,7371,7372,7373,7374,7375,7376,7377,7379,7381,7382,7383,7384,7386,7389,7390,7391,7392,7395,7397,7398,7399,7401,7402,7403,7407,7409,7410,7412,7413,7414,7415,7417,7419,7420,7427,7428,7429,7430,7431,7432,7433,7435,7436,7437,7440,7442,7443,7444,7447,7450,7455,7458,7461,7464,7465,7468,7469,7476,7477,7478,7479,7481,7485,7488,7490,7492,7493,7499,7500,7502,7504,7505,7506,7507,7508,7509,7510,7513,7515,7517,7525,7531,7533,7534,7535,7538,7541,7543,7544,7550,7551,7552,7555,7557,7558,7561,7563,7565,7567,7568,7569,7570,7572,7574,7577,7578,7582,7583,7584,7586,7588,7589,7591,7592,7596,7597,7599,7600,7601,7602,7603,7604,7607,7608,7609,7610,7611,7612,7613,7614,7615,7616,7617,7619,7622,7623,7624,7625,7627,7628,7629,7630,7631,7632,7634,7635,7636,7637,7640,7643,7644,7648,7651,7653,7654,7659,7662,7667,7670,7671,7673,7674,7676,7677,7680,7686,7687,7688,7693,7695,7697,7701,7702,7703,7704,7706,7709,7715,7716,7717,7720,7724,7725,7728,7729,7733,7734,7736,7751,7763,7765,7768,7772,7773,7774,7777,7778,7779,7788,7795,7799,7802,7805,7833,7841,7843,7846,7851,7852,7853,7855,7861,7862,7865,7866,7867,7870,7871,7875,7876,7878,7881,7882,7885,7888,7890,7891,7892,7893,7894,7896,7897,7899,7900,7904,7905,7909,7911,7915,7916,7925,7931,7937,7942,7947,7953,7955,7959,7960,7961,7964,7966,7967,7971,7974,7979,7980,7983,7985,7987,7988,7990,7995,7998,7999,8000,8002,8003,8004,8007,8009,8010,8013,8016,8017,8020,8021,8022,8024,8025,8027,8029,8030,8031,8033,8034,8035,8036,8037,8039,8040,8042,8044,8046,8052,8053,8055,8056,8057,8060,8061,8062,8063,8066,8068,8069,8070,8071,8072,8074,8075,8076,8077,8082,8084,8085,8086,8087,8088,8090,8092,8093,8094,8096,8097,8098,8100,8101,8103,8104,8105,8106,8107,8108,8109,8111,8112,8114,8115,8118,8119,8120,8121,8122,8123,8124,8126,8127,8129,8130,8131,8132,8133,8134,8135,8136,8138,8139,8140,8141,8142,8143,8144,8145,8146,8147,8149,8150,8154,8160,8164,8168,8171,8172,8176,8187,8189,8190,8197,8198,8200,8203,8204,8208,8212,8218,8221,8222,8223,8225,8231,8233,8235,8236,8241,8243,8244,8245,8247,8255,8256,8258,8260,8261,8262,8263,8267,8271,8274,8283,8285,8287,8288,8291,8296,8297,8299,8303,8305,8306,8310,8312,8314,8318,8321,8322,8323,8326,8329,8332,8333,8338,8339,8342,8345,8346,8347,8351,8352,8353,8354,8363,8364,8365,8368,8369,8370,8371,8372,8374,8375,8378,8379,8381,8382,8383,8384,8385,8386,8388,8390,8391,8392,8393,8395,8396,8397,8398,8401,8402,8404,8407,8408,8409,8411,8412,8414,8416,8421,8422,8423,8424,8425,8427,8428,8429,8437,8438,8439,8440,8442,8445,8446,8447,8448,8449,8451,8452,8455,8458,8459,8460,8462,8463,8464,8466,8470,8474,8475,8476,8478,8479,8480,8483,8484,8486,8488,8489,8491,8493,8495,8496,8502,8503,8505,8506,8507,8508,8509,8510,8513,8515,8516,8517,8518,8519,8520,8522,8523,8524,8525,8527,8528,8529,8531,8532,8533,8534,8535,8537,8539,8541,8543,8544,8546,8548,8549,8551,8552,8553,8554,8555,8556,8558,8559,8570,8575,8577,8578,8581,8582,8583,8585,8586,8587,8588,8589,8592,8593,8595,8597,8598,8600,8601,8603,8605,8608,8609,8610,8612,8613,8616,8617,8620,8621,8622,8623,8624,8625,8626,8629,8630,8632,8635,8636,8637,8640,8641,8645,8649,8651,8655,8658,8659,8660,8661,8662,8663,8666,8667,8669,8670,8674,8675,8676,8678,8679,8680,8681,8682,8687,8688,8690,8692,8695,8696,8698,8702,8704,8705,8706,8707,8708,8709,8710,8711,8712,8714,8716,8717,8719,8720,8721,8724,8730,8731,8732,8733,8736,8737,8738,8739,8740,8741,8744,8746,8747,8748,8758,8759,8760,8765,8775,8795,8796,8797,8798,8804,8806,8807,8808,8810,8812,8813,8814,8815,8816,8818,8820,8824,8825,8826,8827,8828,8830,8831,8833,8834,8838,8839,8840,8841,8842,8843,8844,8850,8851,8852,8854,8857,8860,8861,8864,8865,8866,8867,8869,8870,8871,8872,8875,8876,8880,8881,8883,8886,8887,8888,8889,8890,8894,8895,8896,8898,8899,8901,8902,8903,8904,8905,8906,8907,8908,8909,8911,8913,8915,8916,8918,8919,8920,8921,8922,8923,8925,8926,8927,8928,8930,8931,8932,8933,8938,8939,8940,8941,8942,8943,8949,8951,8955,8956,8958,8963,8964,8973,8975,8976,8979,8980,8982,8983,8988,8992,8993,8995,8998,9000,9001,9002,9003,9004,9005,9006,9007,9008,9009,9011,9013,9016,9017,9019,9020,9021,9025,9026,9030,9032,9033,9034,9037,9038,9039,9040,9041,9043,9044,9045,9046,9048,9049,9051,9055,9056,9061,9062,9066,9068,9070,9081,9090,9091,9092,9093,9097,9101,9104,9105,9106,9107,9110,9112,9115,9116,9117,9120,9121,9122,9123,9124,9125,9126,9127,9129,9130,9133,9134,9135,9136,9138,9139,9143,9144,9145,9146,9148,9149,9150,9152,9153,9154,9156,9157,9158,9159,9160,9161,9162,9163,9166,9170,9173,9174,9175,9177,9178,9179,9180,9181,9183,9185,9186,9187,9188,9189,9191,9196,9197,9198,9200,9201,9204,9205,9207,9209,9213,9216,9218,9220,9222,9224,9227,9229,9232,9234,9237,9241,9243,9246,9247,9250,9251,9254,9258,9263,9264,9266,9267,9269,9271,9272,9273,9275,9276,9278,9280,9281,9282,9283,9284,9285,9286,9288,9289,9290,9291,9292,9293,9295,9298,9299,9300,9301,9302,9307,9308,9309,9310,9311,9312,9313,9314,9315,9320,9321,9324,9326,9327,9329,9332,9333,9334,9335,9336,9338,9339,9340,9341,9343,9344,9347,9348,9351,9352,9355,9356,9357,9359,9361,9362,9367,9368,9369,9371,9373,9375,9376,9377,9378,9379,9381,9383,9384,9385,9386,9391,9392,9394,9396,9397,9398,9401,9403,9405,9407,9410,9412,9413,9415,9416,9417,9420,9421,9422,9424,9426,9429,9430,9431,9432,9434,9435,9438,9443,9445,9446,9448,9456,9459,9461,9464,9465,9466,9468,9469,9470,9471,9472,9473,9474,9475,9477,9478,9480,9482,9483,9484,9485,9486,9487,9488,9489,9491,9492,9493,9494,9498,9499,9500,9502,9504,9505,9506,9507,9509,9510,9511,9512,9513,9514,9516,9519,9520,9521,9522,9523,9524,9525,9526,9528,9529,9531,9532,9533,9537,9541,9542,9543,9544,9547,9552,9554,9555,9556,9557,9559,9560,9562,9565,9571,9572,9573,9574,9575,9576,9578,9581,9583,9584,9588,9591,9592,9593,9594,9596,9597,9599,9600,9602,9603,9604,9605,9606,9608,9609,9611,9612,9613,9614,9615,9616,9618,9619,9620,9621,9622,9623,9624,9626,9627,9628,9629,9631,9632,9633,9634,9636,9637,9639,9641,9642,9644,9645,9646,9648,9649,9650,9651,9652,9654,9655,9657,9658,9659,9662,9663,9664,9666,9668,9670,9672,9673,9675,9677,9680,9681,9682,9683,9685,9686,9687,9688,9689,9690,9691,9692,9693,9694,9695,9697,9698,9699,9700,9701,9703,9704,9707,9708,9709,9711,9714,9715,9716,9717,9718,9719,9722,9723,9724,9726,9727,9728,9729,9731,9732,9733,9734,9736,9737,9738,9739,9740,9742,9744,9745,9746,9748,9750,9751,9754,9755,9756,9758,9760,9761,9762,9763,9764,9765,9766,9767,9768,9769,9770,9771,9772,9773,9775,9776,9778,9779,9780,9781,9783,9784,9785,9786,9787,9788,9789,9790,9791,9795,9797,9798,9799,9800,9803,9805,9812,9820,9823,9825,9832,9834,9838,9842,9850,9853,9854,9858,9859,9861,9863,9864,9865,9867,9868,9871,9872,9873,9875,9878,9879,9880,9881,9882,9883,9884,9885,9886,9887,9888,9889,9891,9892,9893,9896,9897,9898,9899,9900,9909,9912,9914,9950,9952,9958,9959,9960,9962,9967,9971,9972,9978,9980,9982,9985,9989,9992",1.84
omics_genomics,development,200,10000,10,0.001,0.7,0.5,1.0,VarCorr_Baseline,1,0.002,1.0,0.004,0.002,1.0,5000,0.5,,0.069,0.0115,"0,1,4,5,6,7,8,9,10,11,12,13,14,15,16,17,18,20,22,23,24,27,29,30,32,34,36,37,38,39,41,43,45,46,48,50,51,52,53,54,55,56,57,58,59,60,61,63,65,66,67,68,69,70,71,72,74,75,76,77,79,80,81,82,83,84,87,88,89,91,92,94,96,97,98,99,100,101,102,103,104,105,109,110,111,112,113,114,115,116,117,118,119,120,121,123,124,125,126,129,130,132,134,135,136,137,138,139,140,141,142,144,146,147,148,149,150,153,159,164,167,168,172,173,175,176,177,179,180,181,183,186,190,192,194,195,196,197,198,199,200,201,203,204,205,206,208,209,210,212,214,217,221,223,226,227,228,230,231,234,237,241,242,243,244,245,246,248,249,250,251,253,255,259,264,267,268,270,271,272,274,275,276,277,284,285,288,289,293,295,300,301,302,304,306,307,308,311,312,315,316,317,319,321,324,325,326,328,329,330,331,332,333,334,337,339,340,341,342,343,344,345,346,347,348,349,350,351,352,354,356,357,358,359,362,364,365,368,369,371,372,373,374,376,377,381,382,384,385,386,387,388,389,390,391,393,394,395,396,397,398,399,400,402,404,406,408,411,414,421,422,425,429,435,436,437,441,447,450,451,453,455,457,458,459,460,461,462,463,464,466,469,471,472,473,474,476,477,479,483,484,486,487,488,490,492,493,494,497,498,499,503,507,508,510,517,519,522,525,527,529,532,535,538,539,540,542,543,545,547,550,551,553,554,556,557,558,560,562,563,565,567,570,572,574,576,578,579,580,582,583,585,586,587,588,591,593,594,596,597,598,600,602,608,609,614,617,619,620,621,622,625,627,628,631,632,633,634,636,637,639,640,641,645,646,648,649,651,652,653,654,655,656,658,661,662,665,666,667,670,671,674,675,676,677,678,679,680,681,682,683,684,685,686,688,691,692,693,695,699,700,701,704,705,708,711,713,714,715,718,719,721,722,724,725,726,728,729,732,733,734,735,736,737,738,739,740,741,744,745,747,748,749,750,751,752,753,754,755,756,757,763,764,766,767,769,773,774,776,779,783,784,785,786,790,792,793,794,795,796,798,799,802,803,804,805,806,807,808,809,811,812,814,817,819,820,821,822,823,825,828,830,831,832,834,835,837,838,844,845,846,847,848,854,856,862,864,868,873,875,876,877,883,884,885,891,892,893,896,898,899,900,901,903,905,906,908,910,911,912,913,914,915,916,917,918,919,920,922,923,924,925,926,927,928,929,931,933,934,935,936,937,938,939,940,941,942,943,944,946,948,949,953,954,955,956,966,968,971,972,973,978,981,982,984,985,987,988,989,992,993,994,995,1000,1002,1003,1004,1005,1006,1007,1009,1010,1011,1012,1013,1018,1019,1020,1021,1022,1023,1024,1025,1026,1027,1028,1031,1032,1033,1037,1038,1040,1042,1043,1048,1049,1052,1064,1068,1071,1074,1075,1076,1078,1080,1081,1083,1090,1096,1097,1098,1100,1101,1103,1104,1105,1106,1109,1110,1111,1112,1115,1117,1118,1119,1120,1124,1126,1127,1130,1131,1132,1133,1135,1136,1138,1139,1142,1144,1145,1146,1147,1150,1151,1152,1153,1154,1155,1156,1159,1160,1161,1163,1164,1166,1167,1170,1171,1172,1173,1174,1175,1177,1178,1180,1181,1182,1183,1185,1186,1188,1189,1192,1193,1194,1196,1197,1198,1200,1201,1205,1206,1208,1210,1212,1214,1215,1216,1217,1218,1221,1222,1228,1229,1232,1233,1236,1237,1238,1240,1241,1242,1244,1245,1248,1249,1253,1255,1256,1259,1261,1262,1263,1269,1270,1271,1273,1276,1277,1278,1279,1281,1287,1294,1296,1301,1302,1305,1307,1310,1311,1312,1313,1317,1320,1321,1322,1324,1325,1331,1332,1334,1335,1336,1337,1341,1342,1343,1345,1348,1351,1353,1357,1360,1362,1365,1366,1369,1373,1375,1378,1380,1382,1384,1385,1387,1389,1391,1394,1395,1396,1404,1405,1406,1412,1414,1416,1417,1418,1419,1421,1422,1423,1425,1426,1429,1432,1437,1440,1441,1442,1449,1451,1452,1454,1456,1457,1460,1463,1464,1465,1467,1468,1469,1470,1471,1472,1474,1475,1476,1477,1478,1480,1481,1482,1483,1485,1486,1488,1490,1491,1492,1493,1494,1495,1497,1498,1499,1505,1512,1525,1527,1528,1537,1538,1542,1550,1551,1553,1555,1556,1557,1560,1561,1562,1563,1564,1565,1568,1573,1575,1576,1577,1578,1579,1580,1582,1583,1584,1586,1590,1592,1593,1594,1595,1596,1598,1599,1600,1604,1605,1607,1609,1610,1612,1613,1614,1615,1616,1617,1620,1623,1624,1625,1626,1627,1628,1629,1630,1631,1633,1634,1636,1638,1640,1641,1644,1646,1647,1648,1649,1652,1653,1654,1655,1656,1659,1660,1661,1662,1664,1666,1667,1669,1670,1671,1672,1673,1676,1677,1679,1681,1682,1683,1684,1687,1688,1691,1692,1694,1697,1699,1700,1704,1705,1706,1707,1709,1719,1725,1726,1727,1732,1735,1744,1745,1746,1752,1754,1756,1757,1758,1760,1761,1764,1765,1766,1768,1769,1770,1772,1774,1777,1778,1781,1783,1785,1788,1792,1793,1796,1798,1799,1800,1801,1802,1803,1804,1805,1807,1808,1809,1810,1811,1813,1814,1815,1816,1817,1818,1819,1820,1822,1823,1824,1825,1826,1827,1828,1829,1830,1832,1833,1834,1835,1836,1837,1839,1841,1842,1843,1844,1845,1846,1847,1850,1851,1852,1853,1854,1855,1856,1857,1858,1859,1861,1862,1863,1864,1865,1866,1867,1868,1869,1870,1871,1873,1874,1875,1877,1879,1880,1881,1882,1884,1886,1887,1888,1889,1890,1891,1892,1893,1894,1895,1896,1897,1898,1899,1901,1902,1904,1906,1907,1908,1909,1910,1911,1913,1914,1915,1918,1919,1921,1922,1923,1925,1926,1927,1928,1930,1932,1933,1935,1937,1939,1941,1945,1946,1947,1948,1950,1951,1956,1959,1960,1963,1964,1965,1969,1970,1971,1972,1973,1974,1976,1979,1981,1982,1983,1984,1985,1986,1987,1988,1990,1991,1993,1996,1997,1998,1999,2001,2002,2004,2006,2007,2008,2009,2010,2011,2012,2013,2014,2015,2016,2017,2018,2019,2020,2021,2022,2023,2025,2026,2029,2030,2031,2033,2036,2037,2038,2042,2043,2044,2045,2047,2049,2051,2055,2057,2060,2061,2062,2063,2066,2067,2068,2069,2073,2076,2078,2080,2081,2082,2084,2086,2087,2088,2089,2090,2091,2092,2093,2094,2095,2096,2097,2098,2099,2105,2109,2110,2112,2115,2116,2117,2121,2123,2125,2126,2127,2128,2129,2132,2134,2135,2138,2139,2141,2144,2145,2148,2150,2153,2155,2157,2158,2160,2167,2177,2178,2181,2182,2199,2204,2207,2226,2237,2249,2250,2251,2253,2254,2256,2257,2260,2261,2264,2265,2267,2269,2270,2271,2274,2275,2277,2278,2280,2282,2283,2284,2285,2286,2287,2288,2290,2291,2292,2294,2295,2296,2297,2298,2299,2301,2302,2306,2308,2309,2311,2312,2313,2315,2324,2330,2332,2334,2335,2337,2338,2341,2342,2343,2344,2346,2350,2353,2365,2366,2367,2370,2375,2377,2379,2384,2386,2390,2393,2395,2398,2401,2402,2404,2408,2411,2414,2416,2417,2418,2419,2422,2424,2428,2430,2433,2434,2437,2438,2440,2446,2449,2450,2452,2454,2457,2458,2463,2464,2466,2470,2471,2472,2474,2475,2476,2478,2481,2483,2484,2485,2486,2487,2488,2489,2492,2496,2498,2499,2500,2501,2502,2505,2508,2509,2515,2516,2518,2519,2520,2521,2522,2524,2525,2526,2527,2528,2529,2530,2531,2532,2534,2536,2538,2539,2541,2543,2544,2548,2549,2550,2551,2552,2553,2555,2556,2559,2560,2561,2562,2563,2568,2569,2570,2572,2573,2575,2579,2580,2583,2585,2587,2590,2596,2598,2599,2608,2609,2614,2652,2654,2656,2658,2659,2664,2666,2677,2679,2682,2683,2684,2685,2687,2688,2690,2692,2693,2695,2696,2698,2699,2701,2703,2704,2706,2708,2709,2711,2712,2714,2717,2723,2724,2726,2729,2730,2733,2735,2736,2738,2741,2746,2751,2752,2753,2754,2755,2756,2758,2759,2761,2763,2766,2767,2768,2769,2770,2771,2773,2774,2776,2778,2780,2781,2782,2784,2785,2787,2788,2789,2790,2791,2792,2793,2794,2795,2797,2798,2799,2800,2802,2803,2804,2805,2806,2807,2808,2811,2812,2814,2816,2817,2818,2820,2821,2822,2823,2825,2826,2827,2828,2829,2830,2831,2832,2833,2834,2835,2837,2838,2839,2843,2848,2849,2850,2851,2854,2856,2857,2858,2859,2860,2862,2863,2864,2865,2867,2868,2869,2871,2872,2875,2876,2877,2880,2881,2883,2884,2885,2886,2889,2890,2892,2893,2894,2895,2897,2899,2907,2908,2909,2910,2911,2914,2915,2916,2917,2919,2921,2922,2923,2924,2926,2927,2928,2929,2930,2931,2932,2936,2937,2938,2941,2945,2946,2947,2948,2949,2951,2952,2953,2954,2958,2962,2964,2966,2972,2974,2978,2980,2981,2985,2987,2992,2993,2999,3003,3012,3015,3020,3021,3027,3033,3035,3037,3038,3041,3043,3046,3047,3053,3058,3063,3065,3069,3072,3076,3081,3082,3087,3098,3100,3101,3104,3105,3106,3107,3109,3110,3111,3112,3113,3114,3115,3116,3117,3119,3120,3122,3123,3124,3125,3126,3127,3128,3133,3134,3135,3136,3138,3139,3141,3142,3143,3146,3148,3149,3152,3157,3160,3165,3166,3173,3177,3178,3180,3184,3185,3186,3189,3190,3195,3199,3203,3215,3216,3218,3220,3224,3228,3231,3233,3237,3240,3243,3251,3252,3253,3254,3255,3257,3259,3260,3262,3264,3266,3271,3272,3273,3277,3282,3283,3286,3287,3288,3289,3292,3296,3301,3303,3309,3310,3311,3313,3317,3323,3325,3326,3331,3332,3333,3337,3338,3340,3346,3348,3349,3350,3353,3354,3355,3356,3357,3359,3362,3363,3364,3365,3366,3367,3368,3369,3371,3374,3376,3378,3380,3381,3382,3383,3385,3386,3388,3390,3393,3397,3399,3401,3403,3404,3406,3407,3408,3409,3410,3412,3413,3414,3415,3417,3419,3420,3422,3426,3427,3428,3430,3431,3432,3433,3434,3436,3437,3438,3439,3440,3441,3442,3443,3444,3445,3446,3449,3450,3451,3452,3454,3457,3458,3459,3460,3461,3462,3465,3466,3470,3474,3475,3477,3478,3479,3480,3481,3482,3485,3486,3489,3491,3492,3498,3499,3500,3501,3502,3509,3513,3515,3518,3522,3524,3525,3528,3529,3532,3533,3540,3541,3544,3545,3547,3548,3549,3551,3552,3559,3560,3561,3563,3566,3567,3568,3569,3570,3575,3576,3579,3580,3581,3583,3584,3586,3591,3596,3597,3600,3601,3602,3606,3607,3608,3609,3615,3616,3619,3622,3623,3624,3625,3626,3628,3629,3630,3632,3634,3635,3636,3637,3638,3641,3644,3645,3646,3648,3650,3656,3658,3667,3668,3676,3680,3682,3684,3693,3695,3700,3701,3702,3703,3704,3705,3706,3708,3713,3718,3719,3720,3721,3722,3723,3725,3727,3728,3729,3730,3731,3733,3734,3735,3736,3737,3739,3740,3741,3743,3744,3745,3746,3750,3752,3754,3756,3759,3761,3762,3763,3764,3766,3767,3768,3769,3773,3774,3776,3778,3779,3784,3785,3790,3791,3793,3795,3796,3799,3809,3823,3828,3832,3833,3840,3856,3857,3858,3862,3865,3866,3867,3872,3877,3880,3883,3884,3885,3888,3889,3890,3892,3895,3897,3898,3899,3900,3903,3904,3912,3913,3914,3915,3916,3920,3921,3924,3925,3926,3929,3934,3935,3937,3939,3940,3942,3944,3945,3950,3953,3956,3959,3962,3964,3966,3968,3969,3971,3974,3976,3977,3980,3981,3982,3984,3985,3987,3989,3990,3991,3993,3994,3995,3996,3997,3999,4000,4001,4002,4003,4004,4005,4006,4009,4011,4012,4014,4015,4016,4018,4019,4022,4023,4024,4025,4028,4030,4031,4033,4034,4035,4037,4038,4039,4040,4041,4043,4044,4045,4047,4048,4049,4051,4054,4055,4056,4062,4065,4075,4080,4084,4094,4096,4097,4098,4102,4106,4108,4109,4110,4111,4112,4113,4114,4115,4119,4121,4124,4125,4127,4133,4134,4135,4136,4137,4138,4139,4142,4143,4149,4150,4151,4153,4158,4159,4163,4165,4168,4170,4173,4181,4183,4184,4185,4186,4189,4191,4194,4195,4197,4200,4203,4205,4206,4207,4210,4212,4213,4214,4216,4217,4218,4219,4221,4222,4227,4235,4240,4243,4244,4248,4253,4255,4256,4258,4262,4266,4267,4268,4276,4280,4283,4285,4290,4293,4294,4298,4300,4301,4302,4306,4307,4309,4310,4314,4321,4326,4328,4331,4337,4338,4339,4340,4341,4342,4344,4347,4349,4353,4355,4358,4372,4383,4385,4387,4389,4393,4405,4407,4409,4414,4427,4428,4441,4444,4450,4453,4454,4455,4459,4461,4463,4464,4465,4466,4468,4469,4470,4471,4473,4474,4475,4476,4478,4479,4480,4482,4483,4486,4487,4488,4491,4492,4493,4495,4497,4499,4501,4502,4503,4504,4506,4507,4508,4509,4510,4512,4513,4514,4518,4519,4521,4522,4525,4526,4527,4530,4533,4534,4535,4540,4541,4543,4544,4546,4547,4548,4549,4550,4552,4554,4556,4557,4559,4562,4564,4566,4567,4569,4570,4571,4572,4573,4574,4575,4579,4580,4581,4582,4584,4586,4588,4589,4590,4591,4593,4596,4597,4598,4600,4601,4603,4604,4605,4606,4607,4608,4609,4610,4611,4612,4613,4614,4616,4617,4618,4620,4622,4624,4628,4630,4632,4636,4638,4640,4641,4642,4643,4644,4646,4650,4654,4655,4656,4658,4659,4660,4663,4665,4668,4670,4671,4673,4674,4675,4679,4680,4681,4684,4689,4690,4691,4693,4694,4695,4697,4698,4704,4706,4708,4712,4718,4720,4722,4723,4724,4727,4729,4734,4743,4744,4747,4748,4750,4751,4752,4753,4755,4756,4761,4762,4764,4765,4766,4767,4768,4769,4770,4771,4772,4776,4777,4778,4779,4781,4784,4786,4787,4788,4789,4790,4792,4793,4794,4795,4796,4797,4798,4799,4801,4804,4805,4807,4808,4809,4810,4811,4812,4814,4815,4816,4817,4818,4819,4820,4821,4823,4825,4831,4835,4836,4837,4839,4840,4843,4844,4845,4846,4847,4849,4854,4855,4856,4858,4859,4861,4862,4863,4864,4867,4868,4869,4873,4874,4878,4879,4884,4885,4887,4888,4889,4890,4891,4892,4893,4894,4895,4896,4897,4898,4900,4901,4903,4904,4907,4911,4915,4916,4918,4921,4922,4923,4927,4930,4931,4932,4935,4936,4941,4942,4944,4946,4947,4948,4949,4950,4951,4955,4957,4959,4960,4961,4962,4963,4964,4967,4968,4970,4971,4972,4973,4974,4976,4979,4980,4981,4983,4986,4988,4989,4990,4994,4997,5000,5002,5004,5005,5006,5007,5009,5010,5011,5012,5013,5014,5016,5017,5018,5019,5020,5021,5022,5023,5024,5025,5026,5027,5029,5032,5033,5035,5037,5039,5041,5042,5045,5047,5048,5049,5050,5051,5052,5054,5055,5061,5062,5063,5064,5065,5067,5068,5069,5070,5071,5072,5074,5076,5077,5078,5079,5080,5081,5083,5084,5085,5086,5087,5088,5089,5090,5091,5092,5093,5094,5095,5097,5099,5101,5102,5103,5104,5105,5106,5108,5109,5110,5111,5112,5114,5115,5116,5119,5121,5126,5127,5129,5131,5135,5136,5141,5142,5144,5145,5147,5149,5151,5155,5156,5161,5162,5165,5168,5169,5170,5172,5174,5175,5176,5178,5180,5182,5186,5187,5191,5192,5195,5200,5201,5204,5206,5211,5212,5213,5214,5215,5216,5218,5220,5223,5224,5226,5229,5230,5231,5232,5233,5234,5235,5237,5240,5241,5244,5246,5247,5248,5250,5251,5255,5257,5259,5260,5261,5262,5266,5267,5274,5276,5279,5281,5284,5285,5286,5289,5290,5291,5295,5298,5299,5303,5305,5306,5308,5309,5310,5313,5314,5315,5316,5324,5325,5326,5329,5330,5331,5334,5335,5337,5338,5341,5343,5348,5349,5352,5354,5358,5361,5363,5367,5373,5374,5375,5376,5379,5381,5382,5385,5386,5392,5405,5407,5408,5413,5414,5416,5419,5424,5425,5426,5427,5428,5429,5430,5433,5437,5438,5442,5443,5444,5449,5450,5451,5452,5453,5455,5456,5459,5461,5462,5464,5465,5466,5469,5470,5471,5472,5474,5476,5477,5479,5480,5482,5483,5484,5485,5486,5488,5489,5490,5492,5494,5495,5496,5497,5500,5503,5504,5507,5509,5511,5513,5514,5517,5525,5529,5530,5531,5539,5540,5541,5544,5545,5546,5547,5548,5552,5554,5555,5556,5563,5564,5565,5566,5567,5571,5573,5574,5575,5579,5581,5583,5585,5586,5591,5592,5593,5594,5597,5599,5600,5629,5641,5651,5652,5653,5654,5655,5656,5657,5658,5659,5660,5661,5663,5665,5667,5668,5669,5670,5671,5672,5673,5674,5675,5676,5677,5679,5680,5682,5683,5684,5685,5686,5687,5688,5689,5690,5691,5692,5693,5694,5695,5696,5697,5698,5701,5702,5703,5704,5705,5706,5707,5708,5710,5711,5715,5716,5717,5718,5720,5721,5722,5723,5725,5727,5728,5729,5730,5731,5733,5734,5735,5736,5737,5740,5741,5744,5748,5749,5750,5752,5753,5754,5755,5756,5760,5761,5762,5763,5764,5767,5768,5770,5771,5774,5775,5776,5779,5780,5781,5786,5788,5790,5791,5792,5793,5797,5798,5799,5800,5801,5803,5804,5805,5806,5807,5808,5812,5820,5825,5828,5829,5831,5834,5837,5839,5842,5843,5846,5848,5849,5850,5851,5854,5856,5857,5859,5860,5862,5863,5864,5865,5866,5868,5869,5873,5874,5875,5876,5878,5879,5882,5883,5884,5885,5886,5889,5891,5892,5893,5894,5896,5897,5898,5899,5913,5914,5923,5936,5956,5960,5979,5980,5982,5985,5986,6000,6002,6003,6004,6005,6006,6007,6008,6010,6011,6012,6013,6014,6015,6016,6017,6018,6019,6020,6021,6022,6023,6024,6025,6026,6027,6028,6031,6034,6035,6036,6038,6039,6040,6044,6045,6047,6048,6049,6050,6054,6056,6057,6058,6060,6061,6062,6063,6065,6066,6067,6070,6071,6072,6073,6074,6075,6078,6082,6083,6084,6085,6086,6087,6088,6089,6091,6092,6094,6095,6096,6097,6098,6099,6139,6151,6152,6153,6154,6155,6156,6157,6159,6160,6161,6165,6167,6168,6169,6170,6173,6174,6175,6176,6178,6179,6180,6181,6182,6184,6185,6186,6188,6189,6190,6191,6192,6195,6196,6197,6199,6200,6202,6203,6205,6206,6207,6209,6210,6212,6213,6214,6216,6218,6220,6221,6222,6224,6226,6228,6230,6231,6233,6234,6236,6237,6238,6239,6240,6241,6242,6243,6245,6246,6247,6249,6250,6251,6255,6259,6260,6264,6266,6269,6270,6271,6272,6276,6277,6278,6280,6282,6285,6287,6288,6289,6290,6291,6293,6296,6298,6302,6303,6304,6305,6306,6307,6308,6311,6312,6313,6314,6315,6316,6317,6318,6319,6320,6321,6322,6323,6324,6326,6327,6328,6329,6331,6332,6334,6335,6337,6338,6339,6340,6341,6344,6345,6346,6347,6348,6349,6351,6352,6354,6355,6357,6359,6360,6361,6363,6365,6366,6367,6368,6369,6370,6371,6372,6373,6375,6376,6378,6380,6381,6382,6383,6385,6386,6387,6388,6389,6390,6391,6393,6397,6398,6399,6402,6403,6405,6408,6412,6413,6415,6416,6417,6418,6419,6420,6421,6424,6426,6427,6429,6431,6434,6435,6436,6437,6442,6444,6445,6446,6447,6448,6459,6472,6475,6479,6481,6493,6497,6499,6501,6502,6503,6506,6507,6508,6509,6510,6511,6512,6513,6514,6515,6517,6518,6521,6524,6525,6526,6528,6530,6531,6534,6535,6536,6538,6540,6541,6542,6545,6546,6547,6548,6549,6551,6553,6554,6556,6557,6560,6564,6565,6567,6573,6577,6578,6580,6586,6587,6591,6592,6593,6602,6603,6606,6607,6608,6609,6611,6614,6616,6620,6621,6622,6623,6625,6629,6630,6633,6634,6635,6636,6638,6641,6644,6645,6647,6648,6652,6655,6656,6657,6658,6659,6660,6661,6668,6669,6670,6671,6672,6673,6674,6675,6676,6677,6678,6679,6680,6681,6683,6685,6686,6687,6688,6691,6693,6694,6696,6699,6700,6703,6709,6711,6713,6716,6726,6729,6734,6735,6737,6740,6742,6746,6749,6750,6751,6752,6753,6757,6758,6759,6760,6762,6765,6768,6770,6771,6772,6775,6776,6778,6779,6781,6783,6785,6791,6792,6793,6794,6795,6796,6797,6798,6799,6801,6809,6813,6814,6819,6831,6838,6842,6845,6847,6849,6863,6866,6867,6872,6891,6901,6905,6907,6909,6910,6911,6914,6916,6918,6919,6922,6926,6927,6932,6933,6936,6937,6938,6940,6941,6942,6944,6947,6948,6951,6960,6961,6963,6968,6970,6971,6974,6977,6979,6982,6986,6988,6995,6996,7000,7007,7016,7034,7037,7038,7040,7055,7059,7065,7073,7075,7076,7077,7078,7079,7097,7101,7102,7103,7104,7106,7107,7108,7110,7113,7114,7115,7117,7121,7122,7123,7124,7125,7126,7128,7131,7132,7133,7134,7135,7136,7140,7141,7142,7144,7145,7149,7150,7151,7152,7153,7154,7155,7157,7158,7162,7164,7166,7168,7169,7171,7172,7173,7175,7176,7178,7181,7184,7187,7188,7189,7190,7191,7192,7194,7195,7198,7200,7201,7202,7203,7204,7205,7206,7208,7209,7210,7211,7212,7213,7215,7216,7217,7218,7219,7220,7222,7223,7224,7225,7226,7229,7231,7232,7233,7234,7235,7236,7237,7238,7240,7242,7243,7244,7245,7246,7247,7248,7249,7252,7254,7257,7260,7261,7262,7263,7264,7265,7267,7268,7269,7271,7272,7273,7274,7276,7277,7278,7280,7281,7283,7284,7289,7290,7293,7294,7297,7299,7300,7302,7303,7306,7311,7316,7319,7321,7335,7338,7342,7347,7349,7351,7352,7354,7360,7361,7362,7365,7367,7368,7370,7373,7374,7375,7376,7381,7382,7383,7388,7390,7393,7395,7396,7399,7401,7403,7409,7413,7415,7419,7420,7422,7423,7425,7427,7442,7443,7445,7446,7447,7453,7454,7455,7456,7457,7458,7459,7460,7461,7462,7463,7465,7466,7467,7468,7472,7473,7474,7476,7478,7479,7481,7483,7485,7487,7488,7489,7490,7491,7492,7494,7496,7497,7498,7499,7501,7502,7503,7504,7505,7506,7508,7509,7511,7515,7516,7517,7519,7521,7522,7526,7529,7531,7537,7538,7540,7544,7546,7548,7550,7552,7553,7554,7555,7556,7558,7560,7561,7565,7566,7567,7568,7573,7576,7577,7578,7580,7581,7582,7586,7593,7596,7597,7598,7600,7601,7603,7604,7607,7608,7610,7612,7613,7616,7617,7618,7620,7621,7622,7623,7625,7627,7628,7631,7633,7634,7635,7636,7637,7638,7641,7642,7644,7647,7649,7650,7651,7652,7653,7655,7656,7657,7658,7659,7660,7661,7662,7663,7664,7665,7666,7667,7668,7669,7670,7671,7672,7673,7674,7675,7676,7677,7679,7681,7685,7688,7691,7692,7693,7694,7695,7696,7697,7698,7699,7701,7702,7706,7707,7708,7709,7710,7711,7712,7713,7715,7716,7717,7718,7719,7725,7727,7731,7733,7735,7737,7738,7739,7741,7742,7744,7749,7753,7754,7759,7760,7765,7768,7774,7775,7776,7777,7778,7779,7781,7782,7783,7785,7788,7790,7796,7798,7799,7800,7802,7803,7804,7806,7807,7808,7809,7810,7811,7812,7813,7815,7816,7817,7818,7819,7824,7828,7829,7831,7832,7834,7835,7838,7841,7844,7845,7847,7901,7905,7907,7913,7914,7915,7918,7919,7922,7925,7926,7927,7928,7929,7933,7935,7939,7941,7944,7945,7950,7952,7953,7956,7960,7962,7963,7968,7969,7970,7971,7972,7975,7978,7979,7982,7984,7985,7987,7988,7991,7993,7994,7996,7997,7998,7999,8000,8002,8005,8007,8010,8011,8017,8019,8020,8022,8023,8024,8025,8026,8027,8029,8031,8034,8038,8041,8042,8044,8045,8046,8048,8050,8051,8053,8055,8057,8063,8067,8071,8072,8073,8074,8075,8076,8079,8082,8085,8086,8087,8089,8090,8091,8096,8098,8099,8100,8103,8104,8106,8107,8108,8109,8110,8111,8112,8113,8114,8115,8116,8118,8119,8120,8121,8123,8124,8125,8126,8128,8129,8130,8131,8133,8135,8138,8141,8142,8145,8147,8148,8156,8200,8201,8204,8206,8207,8210,8211,8212,8213,8215,8216,8217,8219,8220,8221,8222,8223,8224,8228,8230,8231,8232,8233,8234,8236,8237,8238,8240,8241,8242,8243,8245,8246,8247,8249,8250,8251,8252,8253,8257,8259,8260,8261,8264,8267,8271,8279,8280,8282,8283,8284,8289,8297,8298,8300,8302,8303,8304,8305,8307,8309,8311,8312,8313,8314,8316,8317,8320,8322,8324,8325,8326,8327,8329,8330,8331,8333,8337,8338,8340,8344,8345,8346,8347,8348,8353,8354,8356,8357,8360,8364,8366,8367,8371,8372,8375,8377,8378,8380,8383,8385,8387,8388,8389,8390,8393,8401,8402,8403,8406,8407,8410,8413,8416,8418,8419,8424,8427,8430,8431,8436,8448,8450,8451,8452,8453,8454,8456,8458,8460,8462,8463,8467,8468,8469,8470,8472,8474,8475,8478,8479,8482,8483,8485,8487,8488,8492,8493,8495,8496,8497,8498,8499,8500,8502,8503,8504,8505,8506,8507,8510,8511,8514,8516,8517,8518,8520,8521,8522,8523,8525,8527,8529,8531,8535,8536,8537,8538,8543,8544,8545,8546,8548,8549,8551,8553,8554,8556,8557,8558,8561,8562,8564,8565,8566,8567,8569,8570,8571,8572,8574,8575,8578,8581,8583,8584,8585,8587,8588,8589,8590,8591,8593,8594,8595,8596,8600,8602,8603,8604,8605,8606,8607,8608,8613,8614,8616,8619,8620,8621,8622,8626,8627,8629,8630,8631,8633,8636,8637,8638,8639,8640,8641,8647,8648,8649,8651,8654,8656,8658,8659,8660,8661,8662,8665,8666,8668,8671,8672,8675,8677,8680,8683,8684,8685,8686,8687,8688,8689,8692,8693,8695,8696,8700,8701,8702,8703,8705,8706,8707,8709,8710,8711,8716,8717,8718,8719,8720,8721,8722,8725,8726,8728,8731,8732,8733,8734,8736,8737,8738,8742,8744,8746,8748,8749,8753,8755,8759,8769,8772,8776,8782,8784,8785,8788,8789,8791,8796,8798,8803,8805,8807,8808,8814,8816,8817,8818,8819,8822,8824,8825,8828,8829,8830,8831,8833,8835,8841,8846,8848,8849,8854,8859,8861,8878,8891,8893,8894,8898,8902,8908,8910,8912,8922,8924,8925,8926,8929,8931,8936,8939,8941,8948,8951,8954,8956,8960,8965,8966,8967,8969,8970,8971,8972,8975,8989,8990,8995,9001,9003,9007,9016,9017,9021,9022,9023,9029,9030,9032,9033,9042,9044,9046,9049,9050,9051,9052,9053,9055,9057,9058,9059,9060,9061,9062,9063,9064,9065,9067,9068,9069,9072,9074,9075,9077,9078,9079,9080,9081,9082,9083,9085,9086,9089,9090,9091,9092,9093,9094,9095,9096,9098,9099,9100,9101,9102,9103,9104,9105,9106,9108,9113,9114,9116,9117,9120,9125,9126,9129,9133,9135,9136,9137,9139,9140,9141,9142,9143,9144,9145,9148,9150,9151,9152,9154,9157,9158,9159,9160,9161,9163,9165,9167,9170,9171,9173,9174,9175,9176,9179,9180,9181,9182,9185,9186,9188,9191,9192,9193,9194,9195,9196,9197,9198,9199,9201,9205,9207,9212,9214,9217,9219,9221,9223,9228,9229,9234,9246,9248,9250,9251,9253,9255,9256,9257,9258,9259,9260,9262,9263,9264,9270,9276,9278,9284,9286,9287,9290,9291,9292,9293,9294,9296,9300,9301,9302,9306,9307,9309,9311,9312,9313,9314,9315,9318,9319,9322,9323,9324,9326,9328,9329,9330,9331,9333,9334,9335,9336,9337,9338,9339,9340,9341,9342,9343,9344,9345,9347,9349,9350,9351,9354,9357,9358,9361,9363,9366,9368,9369,9371,9376,9378,9381,9387,9388,9389,9390,9391,9393,9394,9396,9399,9405,9406,9407,9412,9413,9417,9419,9422,9423,9425,9427,9433,9434,9435,9439,9441,9442,9443,9447,9448,9450,9451,9455,9456,9457,9458,9459,9462,9464,9466,9467,9468,9469,9470,9472,9474,9475,9479,9481,9482,9487,9488,9494,9495,9497,9498,9499,9500,9502,9503,9504,9505,9508,9509,9510,9511,9512,9515,9516,9519,9520,9521,9523,9524,9525,9526,9527,9528,9529,9531,9532,9535,9536,9538,9539,9540,9541,9543,9544,9546,9547,9549,9554,9555,9556,9560,9561,9562,9565,9571,9572,9573,9574,9575,9577,9579,9580,9584,9586,9587,9589,9591,9593,9595,9597,9598,9600,9601,9610,9612,9613,9615,9618,9619,9627,9631,9634,9641,9643,9644,9645,9649,9654,9656,9657,9658,9660,9663,9666,9667,9675,9676,9678,9680,9685,9689,9690,9691,9692,9695,9698,9702,9703,9704,9707,9710,9711,9712,9713,9714,9718,9721,9722,9724,9725,9726,9729,9731,9732,9733,9734,9735,9736,9737,9739,9741,9745,9747,9748,9749,9754,9758,9761,9763,9764,9766,9767,9771,9774,9775,9783,9784,9790,9792,9793,9795,9796,9797,9801,9803,9805,9806,9809,9810,9811,9812,9818,9819,9822,9823,9825,9829,9835,9836,9838,9839,9840,9844,9846,9849,9850,9851,9852,9853,9856,9857,9858,9860,9861,9862,9863,9864,9865,9866,9867,9870,9871,9875,9876,9877,9881,9884,9886,9887,9888,9889,9891,9892,9897,9900,9901,9903,9904,9906,9908,9909,9910,9912,9913,9915,9917,9920,9921,9922,9925,9926,9930,9931,9932,9933,9934,9935,9936,9937,9939,9940,9947,9948,9949,9952,9953,9957,9961,9962,9963,9964,9967,9970,9971,9973,9974,9975,9978,9981,9988,9992,9993,9994,9995,9997,9998,9999",1.96
omics_genomics,development,200,10000,10,0.001,0.7,0.5,1.0,VarCorr_Baseline,2,0.0018,0.9,0.0036,0.0018,1.0,5000,0.5,,0.0692,0.0115,"0,3,4,6,7,8,9,10,14,16,17,18,19,20,21,23,24,25,27,28,29,31,32,33,36,37,38,39,40,41,48,49,50,55,57,58,62,63,66,77,83,84,89,99,100,101,102,103,110,111,112,113,114,115,117,119,120,123,125,127,128,130,132,133,134,135,136,137,138,139,141,142,143,144,145,148,149,150,152,153,155,156,157,158,161,162,164,166,167,168,169,170,173,175,176,178,179,180,185,187,188,190,191,193,194,195,198,199,200,201,203,204,205,206,208,210,211,213,214,215,216,217,218,219,220,221,222,224,225,227,228,230,231,232,234,235,236,237,238,239,240,242,243,246,247,249,251,253,258,260,261,264,269,270,273,276,277,278,281,283,284,285,286,288,289,291,294,295,296,297,298,299,300,303,307,309,310,312,313,315,317,319,320,321,322,324,325,326,327,330,331,332,334,337,338,339,340,342,344,345,346,347,349,350,352,354,355,356,357,359,361,362,363,364,365,366,368,369,372,374,375,376,377,378,379,380,382,384,387,388,389,390,391,393,394,395,396,398,399,400,415,418,419,429,447,448,450,451,452,454,456,458,460,461,462,467,468,470,471,473,474,475,477,479,480,485,486,488,489,490,491,492,493,495,498,499,500,503,506,507,510,511,513,518,522,524,528,531,532,534,535,536,537,541,542,544,545,546,547,551,552,554,557,558,559,561,563,564,565,566,570,575,580,581,582,583,585,586,587,588,589,590,591,595,597,598,600,601,605,608,610,611,614,617,621,628,629,631,636,637,640,643,646,649,650,652,653,654,655,656,657,659,660,661,662,663,664,665,666,667,668,669,670,671,672,673,674,675,676,678,680,681,682,683,684,685,687,688,689,691,692,695,696,697,698,709,710,713,714,715,720,722,726,727,729,734,737,738,739,751,753,761,766,768,769,771,772,775,776,780,781,784,787,793,796,799,800,801,803,804,805,807,809,812,813,817,819,820,821,823,824,825,826,828,830,831,833,834,835,837,838,840,841,843,844,846,848,849,851,856,857,858,859,860,861,862,865,866,867,868,870,871,872,873,874,875,876,879,880,881,883,884,885,887,888,891,892,893,894,896,897,898,899,902,903,907,909,910,913,914,915,916,917,918,919,922,924,925,926,927,930,932,935,936,937,943,945,948,949,950,951,952,953,955,956,959,963,964,965,967,968,974,977,978,979,980,981,986,988,989,990,992,993,995,996,998,999,1000,1002,1006,1016,1019,1020,1022,1023,1024,1025,1026,1027,1028,1029,1031,1033,1034,1035,1038,1040,1041,1043,1049,1050,1058,1060,1061,1064,1066,1072,1074,1075,1081,1082,1083,1086,1089,1091,1094,1096,1097,1100,1101,1102,1103,1104,1106,1107,1110,1112,1117,1118,1120,1124,1125,1128,1130,1134,1140,1144,1146,1147,1158,1163,1170,1191,1192,1200,1203,1209,1211,1212,1213,1215,1216,1217,1218,1219,1220,1222,1224,1225,1226,1227,1228,1229,1231,1232,1233,1234,1235,1236,1240,1241,1242,1243,1245,1247,1248,1249,1250,1252,1253,1254,1255,1256,1257,1258,1259,1260,1262,1264,1266,1268,1270,1272,1273,1274,1275,1276,1277,1279,1281,1283,1284,1285,1287,1288,1289,1291,1292,1297,1298,1300,1301,1303,1304,1306,1309,1310,1312,1316,1318,1319,1321,1323,1324,1325,1328,1329,1335,1336,1338,1341,1342,1344,1345,1350,1356,1358,1360,1362,1364,1365,1368,1369,1371,1374,1377,1379,1380,1383,1384,1385,1386,1392,1394,1395,1396,1398,1400,1405,1406,1407,1408,1409,1410,1412,1414,1415,1417,1418,1420,1421,1422,1423,1425,1426,1428,1429,1430,1431,1432,1433,1434,1435,1437,1438,1441,1442,1443,1444,1445,1446,1447,1448,1449,1450,1452,1453,1454,1455,1456,1460,1461,1462,1463,1465,1466,1469,1471,1472,1473,1474,1475,1476,1477,1478,1479,1481,1482,1483,1484,1485,1486,1488,1490,1491,1492,1493,1494,1495,1496,1497,1498,1499,1500,1501,1502,1503,1505,1507,1508,1509,1511,1512,1513,1516,1518,1519,1521,1524,1525,1527,1528,1530,1532,1534,1536,1537,1538,1540,1541,1543,1544,1547,1550,1551,1556,1558,1559,1564,1565,1567,1571,1578,1582,1583,1585,1586,1587,1588,1591,1593,1599,1600,1604,1606,1607,1608,1609,1611,1613,1616,1617,1618,1619,1622,1623,1625,1627,1631,1633,1635,1636,1637,1638,1639,1641,1644,1646,1651,1652,1653,1655,1656,1657,1658,1660,1661,1663,1664,1665,1666,1667,1668,1669,1670,1671,1672,1673,1674,1675,1677,1678,1681,1682,1684,1685,1686,1687,1689,1690,1691,1692,1695,1697,1698,1699,1702,1703,1704,1706,1711,1712,1713,1714,1715,1719,1720,1724,1725,1726,1727,1728,1729,1730,1731,1732,1735,1738,1739,1742,1743,1744,1747,1748,1751,1752,1753,1754,1756,1760,1761,1762,1763,1764,1767,1769,1770,1773,1775,1779,1781,1783,1785,1787,1788,1790,1793,1794,1797,1816,1820,1823,1831,1832,1840,1844,1851,1852,1853,1857,1859,1861,1864,1873,1874,1875,1877,1878,1879,1881,1882,1883,1885,1887,1890,1897,1898,1899,1900,1902,1903,1905,1907,1908,1909,1910,1915,1918,1920,1922,1925,1928,1929,1930,1932,1933,1935,1937,1940,1941,1943,1944,1946,1947,1948,1949,1950,1951,1953,1959,1961,1964,1966,1967,1968,1971,1973,1974,1977,1978,1981,1982,1984,1986,1988,1990,1991,1994,1996,2000,2004,2007,2010,2012,2015,2018,2019,2020,2022,2023,2026,2027,2029,2031,2032,2033,2036,2038,2039,2042,2043,2044,2045,2046,2047,2048,2050,2051,2052,2055,2056,2058,2059,2060,2061,2062,2063,2064,2065,2066,2067,2068,2070,2071,2072,2073,2074,2075,2077,2078,2079,2080,2081,2082,2085,2086,2087,2091,2092,2094,2095,2096,2097,2098,2099,2100,2101,2103,2104,2106,2107,2108,2110,2111,2112,2113,2114,2115,2116,2117,2118,2120,2121,2123,2125,2126,2128,2129,2130,2132,2133,2134,2135,2136,2137,2138,2140,2141,2142,2143,2144,2145,2146,2147,2148,2149,2150,2153,2157,2159,2162,2163,2164,2165,2172,2175,2178,2184,2185,2186,2188,2189,2190,2192,2193,2194,2195,2196,2197,2198,2201,2203,2206,2210,2214,2215,2218,2227,2234,2235,2238,2243,2259,2262,2263,2266,2267,2274,2277,2279,2281,2284,2285,2296,2303,2304,2306,2307,2308,2310,2313,2315,2317,2318,2319,2322,2323,2324,2326,2327,2328,2330,2332,2335,2339,2341,2342,2349,2350,2351,2352,2354,2356,2357,2359,2360,2361,2363,2364,2365,2366,2367,2369,2370,2371,2372,2373,2374,2375,2376,2377,2379,2380,2382,2383,2384,2385,2386,2387,2388,2389,2392,2394,2396,2397,2398,2399,2400,2403,2404,2405,2407,2408,2410,2418,2423,2425,2426,2427,2429,2430,2432,2435,2437,2438,2440,2441,2442,2447,2448,2451,2452,2453,2456,2463,2466,2467,2470,2472,2476,2477,2478,2480,2482,2486,2488,2490,2492,2494,2495,2496,2498,2500,2501,2502,2503,2504,2505,2508,2509,2510,2511,2512,2513,2514,2517,2518,2520,2522,2523,2524,2526,2528,2529,2530,2531,2532,2534,2535,2538,2539,2540,2541,2542,2543,2545,2547,2548,2551,2552,2553,2554,2555,2556,2557,2558,2559,2561,2563,2564,2566,2567,2568,2569,2570,2571,2572,2573,2574,2577,2578,2579,2581,2584,2585,2586,2587,2588,2589,2590,2591,2592,2595,2596,2598,2599,2600,2601,2602,2603,2604,2605,2607,2609,2612,2613,2614,2616,2618,2621,2623,2624,2627,2629,2632,2634,2635,2636,2638,2639,2640,2641,2644,2648,2650,2652,2653,2655,2657,2658,2660,2661,2664,2667,2668,2669,2670,2671,2673,2675,2677,2678,2679,2680,2683,2684,2688,2689,2690,2691,2692,2694,2695,2696,2697,2698,2699,2700,2701,2702,2703,2704,2705,2706,2709,2712,2713,2715,2716,2718,2720,2722,2724,2725,2729,2733,2734,2735,2740,2743,2744,2746,2747,2748,2749,2750,2751,2752,2754,2756,2757,2758,2760,2762,2763,2766,2767,2768,2769,2770,2771,2774,2775,2776,2777,2779,2780,2781,2782,2783,2784,2785,2786,2787,2789,2791,2792,2795,2796,2797,2799,2800,2801,2803,2804,2805,2806,2807,2808,2811,2812,2813,2814,2815,2818,2821,2822,2824,2827,2828,2829,2834,2836,2837,2839,2844,2848,2849,2853,2858,2860,2862,2864,2865,2867,2868,2870,2872,2873,2874,2875,2876,2877,2880,2881,2882,2885,2886,2889,2891,2893,2900,2904,2910,2911,2913,2915,2916,2917,2922,2923,2924,2925,2928,2931,2933,2937,2938,2939,2947,2951,2952,2953,2956,2958,2959,2964,2965,2972,2974,2975,2977,2978,2979,2980,2982,2983,2985,2987,2989,2990,2994,2995,2996,2997,3004,3005,3007,3017,3022,3026,3027,3030,3031,3032,3034,3035,3040,3044,3051,3053,3056,3059,3061,3064,3065,3066,3068,3069,3073,3075,3077,3078,3079,3081,3084,3085,3086,3087,3088,3096,3097,3100,3101,3107,3110,3113,3118,3121,3124,3128,3130,3133,3134,3135,3138,3144,3145,3149,3153,3154,3156,3158,3163,3167,3168,3171,3176,3177,3178,3180,3182,3186,3187,3188,3190,3191,3192,3196,3197,3198,3199,3200,3201,3202,3206,3207,3209,3211,3214,3215,3216,3217,3218,3219,3221,3222,3223,3227,3232,3233,3234,3235,3236,3237,3242,3245,3246,3247,3248,3249,3250,3256,3258,3259,3261,3262,3263,3264,3265,3266,3268,3269,3270,3272,3273,3274,3275,3276,3277,3281,3283,3284,3285,3290,3291,3294,3295,3297,3298,3300,3305,3306,3307,3308,3311,3312,3313,3315,3317,3320,3321,3322,3324,3326,3329,3330,3331,3332,3333,3335,3336,3337,3338,3339,3341,3342,3344,3345,3347,3349,3353,3354,3357,3374,3377,3381,3384,3389,3394,3395,3400,3408,3409,3410,3413,3416,3417,3419,3420,3421,3423,3424,3425,3432,3434,3435,3437,3438,3439,3441,3444,3448,3451,3452,3453,3454,3457,3458,3461,3464,3466,3467,3469,3470,3474,3476,3478,3482,3483,3489,3490,3495,3497,3498,3501,3506,3510,3520,3521,3524,3526,3530,3531,3535,3539,3545,3548,3551,3556,3581,3600,3602,3604,3607,3608,3612,3614,3615,3616,3619,3621,3622,3625,3626,3628,3629,3630,3631,3632,3634,3635,3636,3637,3638,3644,3647,3655,3660,3664,3665,3666,3669,3677,3680,3684,3693,3696,3700,3702,3703,3706,3707,3710,3715,3717,3718,3719,3720,3721,3722,3723,3724,3728,3729,3730,3733,3737,3738,3739,3741,3743,3747,3748,3751,3754,3756,3758,3761,3762,3766,3769,3770,3771,3772,3778,3779,3780,3781,3783,3784,3785,3787,3790,3792,3795,3797,3798,3803,3808,3809,3810,3811,3812,3814,3815,3816,3817,3818,3819,3820,3821,3823,3825,3826,3827,3828,3830,3831,3832,3834,3835,3837,3839,3840,3841,3844,3845,3849,3852,3853,3854,3855,3856,3857,3858,3860,3862,3863,3865,3866,3867,3869,3872,3873,3875,3876,3877,3878,3879,3882,3883,3884,3885,3886,3888,3890,3892,3893,3894,3895,3896,3897,3898,3904,3905,3907,3908,3909,3910,3911,3912,3915,3918,3927,3928,3931,3934,3937,3938,3939,3941,3942,3943,3944,3945,3946,3949,3951,3952,3954,3955,3957,3958,3960,3961,3962,3963,3964,3966,3967,3969,3970,3976,3980,3981,3984,3986,3989,3990,3991,3994,3995,3996,3999,4000,4001,4002,4003,4004,4005,4006,4008,4009,4010,4011,4014,4015,4016,4017,4018,4021,4022,4023,4024,4025,4026,4028,4029,4030,4031,4032,4033,4034,4035,4040,4044,4045,4046,4047,4049,4051,4052,4053,4057,4059,4060,4062,4063,4065,4067,4069,4070,4071,4072,4073,4074,4075,4076,4079,4080,4081,4082,4084,4085,4087,4088,4089,4090,4091,4092,4093,4094,4095,4096,4097,4098,4099,4101,4103,4105,4111,4112,4115,4121,4122,4131,4132,4133,4137,4138,4139,4149,4158,4163,4177,4179,4181,4184,4186,4187,4190,4192,4193,4199,4200,4208,4210,4211,4214,4215,4221,4222,4224,4227,4228,4229,4230,4231,4233,4234,4236,4238,4244,4245,4246,4247,4250,4251,4252,4253,4254,4259,4260,4262,4263,4264,4265,4267,4269,4271,4272,4273,4274,4275,4277,4278,4279,4281,4282,4283,4284,4286,4287,4288,4289,4290,4291,4292,4295,4296,4297,4299,4303,4304,4305,4306,4309,4312,4313,4316,4317,4318,4319,4320,4327,4333,4338,4339,4340,4342,4343,4344,4347,4348,4352,4357,4361,4364,4371,4378,4382,4383,4384,4386,4388,4389,4395,4400,4402,4406,4408,4410,4412,4413,4414,4417,4419,4420,4422,4424,4427,4428,4429,4430,4432,4433,4434,4437,4440,4441,4442,4444,4445,4446,4447,4450,4452,4453,4454,4456,4458,4459,4460,4461,4462,4463,4467,4468,4469,4470,4472,4474,4475,4476,4477,4478,4479,4480,4481,4483,4487,4489,4491,4492,4493,4495,4496,4497,4498,4500,4501,4502,4503,4504,4505,4506,4508,4509,4510,4511,4512,4513,4514,4516,4517,4520,4521,4522,4524,4525,4527,4530,4531,4533,4535,4536,4537,4538,4539,4540,4543,4544,4545,4546,4547,4548,4549,4553,4557,4558,4560,4562,4563,4577,4578,4581,4583,4587,4588,4589,4592,4597,4598,4601,4604,4607,4608,4614,4617,4622,4626,4627,4630,4632,4637,4640,4641,4644,4645,4647,4653,4654,4655,4661,4663,4664,4665,4666,4668,4669,4672,4674,4677,4678,4680,4681,4683,4684,4687,4688,4689,4690,4691,4692,4693,4694,4695,4696,4699,4705,4717,4723,4734,4757,4760,4761,4771,4789,4793,4798,4803,4804,4805,4809,4810,4811,4812,4817,4820,4824,4826,4827,4829,4830,4832,4833,4834,4835,4837,4838,4845,4846,4848,4849,4856,4858,4860,4865,4866,4867,4868,4869,4871,4872,4874,4875,4879,4882,4884,4889,4891,4893,4895,4896,4897,4899,4901,4908,4909,4914,4915,4922,4927,4928,4930,4931,4937,4940,4941,4942,4943,4944,4950,4952,4956,4959,4960,4962,4964,4967,4969,4970,4971,4972,4973,4975,4980,4988,4996,4997,4998,4999,5000,5001,5009,5013,5014,5016,5020,5022,5024,5026,5027,5030,5034,5041,5043,5046,5047,5049,5051,5054,5055,5056,5057,5062,5064,5068,5070,5073,5075,5076,5077,5078,5081,5082,5083,5085,5090,5091,5092,5100,5101,5102,5103,5106,5107,5108,5109,5111,5112,5113,5114,5115,5117,5118,5123,5124,5125,5126,5127,5128,5129,5130,5132,5135,5137,5138,5139,5140,5141,5142,5144,5145,5147,5152,5154,5158,5163,5165,5176,5177,5182,5186,5190,5191,5200,5202,5207,5208,5209,5210,5211,5212,5214,5215,5218,5219,5223,5227,5228,5229,5230,5231,5232,5233,5234,5236,5239,5241,5242,5245,5246,5250,5251,5254,5256,5257,5258,5259,5261,5262,5265,5266,5267,5268,5272,5273,5274,5275,5276,5277,5279,5280,5281,5284,5286,5287,5288,5289,5291,5292,5294,5295,5297,5299,5300,5301,5302,5303,5304,5305,5306,5307,5309,5310,5313,5314,5315,5318,5319,5320,5321,5322,5324,5326,5327,5328,5329,5330,5331,5333,5336,5338,5339,5340,5341,5343,5348,5349,5350,5351,5353,5354,5355,5359,5360,5361,5362,5363,5364,5365,5366,5367,5368,5370,5371,5372,5374,5375,5376,5377,5380,5384,5387,5388,5390,5391,5393,5395,5396,5397,5398,5404,5405,5407,5408,5409,5411,5413,5415,5418,5421,5423,5424,5425,5427,5433,5434,5436,5437,5438,5439,5443,5444,5448,5449,5450,5453,5454,5458,5461,5463,5464,5465,5466,5470,5471,5472,5474,5476,5477,5481,5482,5483,5484,5485,5486,5487,5488,5489,5490,5491,5492,5494,5496,5498,5503,5507,5511,5523,5537,5539,5540,5541,5547,5551,5552,5555,5557,5558,5564,5566,5569,5571,5572,5574,5577,5582,5592,5596,5599,5600,5601,5602,5605,5606,5607,5608,5609,5610,5611,5613,5614,5615,5617,5618,5619,5620,5621,5622,5627,5628,5629,5630,5631,5632,5634,5636,5637,5639,5640,5641,5642,5643,5644,5646,5647,5648,5649,5650,5651,5655,5656,5657,5660,5663,5664,5665,5667,5669,5670,5671,5672,5673,5674,5675,5678,5680,5681,5682,5683,5685,5689,5691,5693,5694,5698,5700,5702,5703,5704,5705,5707,5708,5710,5711,5712,5715,5716,5717,5718,5720,5723,5724,5725,5726,5727,5729,5730,5731,5736,5737,5738,5740,5741,5742,5743,5744,5746,5748,5749,5751,5752,5753,5755,5757,5758,5760,5761,5764,5765,5766,5768,5769,5770,5771,5774,5775,5776,5777,5778,5780,5785,5788,5789,5792,5795,5796,5799,5800,5802,5805,5808,5810,5812,5816,5817,5818,5819,5820,5823,5825,5826,5827,5831,5834,5840,5841,5842,5843,5844,5845,5850,5851,5852,5853,5854,5856,5858,5859,5860,5861,5862,5863,5864,5865,5866,5868,5869,5870,5871,5876,5877,5878,5881,5882,5883,5884,5886,5887,5889,5890,5891,5893,5894,5895,5896,5897,5898,5899,5901,5904,5906,5907,5908,5909,5910,5912,5913,5915,5916,5919,5920,5922,5929,5930,5931,5932,5936,5940,5942,5944,5946,5947,5949,5951,5952,5953,5956,5958,5959,5960,5961,5964,5965,5966,5967,5971,5973,5974,5975,5976,5977,5979,5980,5983,5984,5985,5986,5987,5988,5991,5992,5994,5997,5999,6000,6004,6010,6019,6024,6025,6031,6032,6039,6040,6042,6043,6044,6047,6053,6057,6058,6059,6061,6062,6066,6071,6077,6079,6081,6086,6089,6097,6098,6100,6101,6112,6113,6117,6118,6121,6122,6125,6130,6131,6133,6135,6144,6145,6146,6150,6153,6154,6155,6162,6163,6164,6165,6166,6167,6168,6169,6170,6171,6172,6173,6174,6175,6177,6178,6180,6181,6182,6183,6184,6186,6187,6189,6191,6192,6193,6196,6198,6199,6200,6201,6202,6203,6207,6208,6211,6212,6215,6216,6217,6218,6221,6222,6223,6224,6225,6226,6227,6228,6231,6233,6234,6235,6238,6240,6241,6242,6245,6246,6247,6249,6251,6254,6259,6267,6268,6270,6278,6279,6280,6281,6283,6284,6286,6287,6288,6289,6290,6291,6292,6295,6296,6300,6304,6308,6319,6323,6328,6329,6334,6340,6348,6349,6351,6353,6357,6358,6359,6360,6361,6363,6364,6365,6368,6371,6373,6374,6378,6379,6380,6381,6383,6384,6385,6386,6387,6388,6390,6392,6393,6395,6397,6401,6402,6403,6406,6409,6417,6428,6430,6432,6435,6437,6445,6452,6453,6458,6460,6461,6462,6464,6465,6467,6468,6470,6472,6473,6474,6477,6479,6484,6485,6486,6487,6488,6489,6491,6492,6493,6495,6496,6498,6499,6500,6501,6509,6510,6511,6512,6516,6517,6518,6519,6521,6524,6528,6529,6531,6532,6534,6535,6537,6538,6539,6540,6541,6542,6543,6544,6546,6549,6551,6557,6558,6560,6561,6564,6566,6571,6574,6575,6577,6587,6590,6594,6596,6597,6598,6604,6606,6607,6608,6609,6610,6613,6614,6616,6619,6620,6622,6624,6626,6628,6629,6630,6631,6632,6636,6637,6639,6642,6644,6645,6646,6647,6650,6651,6652,6655,6656,6657,6658,6659,6662,6663,6665,6667,6668,6673,6674,6675,6678,6680,6682,6685,6687,6690,6691,6693,6697,6698,6699,6703,6705,6708,6711,6714,6715,6717,6718,6723,6727,6736,6740,6742,6743,6744,6749,6750,6751,6753,6755,6758,6759,6760,6764,6765,6766,6767,6769,6770,6771,6772,6774,6777,6779,6780,6781,6782,6786,6787,6788,6794,6795,6796,6799,6800,6801,6802,6804,6805,6806,6807,6808,6809,6810,6813,6815,6817,6818,6828,6829,6830,6831,6836,6839,6840,6841,6843,6844,6846,6848,6849,6850,6851,6853,6854,6856,6857,6858,6860,6862,6863,6865,6866,6868,6872,6874,6875,6876,6878,6879,6880,6881,6882,6883,6886,6889,6891,6894,6895,6896,6897,6898,6900,6903,6904,6905,6909,6910,6914,6917,6918,6920,6922,6923,6926,6927,6931,6933,6938,6939,6940,6941,6942,6943,6944,6945,6946,6948,6952,6965,6969,6975,6980,6987,6992,7000,7001,7002,7003,7005,7006,7007,7009,7012,7013,7014,7016,7017,7021,7027,7028,7030,7031,7032,7033,7034,7036,7038,7039,7040,7043,7045,7046,7048,7050,7051,7054,7056,7060,7062,7063,7072,7073,7084,7086,7088,7093,7095,7097,7098,7100,7101,7102,7104,7106,7107,7108,7109,7110,7111,7112,7113,7114,7117,7118,7120,7121,7123,7124,7125,7126,7127,7129,7132,7134,7136,7138,7141,7142,7145,7146,7147,7148,7149,7155,7156,7159,7160,7161,7162,7165,7168,7170,7173,7174,7175,7177,7181,7184,7186,7189,7193,7216,7242,7253,7254,7259,7262,7264,7270,7272,7273,7276,7284,7286,7288,7290,7293,7295,7296,7298,7321,7327,7337,7344,7347,7350,7351,7352,7354,7357,7359,7360,7362,7363,7364,7365,7366,7368,7371,7372,7373,7374,7375,7378,7379,7380,7385,7386,7388,7389,7390,7392,7393,7394,7395,7396,7397,7398,7400,7401,7402,7403,7405,7407,7408,7410,7411,7412,7413,7414,7415,7416,7417,7418,7419,7420,7423,7426,7427,7428,7429,7430,7432,7434,7435,7436,7437,7439,7440,7441,7443,7444,7445,7447,7449,7450,7451,7455,7457,7460,7461,7462,7463,7465,7469,7470,7471,7475,7477,7479,7480,7481,7482,7484,7485,7489,7490,7493,7494,7495,7496,7497,7499,7501,7502,7504,7505,7508,7509,7513,7514,7515,7516,7521,7522,7525,7527,7528,7529,7531,7533,7535,7536,7539,7540,7543,7544,7545,7546,7547,7552,7554,7555,7556,7558,7559,7560,7561,7562,7563,7564,7566,7568,7569,7571,7572,7573,7575,7576,7578,7579,7583,7585,7587,7588,7589,7590,7591,7592,7594,7595,7599,7601,7602,7603,7604,7606,7608,7609,7610,7611,7612,7614,7615,7617,7618,7619,7621,7622,7624,7625,7626,7631,7636,7637,7639,7640,7642,7643,7645,7647,7648,7650,7651,7652,7653,7655,7656,7658,7659,7661,7662,7664,7666,7669,7672,7675,7679,7682,7684,7689,7692,7693,7703,7705,7707,7716,7717,7718,7720,7721,7723,7725,7726,7732,7734,7736,7742,7745,7748,7749,7768,7777,7784,7787,7794,7801,7804,7809,7810,7813,7815,7817,7818,7820,7821,7823,7824,7825,7826,7827,7829,7830,7832,7834,7836,7837,7838,7839,7842,7844,7845,7849,7851,7852,7855,7859,7860,7861,7862,7863,7864,7865,7866,7868,7869,7870,7872,7873,7874,7876,7879,7881,7882,7883,7884,7885,7886,7888,7890,7895,7898,7901,7902,7904,7905,7907,7909,7911,7914,7916,7917,7918,7919,7920,7921,7923,7924,7926,7928,7929,7930,7931,7933,7934,7935,7936,7937,7939,7940,7941,7944,7945,7946,7954,7995,7999,8002,8003,8004,8006,8007,8012,8014,8015,8018,8020,8021,8022,8024,8025,8026,8027,8028,8029,8030,8031,8035,8036,8042,8047,8048,8050,8052,8055,8059,8061,8062,8064,8065,8068,8070,8073,8075,8077,8078,8084,8087,8088,8095,8099,8100,8102,8103,8104,8105,8106,8109,8110,8111,8112,8113,8114,8115,8116,8117,8118,8120,8122,8124,8125,8126,8127,8131,8132,8134,8135,8136,8137,8138,8139,8140,8141,8142,8143,8144,8145,8146,8148,8150,8152,8154,8158,8160,8163,8165,8166,8167,8171,8172,8173,8175,8179,8182,8184,8188,8189,8190,8194,8197,8198,8203,8204,8205,8206,8207,8212,8213,8215,8216,8220,8225,8240,8244,8245,8248,8250,8251,8255,8257,8258,8260,8264,8269,8275,8278,8282,8290,8293,8297,8303,8305,8307,8310,8313,8317,8318,8329,8331,8333,8335,8339,8340,8344,8351,8352,8354,8356,8358,8361,8362,8364,8366,8367,8368,8371,8372,8373,8378,8379,8380,8381,8382,8383,8384,8385,8387,8389,8390,8391,8392,8393,8394,8395,8397,8398,8399,8400,8401,8403,8405,8407,8408,8409,8411,8413,8418,8419,8421,8423,8425,8426,8427,8429,8430,8431,8437,8442,8443,8444,8446,8449,8450,8451,8452,8453,8454,8455,8456,8457,8460,8461,8464,8465,8466,8467,8471,8474,8475,8476,8479,8480,8482,8483,8485,8489,8490,8491,8492,8493,8495,8496,8497,8501,8502,8504,8505,8506,8507,8509,8511,8514,8516,8517,8518,8520,8522,8524,8525,8526,8527,8530,8532,8533,8535,8537,8538,8540,8541,8543,8544,8545,8546,8549,8551,8552,8555,8556,8559,8560,8561,8562,8563,8565,8567,8569,8570,8571,8572,8573,8574,8575,8576,8577,8578,8579,8580,8581,8584,8585,8587,8589,8590,8594,8595,8596,8597,8598,8600,8604,8605,8609,8612,8613,8614,8616,8617,8618,8622,8625,8628,8630,8631,8632,8634,8636,8638,8640,8642,8644,8649,8650,8651,8652,8653,8654,8655,8656,8658,8660,8661,8663,8664,8665,8666,8668,8669,8670,8671,8672,8673,8675,8676,8677,8678,8679,8681,8684,8685,8686,8687,8688,8689,8690,8691,8692,8693,8695,8696,8697,8698,8699,8703,8707,8709,8710,8711,8713,8714,8716,8717,8718,8719,8721,8722,8724,8725,8726,8727,8728,8729,8730,8733,8734,8737,8738,8740,8742,8745,8746,8747,8748,8749,8750,8751,8755,8757,8759,8762,8767,8771,8774,8776,8778,8780,8782,8783,8785,8787,8788,8793,8797,8799,8800,8801,8802,8803,8807,8811,8812,8815,8816,8818,8820,8821,8822,8828,8833,8834,8836,8837,8839,8841,8844,8845,8847,8849,8857,8858,8860,8862,8866,8868,8869,8870,8872,8876,8878,8879,8881,8883,8884,8885,8887,8888,8890,8892,8893,8894,8895,8897,8898,8900,8901,8904,8906,8912,8913,8916,8918,8919,8921,8922,8924,8927,8928,8929,8930,8932,8934,8936,8937,8942,8943,8944,8947,8950,8951,8952,8953,8954,8955,8956,8957,8958,8959,8960,8962,8964,8965,8967,8968,8971,8972,8975,8976,8978,8979,8980,8981,8982,8983,8984,8986,8987,8988,8989,8991,8992,8994,8995,8996,8998,8999,9001,9003,9004,9005,9006,9007,9008,9009,9011,9012,9014,9017,9018,9019,9020,9021,9022,9023,9025,9026,9027,9028,9032,9034,9035,9036,9037,9040,9042,9043,9044,9045,9048,9049,9053,9058,9059,9063,9064,9065,9066,9068,9069,9071,9072,9073,9074,9075,9076,9078,9080,9081,9083,9084,9085,9086,9087,9089,9090,9091,9092,9093,9094,9097,9099,9100,9102,9103,9108,9109,9111,9112,9115,9116,9118,9119,9120,9121,9122,9123,9125,9126,9127,9131,9134,9136,9137,9141,9144,9145,9146,9147,9148,9149,9150,9151,9152,9153,9154,9156,9157,9158,9159,9160,9161,9162,9163,9164,9165,9167,9168,9169,9171,9173,9176,9177,9180,9181,9182,9183,9184,9185,9186,9187,9188,9189,9190,9191,9192,9193,9194,9196,9198,9199,9203,9208,9209,9210,9213,9214,9215,9223,9226,9227,9228,9232,9234,9242,9244,9251,9252,9253,9254,9255,9259,9261,9263,9265,9266,9268,9269,9271,9275,9276,9278,9279,9283,9286,9291,9292,9293,9294,9298,9299,9301,9304,9306,9307,9308,9309,9312,9313,9315,9316,9317,9319,9320,9321,9323,9324,9327,9328,9329,9330,9331,9332,9333,9334,9335,9336,9338,9339,9340,9341,9342,9346,9347,9348,9349,9350,9353,9357,9362,9363,9364,9367,9368,9373,9374,9375,9376,9378,9379,9380,9383,9384,9385,9388,9389,9392,9393,9394,9395,9399,9400,9401,9403,9406,9411,9416,9420,9421,9423,9424,9425,9426,9427,9429,9430,9431,9435,9437,9441,9443,9444,9445,9447,9449,9450,9452,9453,9455,9457,9459,9460,9462,9463,9464,9465,9466,9467,9470,9472,9474,9475,9476,9479,9481,9482,9483,9484,9485,9488,9489,9490,9491,9493,9494,9496,9497,9499,9502,9503,9504,9505,9506,9509,9510,9511,9514,9515,9517,9521,9522,9523,9526,9527,9528,9531,9532,9534,9536,9538,9539,9543,9544,9547,9549,9551,9552,9557,9564,9568,9570,9573,9574,9576,9579,9580,9582,9584,9585,9586,9587,9588,9589,9591,9592,9593,9598,9600,9601,9602,9603,9604,9605,9606,9607,9611,9613,9614,9617,9619,9622,9625,9626,9627,9628,9629,9630,9631,9632,9633,9634,9635,9636,9639,9641,9642,9643,9644,9645,9646,9648,9651,9652,9653,9657,9659,9661,9663,9664,9665,9666,9669,9671,9672,9673,9675,9676,9677,9678,9679,9680,9681,9684,9685,9689,9690,9693,9698,9699,9700,9701,9702,9703,9705,9706,9710,9711,9712,9713,9715,9716,9717,9718,9719,9720,9721,9722,9723,9724,9725,9726,9727,9729,9730,9731,9732,9733,9734,9736,9739,9740,9741,9743,9745,9746,9747,9748,9749,9750,9751,9756,9759,9761,9762,9764,9765,9766,9767,9768,9771,9772,9773,9774,9775,9776,9777,9778,9784,9785,9786,9788,9790,9791,9792,9793,9794,9796,9797,9798,9801,9805,9812,9822,9825,9827,9828,9838,9839,9842,9847,9848,9850,9851,9853,9856,9858,9861,9864,9866,9867,9868,9869,9870,9874,9876,9877,9881,9885,9886,9887,9888,9889,9890,9892,9894,9899,9902,9903,9906,9908,9909,9913,9914,9915,9916,9920,9921,9922,9923,9924,9925,9927,9928,9932,9933,9935,9936,9937,9940,9941,9942,9943,9944,9945,9946,9948,9949,9951,9952,9953,9954,9958,9959,9960,9963,9965,9968,9969,9970,9972,9973,9974,9978,9979,9980,9981,9983,9986,9988,9993,9996,9998",1.92
omics_genomics,development,200,10000,10,0.001,0.7,0.5,1.0,LASSO,0,0.0658,1.0,0.1235,0.0658,0.9984,152,0.9848,,0.0902,0.0794,"0,50,53,70,72,76,82,100,110,125,150,200,215,216,249,250,300,350,352,360,373,386,387,389,393,400,425,443,450,856,875,893,894,1012,1014,1018,1036,1048,1051,1075,1131,1143,1717,1872,2368,2375,2419,2423,2429,2431,2432,2441,2445,2446,2638,2910,3147,3713,3894,4053,4300,4308,4315,4328,4337,4342,4344,4489,4505,4526,4529,4538,4573,4585,4610,4612,4624,4637,4709,4756,4759,4764,4780,4855,4870,4874,4876,4973,4991,4999,5000,5018,5028,5031,5299,5379,5394,5560,5562,5564,5573,5584,5586,5591,5596,5614,5622,5623,5637,5916,6025,6134,6145,6290,7162,7170,7185,7353,7355,7630,7715,7719,7730,8200,8205,8206,8243,8406,8412,8440,8449,8772,8775,8915,9003,9011,9013,9020,9026,9039,9107,9109,9111,9112,9129,9136,9138,9144,9145,9982,9985,9997",15.13
omics_genomics,development,200,10000,10,0.001,0.7,0.5,1.0,LASSO,1,0.0654,1.0,0.1227,0.0654,1.0,153,0.9847,,0.0951,0.0794,"0,32,34,43,44,50,100,113,150,152,171,178,197,198,200,208,209,223,225,234,241,242,248,250,253,255,257,264,270,271,272,275,284,289,298,300,327,328,330,344,346,350,372,377,385,400,450,474,609,615,627,1020,1956,1963,1969,1982,1987,1988,1993,1996,1998,1999,2004,2265,2267,2270,2298,2302,2303,2305,2313,2319,2320,2324,2332,2334,2338,2341,2343,2509,2751,2832,3130,3139,3291,3750,3755,3761,3763,3764,3828,4216,4218,4229,4237,4243,4248,4457,4702,4704,4721,4868,4896,4897,4942,4959,5041,5352,5389,5501,5513,5536,5725,6154,6173,6178,6499,6585,6587,6751,6759,6794,6795,6927,6979,7162,7181,7209,7240,7245,7257,7282,7463,7494,7782,7791,8483,8891,9078,9079,9083,9174,9175,9182,9198,9310,9316,9321,9323,9329,9342,9469,9633",15.98
omics_genomics,development,200,10000,10,0.001,0.7,0.5,1.0,LASSO,2,0.0775,1.0,0.1439,0.0775,1.0,129,0.9871,,0.0965,0.0794,"0,6,7,29,45,46,50,100,117,125,130,132,147,150,160,176,200,208,250,253,261,278,288,296,298,300,308,335,337,350,359,389,398,399,400,450,468,563,582,840,932,1075,1212,1254,1266,1269,1272,1276,1282,1294,1342,2480,2485,2603,2609,2616,2622,2623,2624,2631,2644,3639,3854,3863,3947,4028,4200,4224,4232,4489,4650,4861,4882,4884,4923,4929,4943,5007,5054,5066,5074,5079,5085,5091,5936,6673,6678,6679,6698,7002,7023,7033,7257,7263,7269,7270,7273,7436,7723,7842,8073,8084,8301,8322,8329,8502,8504,8514,8529,8535,8541,8547,9117,9151,9161,9166,9171,9172,9173,9187,9195,9310,9315,9335,9348,9424,9556,9785,9894",15.91
omics_genomics,development,200,10000,10,0.001,0.7,0.5,1.0,ElasticNet,0,0.0357,1.0,0.069,0.0357,0.9984,280,0.972,,0.0819,0.0417,"0,50,53,72,76,82,100,110,125,130,133,136,150,200,216,249,250,300,350,352,356,360,367,373,375,386,387,389,393,400,412,425,443,450,529,660,671,863,872,875,893,894,1012,1014,1018,1036,1048,1051,1075,1085,1131,1140,1143,1464,1466,1471,1707,1715,1717,1798,1872,2260,2294,2360,2368,2375,2419,2423,2429,2431,2432,2434,2437,2439,2441,2445,2446,2450,2638,2686,2688,2752,2792,2845,2910,2918,2924,2929,2949,2994,3093,3132,3137,3145,3147,3244,3343,3703,3713,3719,3728,3730,3863,3877,3883,3894,4053,4073,4081,4147,4300,4308,4310,4315,4323,4328,4337,4342,4344,4397,4486,4489,4500,4503,4505,4526,4527,4529,4535,4538,4573,4585,4610,4612,4623,4624,4630,4709,4756,4759,4764,4778,4780,4793,4855,4870,4874,4876,4890,4958,4965,4973,4991,4999,5000,5002,5018,5024,5028,5031,5039,5047,5250,5293,5295,5299,5360,5379,5391,5394,5467,5515,5521,5548,5555,5559,5560,5562,5563,5564,5570,5573,5584,5586,5591,5596,5598,5602,5614,5622,5623,5624,5637,5649,5827,5916,5926,6025,6027,6134,6145,6148,6263,6290,6456,6517,6734,6960,7038,7162,7170,7178,7184,7185,7252,7353,7367,7390,7617,7630,7700,7715,7719,7730,7737,7738,7795,7943,7968,8109,8145,8200,8205,8206,8243,8332,8406,8412,8440,8449,8659,8760,8766,8772,8775,8776,8908,8915,8993,9003,9005,9011,9013,9015,9020,9026,9039,9040,9045,9107,9109,9111,9112,9118,9120,9126,9128,9129,9132,9136,9138,9143,9144,9145,9219,9681,9694,9982,9985,9997",16.64
omics_genomics,development,200,10000,10,0.001,0.7,0.5,1.0,ElasticNet,1,0.0342,1.0,0.0662,0.0342,1.0,292,0.9708,,0.0856,0.0417,"0,15,25,32,34,43,44,48,50,98,100,113,150,152,171,178,197,198,200,208,209,210,212,223,225,230,231,234,241,242,248,250,253,255,257,264,270,271,272,275,284,286,289,296,298,300,307,321,327,328,330,344,346,350,372,377,381,382,385,400,450,474,609,615,616,627,637,713,722,735,737,740,748,749,837,968,1010,1020,1024,1033,1045,1551,1719,1744,1748,1809,1817,1956,1961,1962,1963,1964,1969,1973,1976,1981,1982,1983,1987,1988,1989,1993,1996,1998,1999,2004,2019,2165,2170,2187,2191,2261,2265,2267,2270,2282,2298,2302,2303,2305,2311,2313,2317,2319,2320,2324,2332,2333,2334,2338,2341,2343,2477,2509,2534,2539,2593,2667,2676,2678,2702,2751,2803,2832,3001,3037,3043,3045,3114,3115,3130,3139,3145,3291,3683,3750,3755,3760,3761,3763,3764,3771,3775,3816,3828,3829,4071,4090,4207,4216,4218,4228,4229,4237,4243,4244,4248,4457,4482,4651,4659,4673,4681,4702,4704,4705,4721,4732,4868,4896,4897,4942,4959,5041,5091,5352,5389,5451,5501,5512,5513,5528,5536,5625,5640,5725,5869,6153,6173,6178,6199,6357,6447,6499,6553,6556,6560,6561,6581,6585,6587,6593,6738,6751,6757,6759,6794,6927,6970,6979,7162,7181,7209,7223,7240,7245,7257,7273,7282,7412,7439,7446,7451,7463,7485,7494,7637,7771,7780,7782,7785,7791,7901,7933,8239,8483,8656,8661,8806,8862,8868,8891,8897,9078,9079,9083,9161,9163,9174,9175,9178,9182,9193,9198,9305,9310,9316,9318,9321,9323,9329,9331,9342,9346,9358,9443,9456,9469,9491,9635,9948,9973",17.27
omics_genomics,development,200,10000,10,0.001,0.7,0.5,1.0,ElasticNet,2,0.0377,1.0,0.0727,0.0377,1.0,265,0.9735,,0.0865,0.0417,"0,6,7,14,29,45,46,50,69,100,108,117,125,130,132,135,141,147,150,160,176,187,200,208,232,250,251,253,255,258,259,261,277,278,280,281,283,287,288,294,296,298,300,308,335,337,350,359,362,389,392,398,399,400,450,468,487,493,551,561,563,582,591,653,666,804,819,840,932,958,992,1047,1051,1061,1074,1075,1080,1088,1101,1110,1212,1219,1254,1266,1269,1272,1276,1282,1294,1325,1342,1558,2147,2260,2264,2272,2285,2463,2467,2472,2480,2485,2517,2601,2603,2605,2606,2609,2616,2622,2623,2624,2631,2639,2644,2813,2824,3308,3616,3632,3639,3854,3860,3863,3865,3867,3872,3929,3933,3934,3940,3947,4000,4025,4028,4044,4200,4224,4228,4232,4489,4650,4683,4861,4876,4882,4884,4896,4908,4923,4929,4943,5006,5007,5022,5052,5054,5056,5066,5074,5079,5083,5085,5091,5557,5907,5908,5936,5959,5991,6025,6282,6283,6290,6655,6656,6673,6678,6679,6698,7002,7023,7030,7033,7242,7257,7263,7264,7269,7270,7273,7284,7293,7294,7296,7376,7392,7436,7609,7723,7842,8061,8073,8084,8087,8092,8301,8312,8317,8318,8322,8329,8344,8358,8502,8504,8509,8512,8514,8516,8517,8520,8526,8529,8535,8541,8547,9117,9151,9153,9161,9166,9168,9171,9172,9173,9179,9180,9182,9185,9187,9195,9199,9293,9301,9306,9310,9315,9321,9335,9348,9411,9424,9425,9429,9437,9462,9467,9494,9556,9669,9781,9785,9863,9894",16.5
omics_genomics,development,200,10000,10,0.001,0.7,0.5,1.0,RFECV,0,0.1,1.0,0.1818,0.1,0.9968,100,0.99,,0.2253,0.8114,"0,50,51,100,120,122,123,124,125,126,127,128,129,130,131,132,133,134,135,136,137,138,139,140,141,142,143,144,145,146,147,148,149,150,151,152,153,154,155,156,157,158,159,162,163,164,165,166,167,168,169,170,171,172,173,174,175,176,177,178,179,180,181,182,183,200,213,215,216,217,218,219,220,221,222,223,224,225,226,227,228,229,230,231,232,233,250,300,350,400,450,483,491,492,866,1243,2041,4709,4857,4943",64.89
omics_genomics,development,200,10000,10,0.001,0.7,0.5,1.0,RFECV,1,0.1,1.0,0.1818,0.1,1.0,100,0.99,,0.2081,0.8114,"0,3,5,50,51,88,100,113,120,122,123,124,125,126,127,128,129,130,131,132,133,134,135,136,137,138,139,140,141,142,143,144,145,146,147,148,149,150,151,152,153,154,155,156,157,158,159,160,161,162,163,164,165,166,167,168,169,170,171,172,173,174,175,176,177,178,179,180,200,210,212,213,214,215,216,217,218,219,220,221,222,223,224,225,226,227,228,229,250,300,333,350,400,450,480,489,490,4236,7789,9582",70.68
omics_genomics,development,200,10000,10,0.001,0.7,0.5,1.0,RFECV,2,0.1,1.0,0.1818,0.1,1.0,100,0.99,,0.2125,0.8114,"0,1,4,31,50,100,126,127,128,129,130,131,132,133,134,135,136,137,138,139,140,141,142,143,144,145,146,147,148,149,150,151,152,153,154,155,156,157,158,159,160,161,162,163,164,165,166,167,168,169,171,172,173,174,175,176,177,178,179,180,181,182,183,184,186,200,214,216,217,218,219,220,221,222,223,224,225,226,227,228,229,230,231,232,233,234,235,236,250,300,324,350,400,450,494,1093,3708,5193,8479,9662",70.3
omics_genomics,development,200,10000,10,0.001,0.7,0.5,1.0,RF_Importance,0,0.0081,0.9,0.016,0.0081,0.9984,1114,0.8886,,0.0688,0.0083,"0,1,6,12,17,34,37,38,41,49,50,65,68,69,84,90,93,97,107,109,114,128,139,141,142,150,155,159,160,170,171,176,179,185,188,189,193,200,219,227,237,250,255,259,277,280,283,296,300,304,307,310,318,322,350,389,400,431,450,453,475,478,508,527,540,543,544,545,550,554,580,582,583,589,599,600,614,629,632,635,696,701,723,748,749,754,756,761,762,768,795,824,836,838,848,869,872,876,879,886,897,899,900,905,910,927,956,965,974,975,979,982,985,1002,1005,1007,1008,1010,1018,1040,1046,1049,1058,1062,1068,1072,1113,1116,1121,1138,1149,1159,1161,1207,1212,1222,1232,1239,1244,1261,1273,1279,1299,1317,1318,1327,1341,1346,1367,1447,1448,1461,1497,1499,1519,1523,1549,1550,1561,1582,1583,1584,1585,1586,1588,1597,1604,1618,1650,1652,1653,1657,1673,1682,1686,1699,1705,1707,1717,1736,1737,1750,1752,1753,1769,1790,1793,1794,1797,1801,1836,1848,1851,1853,1856,1863,1869,1875,1899,1923,1925,1928,1934,1939,1940,1946,1969,1989,1991,1996,2005,2008,2010,2012,2017,2018,2023,2026,2033,2048,2079,2085,2100,2110,2112,2119,2121,2123,2133,2136,2139,2145,2147,2151,2159,2164,2165,2179,2196,2205,2209,2231,2238,2239,2263,2265,2278,2280,2312,2320,2352,2353,2361,2365,2375,2383,2393,2405,2419,2438,2441,2454,2463,2468,2469,2478,2481,2487,2489,2496,2509,2517,2519,2529,2538,2541,2553,2555,2583,2591,2599,2600,2605,2609,2613,2635,2643,2644,2645,2653,2658,2668,2675,2677,2684,2694,2695,2706,2708,2716,2727,2754,2757,2761,2768,2770,2774,2782,2783,2785,2802,2806,2816,2822,2842,2848,2894,2895,2922,2923,2935,2945,2948,2953,2968,2973,2977,2986,3011,3016,3024,3043,3044,3045,3062,3069,3076,3079,3089,3093,3099,3132,3134,3135,3137,3143,3145,3151,3156,3164,3179,3191,3202,3204,3216,3222,3236,3243,3247,3252,3254,3261,3262,3265,3269,3292,3316,3323,3335,3347,3395,3400,3401,3420,3428,3431,3438,3444,3449,3462,3467,3469,3470,3482,3503,3514,3515,3518,3528,3559,3567,3568,3577,3578,3581,3598,3603,3604,3614,3619,3623,3629,3635,3644,3674,3711,3717,3745,3746,3753,3754,3755,3759,3760,3775,3783,3794,3795,3805,3815,3827,3851,3853,3857,3858,3882,3918,3940,3942,3943,3948,3949,3955,4000,4007,4020,4023,4029,4033,4043,4049,4053,4064,4067,4079,4080,4084,4086,4114,4170,4197,4205,4206,4216,4235,4237,4243,4244,4251,4276,4279,4300,4312,4314,4323,4324,4335,4337,4342,4371,4373,4388,4395,4398,4401,4405,4410,4412,4414,4427,4432,4449,4482,4483,4485,4503,4507,4510,4521,4524,4544,4548,4613,4614,4630,4637,4649,4662,4667,4677,4688,4697,4702,4703,4706,4717,4778,4783,4809,4813,4814,4822,4832,4835,4848,4851,4854,4861,4862,4864,4866,4873,4898,4930,4941,4952,4967,4970,4974,4977,4979,4998,5005,5007,5022,5038,5039,5047,5059,5074,5076,5085,5091,5097,5139,5145,5147,5151,5157,5167,5168,5172,5183,5186,5192,5193,5212,5218,5226,5234,5235,5237,5242,5244,5260,5276,5277,5284,5285,5291,5299,5312,5316,5326,5345,5357,5361,5363,5376,5399,5402,5448,5496,5497,5504,5509,5515,5525,5526,5529,5550,5555,5559,5565,5570,5571,5574,5576,5578,5580,5585,5588,5596,5607,5614,5616,5618,5634,5635,5646,5648,5663,5676,5679,5685,5687,5695,5696,5698,5708,5710,5711,5721,5728,5733,5735,5750,5757,5779,5782,5785,5793,5808,5814,5819,5840,5847,5851,5852,5854,5855,5858,5866,5868,5879,5886,5891,5900,5905,5919,5920,5921,5926,5928,5931,5938,5945,5946,5965,5997,6019,6024,6028,6038,6048,6056,6066,6085,6090,6091,6095,6107,6109,6112,6115,6132,6158,6175,6177,6178,6179,6184,6189,6203,6223,6224,6235,6240,6247,6253,6255,6256,6273,6281,6283,6313,6342,6361,6372,6379,6387,6389,6404,6407,6423,6424,6444,6456,6463,6469,6475,6489,6490,6493,6495,6496,6506,6507,6510,6529,6545,6553,6555,6565,6568,6585,6597,6615,6640,6648,6666,6667,6670,6674,6679,6714,6733,6739,6742,6756,6763,6764,6771,6779,6792,6806,6809,6814,6830,6831,6851,6856,6872,6874,6891,6894,6913,6935,6939,6951,7000,7004,7016,7033,7037,7044,7051,7056,7061,7066,7069,7071,7079,7088,7098,7114,7116,7129,7137,7145,7151,7153,7175,7178,7184,7191,7210,7216,7219,7230,7234,7238,7243,7272,7279,7286,7293,7296,7302,7313,7320,7324,7338,7344,7350,7354,7376,7381,7419,7431,7442,7445,7448,7450,7453,7461,7469,7475,7494,7502,7508,7509,7512,7523,7525,7541,7547,7562,7571,7572,7576,7577,7587,7601,7603,7605,7607,7609,7611,7616,7617,7619,7620,7624,7630,7631,7639,7646,7680,7698,7700,7707,7709,7710,7717,7720,7736,7742,7745,7747,7749,7754,7770,7773,7778,7781,7783,7812,7823,7835,7848,7856,7881,7908,7919,7925,7934,7954,7958,7964,7969,7970,7995,8004,8005,8012,8015,8026,8041,8049,8063,8076,8079,8084,8089,8099,8104,8106,8112,8113,8137,8148,8149,8160,8167,8171,8173,8195,8201,8206,8210,8214,8216,8256,8260,8272,8289,8291,8311,8323,8325,8329,8332,8333,8335,8341,8345,8349,8357,8365,8366,8388,8410,8417,8432,8445,8459,8492,8493,8494,8513,8516,8532,8550,8559,8567,8568,8577,8584,8592,8597,8608,8617,8633,8646,8647,8652,8662,8665,8675,8680,8711,8723,8737,8739,8747,8754,8757,8773,8775,8778,8783,8792,8794,8808,8813,8821,8841,8853,8855,8864,8920,8923,8927,8943,8945,8948,8953,8954,8955,8957,8964,8972,8976,8979,8980,8982,8986,8987,9003,9005,9007,9020,9024,9034,9045,9070,9075,9079,9080,9090,9096,9110,9111,9113,9116,9121,9126,9129,9131,9137,9142,9144,9145,9148,9164,9169,9181,9182,9207,9225,9239,9255,9257,9277,9279,9291,9305,9306,9307,9309,9310,9312,9314,9354,9389,9397,9401,9407,9414,9420,9431,9440,9446,9449,9459,9483,9492,9493,9504,9525,9526,9532,9537,9546,9554,9574,9577,9581,9582,9583,9584,9590,9598,9624,9647,9652,9664,9665,9669,9670,9677,9679,9681,9694,9733,9736,9750,9763,9776,9781,9792,9796,9806,9834,9853,9856,9859,9871,9875,9876,9892,9910,9923,9927,9934,9940,9953,9958,9963,9969,9974,9987,9997",0.81
omics_genomics,development,200,10000,10,0.001,0.7,0.5,1.0,RF_Importance,1,0.0091,1.0,0.018,0.0091,1.0,1099,0.8901,,0.0686,0.0083,"0,18,29,31,34,36,42,49,50,62,69,73,100,111,125,146,147,150,152,157,165,181,183,200,203,206,214,215,223,231,234,236,239,242,246,250,252,259,263,271,281,292,300,302,304,307,310,313,321,327,330,338,343,349,350,365,378,382,394,400,401,406,407,413,414,427,441,443,450,451,453,456,463,479,498,518,531,540,558,568,580,610,614,620,624,642,643,649,657,698,704,711,712,716,724,727,737,743,746,749,753,758,763,770,799,802,805,807,810,818,849,855,857,861,866,888,890,894,911,928,929,935,942,948,954,955,958,965,974,986,1015,1020,1039,1044,1062,1070,1112,1117,1138,1154,1162,1167,1171,1176,1180,1190,1196,1220,1232,1234,1236,1244,1248,1253,1266,1267,1285,1290,1291,1301,1319,1326,1329,1350,1367,1396,1398,1416,1435,1453,1469,1482,1488,1496,1499,1506,1508,1509,1510,1511,1524,1528,1531,1565,1589,1590,1596,1613,1619,1621,1630,1635,1640,1694,1714,1716,1727,1735,1772,1777,1779,1782,1785,1807,1812,1817,1824,1825,1827,1829,1834,1835,1836,1839,1849,1854,1862,1870,1872,1877,1881,1898,1907,1908,1922,1928,1931,1937,1952,1953,1958,1960,1966,1969,1970,1976,1983,1984,1987,1989,1995,1997,1998,1999,2004,2010,2014,2023,2031,2033,2034,2051,2057,2066,2067,2076,2105,2144,2159,2162,2163,2173,2196,2204,2205,2219,2227,2241,2256,2260,2270,2274,2279,2282,2287,2294,2309,2318,2319,2326,2334,2354,2366,2368,2393,2394,2396,2403,2405,2411,2431,2444,2448,2459,2462,2470,2475,2499,2506,2509,2514,2558,2574,2589,2594,2605,2607,2609,2617,2620,2626,2635,2641,2645,2647,2650,2657,2664,2682,2696,2708,2712,2714,2716,2718,2725,2743,2751,2761,2764,2826,2832,2843,2867,2874,2875,2880,2882,2887,2896,2909,2922,2946,2975,2991,2995,3001,3019,3022,3031,3038,3046,3048,3049,3050,3064,3069,3071,3075,3077,3081,3085,3115,3118,3122,3130,3134,3139,3141,3148,3154,3156,3165,3180,3191,3202,3209,3212,3223,3234,3239,3246,3264,3265,3269,3276,3279,3281,3283,3293,3304,3306,3325,3330,3332,3340,3343,3346,3352,3366,3371,3376,3377,3386,3388,3394,3427,3431,3435,3442,3462,3467,3470,3481,3490,3496,3497,3506,3552,3561,3570,3572,3586,3588,3601,3640,3648,3653,3661,3678,3679,3697,3724,3730,3735,3737,3744,3746,3747,3759,3769,3783,3792,3795,3801,3807,3817,3823,3831,3834,3837,3844,3851,3853,3855,3866,3901,3928,3936,3955,3964,3966,3985,3995,4006,4026,4034,4036,4037,4051,4091,4104,4124,4126,4128,4146,4151,4160,4161,4173,4189,4209,4210,4211,4230,4236,4243,4245,4259,4274,4286,4299,4302,4304,4317,4325,4338,4351,4367,4400,4402,4404,4407,4410,4411,4419,4433,4435,4446,4459,4473,4475,4481,4494,4500,4521,4525,4533,4534,4542,4544,4549,4550,4553,4554,4558,4565,4587,4599,4624,4632,4642,4646,4659,4662,4671,4704,4712,4714,4717,4724,4748,4750,4762,4768,4771,4779,4791,4796,4799,4803,4813,4816,4817,4838,4842,4846,4847,4848,4853,4860,4862,4867,4881,4903,4913,4921,4922,4946,4949,4952,4955,4959,4961,4964,4970,4977,4995,5000,5014,5018,5027,5048,5054,5065,5071,5098,5115,5134,5137,5143,5152,5154,5157,5159,5160,5168,5169,5195,5198,5214,5222,5242,5245,5254,5258,5284,5301,5303,5309,5314,5316,5317,5374,5414,5432,5435,5436,5451,5455,5457,5466,5477,5488,5504,5524,5526,5531,5569,5578,5590,5591,5595,5604,5608,5617,5618,5623,5624,5626,5633,5640,5642,5655,5662,5664,5683,5699,5707,5710,5713,5722,5724,5732,5736,5751,5777,5780,5788,5797,5799,5809,5838,5847,5856,5868,5871,5879,5880,5883,5893,5902,5910,5917,5920,5934,5942,5944,5945,5948,5955,5965,5971,5975,5985,5992,5995,6019,6034,6043,6057,6065,6071,6073,6085,6111,6114,6120,6181,6221,6223,6254,6271,6273,6276,6291,6294,6299,6304,6327,6347,6349,6356,6361,6364,6365,6375,6378,6394,6424,6449,6462,6469,6472,6483,6496,6497,6500,6517,6549,6556,6563,6568,6577,6585,6586,6589,6604,6621,6627,6649,6656,6668,6675,6686,6696,6712,6739,6756,6758,6763,6764,6771,6779,6786,6810,6813,6822,6827,6829,6834,6838,6842,6857,6860,6861,6872,6896,6900,6903,6914,6926,6936,6939,6942,6946,6979,6982,6983,6989,7005,7021,7032,7042,7049,7073,7082,7101,7104,7115,7118,7130,7143,7148,7152,7158,7161,7172,7176,7177,7187,7188,7193,7208,7209,7213,7215,7221,7223,7232,7258,7282,7283,7285,7289,7301,7314,7326,7343,7358,7386,7401,7402,7407,7414,7417,7421,7434,7440,7444,7466,7483,7488,7490,7494,7501,7502,7504,7509,7519,7520,7528,7530,7537,7543,7548,7565,7575,7578,7580,7583,7603,7604,7613,7618,7620,7657,7659,7666,7668,7671,7673,7675,7712,7719,7729,7732,7736,7740,7748,7751,7757,7760,7771,7774,7782,7794,7815,7816,7841,7842,7874,7881,7894,7906,7911,7929,7935,7963,7969,7972,7974,8001,8036,8046,8052,8061,8081,8083,8085,8086,8090,8091,8096,8111,8138,8141,8160,8163,8170,8184,8186,8190,8203,8219,8285,8292,8294,8308,8324,8326,8332,8336,8363,8374,8401,8410,8416,8441,8463,8468,8484,8496,8504,8509,8527,8537,8547,8566,8570,8587,8588,8592,8607,8609,8614,8624,8630,8656,8662,8667,8686,8688,8689,8693,8697,8701,8720,8733,8766,8769,8774,8777,8779,8793,8815,8820,8825,8833,8837,8839,8846,8850,8852,8853,8854,8860,8865,8870,8879,8886,8888,8891,8892,8896,8906,8914,8931,8940,8948,8950,8956,8958,8969,8970,9002,9016,9019,9021,9056,9059,9063,9066,9076,9080,9083,9092,9134,9146,9155,9156,9160,9161,9164,9172,9177,9184,9196,9198,9199,9209,9211,9220,9223,9239,9244,9248,9260,9262,9278,9286,9288,9290,9309,9310,9315,9316,9318,9337,9358,9376,9387,9393,9403,9427,9429,9432,9435,9441,9449,9451,9477,9478,9479,9495,9515,9519,9544,9547,9564,9568,9582,9589,9616,9617,9620,9628,9652,9667,9692,9697,9701,9721,9724,9729,9739,9747,9749,9765,9782,9786,9790,9812,9817,9827,9833,9834,9845,9868,9875,9882,9917,9918,9920,9931,9973,9977,9986,9987",1.23
omics_genomics,development,200,10000,10,0.001,0.7,0.5,1.0,RF_Importance,2,0.009,1.0,0.0179,0.009,1.0,1108,0.8892,,0.0695,0.0083,"0,7,9,20,40,42,45,46,50,59,61,89,97,100,121,136,143,150,162,179,182,191,195,200,214,217,223,235,248,249,250,258,267,269,273,281,282,288,291,292,295,300,301,314,315,337,343,347,350,370,387,392,393,395,397,400,415,418,432,438,450,454,479,495,501,502,511,537,546,547,566,577,582,590,592,605,614,620,652,654,659,665,682,691,692,720,733,741,765,773,782,783,824,827,828,849,853,863,880,881,913,921,922,923,924,925,932,934,941,947,949,959,964,1013,1055,1071,1090,1094,1101,1106,1107,1108,1111,1121,1134,1138,1155,1167,1181,1182,1183,1186,1190,1197,1216,1221,1228,1234,1238,1243,1245,1249,1257,1261,1266,1268,1270,1275,1278,1284,1292,1293,1294,1295,1296,1297,1300,1307,1309,1312,1328,1334,1335,1346,1350,1352,1358,1370,1373,1380,1395,1410,1412,1444,1447,1448,1455,1497,1513,1516,1517,1524,1539,1546,1554,1556,1563,1565,1574,1581,1585,1589,1590,1593,1601,1613,1615,1638,1641,1642,1659,1665,1667,1686,1692,1696,1700,1714,1715,1727,1732,1738,1741,1756,1757,1763,1767,1780,1807,1849,1867,1877,1891,1895,1898,1903,1906,1919,1928,1936,1958,1961,1963,1968,1986,1989,2004,2016,2020,2035,2058,2070,2102,2123,2124,2129,2132,2133,2138,2139,2147,2161,2167,2178,2203,2210,2225,2245,2259,2272,2275,2280,2281,2284,2288,2299,2304,2314,2334,2337,2342,2361,2384,2387,2388,2389,2396,2398,2410,2417,2420,2432,2445,2446,2448,2454,2461,2467,2471,2496,2520,2535,2547,2552,2558,2572,2600,2601,2604,2606,2609,2615,2616,2617,2629,2630,2636,2638,2640,2642,2645,2655,2660,2680,2701,2726,2737,2746,2759,2767,2786,2787,2790,2793,2807,2808,2813,2815,2820,2821,2824,2832,2835,2838,2841,2901,2902,2906,2914,2923,2929,2931,2938,2953,2964,2967,2969,2978,2981,2986,3012,3030,3031,3033,3035,3037,3048,3054,3068,3074,3089,3092,3109,3115,3123,3144,3146,3169,3170,3178,3197,3217,3218,3221,3231,3250,3253,3259,3265,3269,3273,3281,3295,3297,3312,3319,3322,3337,3353,3357,3364,3365,3378,3412,3439,3481,3494,3514,3517,3521,3527,3528,3534,3597,3601,3607,3628,3647,3654,3662,3669,3676,3678,3690,3692,3706,3708,3750,3751,3752,3768,3769,3794,3803,3850,3852,3854,3863,3900,3908,3914,3916,3919,3926,3952,3966,3970,3976,3987,3997,4002,4009,4015,4022,4024,4029,4042,4047,4048,4056,4065,4066,4093,4098,4110,4111,4119,4131,4140,4141,4148,4149,4176,4207,4208,4214,4222,4223,4251,4267,4270,4346,4350,4354,4370,4378,4385,4399,4406,4415,4420,4442,4448,4452,4477,4480,4509,4534,4540,4542,4543,4558,4561,4564,4575,4576,4605,4625,4629,4637,4639,4640,4641,4644,4645,4649,4656,4660,4672,4677,4707,4708,4709,4717,4726,4732,4745,4748,4753,4762,4784,4788,4803,4805,4809,4810,4816,4832,4834,4839,4841,4845,4861,4863,4864,4903,4909,4917,4920,4937,4938,4945,4951,4960,4966,4984,4990,4992,5011,5014,5024,5028,5030,5044,5054,5060,5064,5065,5073,5074,5083,5087,5097,5104,5111,5112,5116,5122,5128,5135,5139,5143,5145,5147,5150,5158,5162,5203,5212,5225,5227,5230,5235,5256,5262,5269,5280,5284,5300,5320,5326,5332,5337,5350,5367,5378,5400,5405,5419,5432,5453,5454,5457,5468,5521,5533,5539,5542,5547,5549,5563,5566,5570,5584,5585,5595,5603,5608,5636,5653,5662,5664,5667,5678,5681,5685,5701,5705,5706,5710,5725,5739,5773,5775,5793,5796,5807,5811,5817,5842,5855,5870,5875,5882,5892,5893,5895,5897,5903,5908,5910,5911,5934,5935,5937,5942,5964,5965,5968,5981,6000,6004,6009,6012,6016,6023,6029,6039,6044,6048,6053,6061,6083,6091,6095,6099,6109,6123,6133,6134,6146,6155,6170,6177,6184,6210,6220,6234,6260,6268,6295,6311,6313,6327,6335,6356,6376,6397,6402,6406,6413,6415,6419,6427,6432,6446,6449,6460,6466,6472,6492,6507,6524,6536,6537,6544,6547,6570,6574,6610,6611,6632,6635,6637,6641,6647,6650,6660,6662,6664,6686,6692,6697,6705,6716,6727,6748,6751,6759,6769,6773,6775,6784,6793,6794,6807,6828,6843,6863,6875,6879,6880,6891,6899,6900,6929,6940,6954,6959,6965,6967,6969,6972,6975,6983,6990,6994,7002,7006,7013,7023,7033,7034,7038,7052,7057,7061,7065,7070,7071,7077,7091,7100,7106,7116,7126,7152,7155,7156,7167,7173,7183,7184,7203,7210,7211,7220,7233,7238,7244,7253,7254,7256,7257,7260,7267,7268,7273,7280,7284,7293,7295,7306,7329,7358,7373,7374,7377,7381,7382,7388,7392,7394,7410,7416,7445,7448,7457,7469,7479,7486,7490,7495,7514,7528,7529,7540,7546,7554,7559,7564,7571,7576,7583,7593,7607,7613,7622,7627,7634,7645,7651,7663,7666,7668,7670,7678,7681,7683,7695,7703,7706,7708,7711,7730,7734,7748,7801,7806,7820,7825,7830,7841,7842,7847,7852,7855,7867,7888,7889,7914,7918,7922,7932,7948,7958,7960,7982,7988,7994,8003,8006,8008,8012,8013,8028,8034,8048,8049,8050,8052,8059,8060,8062,8066,8082,8090,8096,8110,8118,8146,8151,8155,8156,8162,8182,8187,8199,8200,8234,8243,8253,8267,8280,8302,8311,8321,8333,8334,8352,8362,8382,8405,8418,8442,8467,8491,8504,8507,8511,8527,8539,8540,8545,8555,8557,8561,8589,8611,8614,8621,8625,8640,8657,8660,8667,8689,8693,8714,8725,8729,8731,8732,8757,8770,8817,8850,8855,8856,8862,8868,8871,8875,8889,8891,8903,8916,8925,8950,8960,8965,8976,8980,8982,8989,8990,8994,9006,9020,9048,9054,9062,9063,9074,9081,9092,9093,9109,9117,9130,9139,9152,9156,9161,9166,9167,9171,9173,9174,9175,9179,9180,9194,9195,9198,9199,9230,9242,9244,9260,9287,9293,9310,9312,9316,9318,9323,9328,9330,9338,9345,9349,9367,9368,9370,9371,9389,9394,9395,9396,9405,9415,9421,9422,9468,9469,9474,9479,9486,9489,9495,9502,9527,9540,9545,9565,9577,9599,9600,9620,9626,9636,9653,9662,9664,9672,9678,9692,9694,9701,9703,9707,9708,9714,9731,9736,9743,9753,9759,9765,9769,9781,9784,9796,9798,9807,9813,9814,9818,9853,9871,9878,9881,9887,9894,9905,9908,9915,9923,9929,9961,9965,9969,9989,9990,9991,9996,9998",1.16
omics_genomics,development,200,10000,10,0.001,0.7,0.5,1.0,PermImportance,0,1.0,0.2,0.3333,0.2,0.9288,2,0.9998,,0.5823,0.3333,"300,450",257.88
omics_genomics,development,200,10000,10,0.001,0.7,0.5,1.0,PermImportance,1,0.0,0.0,0.0,0.0,,0,1.0,,0.0,0.3333,,260.74
omics_genomics,development,200,10000,10,0.001,0.7,0.5,1.0,PermImportance,2,1.0,0.1,0.1818,0.1,0.9256,1,0.9999,,0.0,0.3333,300,267.79
omics_genomics,development,200,10000,10,0.001,0.7,0.5,1.0,SHAP,0,0.5556,1.0,0.7143,0.5556,0.9968,18,0.9982,,0.2063,0.5342,"0,50,51,100,138,150,200,250,300,350,400,450,866,1243,2041,4709,4857,4943",2.59
omics_genomics,development,200,10000,10,0.001,0.7,0.5,1.0,SHAP,1,0.5,1.0,0.6667,0.5,1.0,20,0.998,,0.1881,0.5342,"0,3,5,50,51,88,100,113,146,150,200,250,300,333,350,400,450,4236,7789,9582",2.73
omics_genomics,development,200,10000,10,0.001,0.7,0.5,1.0,SHAP,2,0.5,1.0,0.6667,0.5,1.0,20,0.998,,0.189,0.5342,"0,1,4,31,50,100,150,200,236,250,300,324,350,400,450,1093,3708,5193,8479,9662",3.53
omics_genomics,development,200,10000,10,0.001,0.7,0.5,1.0,SO_S1->2,0,1.0,0.9,0.9474,0.9,0.9968,9,0.9991,,0.5078,0.9278,"0,50,100,200,250,300,350,400,450",685.19
omics_genomics,development,200,10000,10,0.001,0.7,0.5,1.0,SelectOmics,0,1.0,0.9,0.9474,0.9,0.9968,9,0.9991,step3,0.5078,0.9278,"0,50,100,200,250,300,350,400,450",685.28
omics_genomics,development,200,10000,10,0.001,0.7,0.5,1.0,SO_S1->2,1,1.0,1.0,1.0,1.0,1.0,10,0.999,,0.4857,0.9278,"0,50,100,150,200,250,300,350,400,450",685.77
omics_genomics,development,200,10000,10,0.001,0.7,0.5,1.0,SelectOmics,1,1.0,1.0,1.0,1.0,1.0,10,0.999,step3,0.4857,0.9278,"0,50,100,150,200,250,300,350,400,450",687.69
omics_genomics,development,200,10000,10,0.001,0.7,0.5,1.0,SO_S1->2,2,1.0,0.9,0.9474,0.9,1.0,9,0.9991,,0.5015,0.9278,"0,50,100,150,200,300,350,400,450",733.31
omics_genomics,development,200,10000,10,0.001,0.7,0.5,1.0,SelectOmics,2,1.0,0.9,0.9474,0.9,1.0,9,0.9991,step3,0.5015,0.9278,"0,50,100,150,200,300,350,400,450",733.17
adversarial_easy,development,500,200,20,0.1,0.1,0.5,2.0,VarCorr_Baseline,0,0.2,1.0,0.3333,0.2,1.0,100,0.5,,0.0723,0.1333,"0,1,2,3,4,5,6,8,10,11,12,17,19,20,22,24,25,28,30,32,33,34,36,37,39,40,41,43,44,45,48,49,50,51,53,57,60,61,63,65,68,70,71,72,76,79,80,81,83,84,87,90,93,97,98,99,100,108,109,110,112,113,115,120,122,123,125,127,130,131,132,138,140,144,145,146,148,150,158,160,161,166,167,169,170,171,172,173,174,176,177,178,179,180,183,184,185,190,196,197",0.05
adversarial_easy,development,500,200,20,0.1,0.1,0.5,2.0,VarCorr_Baseline,1,0.2,1.0,0.3333,0.2,1.0,100,0.5,,0.0731,0.1333,"0,2,4,6,9,10,11,14,15,16,17,18,20,24,26,27,28,29,30,33,35,36,38,39,40,41,48,49,50,52,53,57,58,59,60,62,64,66,67,68,69,70,71,72,73,75,76,80,82,83,90,92,94,96,97,98,99,100,101,102,103,104,109,110,112,113,114,119,120,121,124,125,126,130,131,132,136,138,140,145,146,147,150,153,154,156,157,160,163,170,172,174,175,178,180,184,188,190,194,195",0.05
adversarial_easy,development,500,200,20,0.1,0.1,0.5,2.0,VarCorr_Baseline,2,0.2,1.0,0.3333,0.2,1.0,100,0.5,,0.0734,0.1333,"0,4,8,10,13,14,15,17,18,19,20,21,24,27,30,31,32,36,38,40,41,45,48,49,50,52,55,60,63,64,65,68,70,71,75,77,80,81,82,85,88,89,90,91,92,96,97,99,100,101,102,106,107,108,109,110,112,113,114,116,120,130,132,133,134,135,136,140,141,143,144,145,146,150,152,153,154,156,157,158,160,164,167,170,171,172,174,175,177,179,180,182,187,189,190,193,194,197,198,199",0.05
adversarial_easy,development,500,200,20,0.1,0.1,0.5,2.0,LASSO,0,1.0,0.8,0.8889,0.8,1.0,16,0.92,,0.7991,0.7771,"0,10,20,40,50,60,70,80,90,120,130,140,160,170,180,190",0.63
adversarial_easy,development,500,200,20,0.1,0.1,0.5,2.0,LASSO,1,1.0,0.75,0.8571,0.75,1.0,15,0.925,,0.8043,0.7771,"0,20,30,40,50,90,100,110,120,130,140,160,170,180,190",0.68
adversarial_easy,development,500,200,20,0.1,0.1,0.5,2.0,LASSO,2,1.0,0.9,0.9474,0.9,1.0,18,0.91,,0.8019,0.7771,"0,10,20,30,40,60,70,80,90,100,110,120,130,140,150,160,170,180",0.58
adversarial_easy,development,500,200,20,0.1,0.1,0.5,2.0,ElasticNet,0,1.0,1.0,1.0,1.0,1.0,20,0.9,,0.7966,1.0,"0,10,20,30,40,50,60,70,80,90,100,110,120,130,140,150,160,170,180,190",0.3
adversarial_easy,development,500,200,20,0.1,0.1,0.5,2.0,ElasticNet,1,1.0,1.0,1.0,1.0,1.0,20,0.9,,0.8,1.0,"0,10,20,30,40,50,60,70,80,90,100,110,120,130,140,150,160,170,180,190",0.31
adversarial_easy,development,500,200,20,0.1,0.1,0.5,2.0,ElasticNet,2,1.0,1.0,1.0,1.0,1.0,20,0.9,,0.8,1.0,"0,10,20,30,40,50,60,70,80,90,100,110,120,130,140,150,160,170,180,190",0.3
adversarial_easy,development,500,200,20,0.1,0.1,0.5,2.0,RFECV,0,1.0,0.25,0.4,0.25,1.0,5,0.975,,0.8058,0.3162,"10,40,140,150,160",3.16
adversarial_easy,development,500,200,20,0.1,0.1,0.5,2.0,RFECV,1,1.0,0.25,0.4,0.25,1.0,5,0.975,,0.8141,0.3162,"10,30,130,140,170",2.93
adversarial_easy,development,500,200,20,0.1,0.1,0.5,2.0,RFECV,2,1.0,0.25,0.4,0.25,1.0,5,0.975,,0.8122,0.3162,"80,90,120,140,170",2.99
adversarial_easy,development,500,200,20,0.1,0.1,0.5,2.0,RF_Importance,0,1.0,1.0,1.0,1.0,1.0,20,0.9,,0.7966,0.9811,"0,10,20,30,40,50,60,70,80,90,100,110,120,130,140,150,160,170,180,190",0.12
adversarial_easy,development,500,200,20,0.1,0.1,0.5,2.0,RF_Importance,1,1.0,1.0,1.0,1.0,1.0,20,0.9,,0.8,0.9811,"0,10,20,30,40,50,60,70,80,90,100,110,120,130,140,150,160,170,180,190",0.14
adversarial_easy,development,500,200,20,0.1,0.1,0.5,2.0,RF_Importance,2,1.0,0.95,0.9744,0.95,1.0,19,0.905,,0.8006,0.9811,"0,20,30,40,50,60,70,80,90,100,110,120,130,140,150,160,170,180,190",0.16
adversarial_easy,development,500,200,20,0.1,0.1,0.5,2.0,PermImportance,0,1.0,0.1,0.1818,0.1,1.0,2,0.99,,0.8153,-0.0084,"90,140",1.44
adversarial_easy,development,500,200,20,0.1,0.1,0.5,2.0,PermImportance,1,1.0,0.05,0.0952,0.05,0.9738,1,0.995,,0.0,-0.0084,130,1.46
adversarial_easy,development,500,200,20,0.1,0.1,0.5,2.0,PermImportance,2,1.0,0.1,0.1818,0.1,0.9995,2,0.99,,0.8121,-0.0084,"100,170",1.43
adversarial_easy,development,500,200,20,0.1,0.1,0.5,2.0,SHAP,0,1.0,0.9,0.9474,0.9,1.0,18,0.91,,0.7981,0.7645,"0,10,20,30,40,50,60,70,90,100,110,120,140,150,160,170,180,190",0.1
adversarial_easy,development,500,200,20,0.1,0.1,0.5,2.0,SHAP,1,1.0,0.75,0.8571,0.75,1.0,15,0.925,,0.8036,0.7645,"0,10,20,30,40,50,60,80,100,120,130,140,150,170,190",0.09
adversarial_easy,development,500,200,20,0.1,0.1,0.5,2.0,SHAP,2,1.0,0.65,0.7879,0.65,1.0,13,0.935,,0.8056,0.7645,"0,10,20,30,60,80,90,100,120,140,170,180,190",0.1
adversarial_easy,development,500,200,20,0.1,0.1,0.5,2.0,SO_S1->2,0,1.0,0.5,0.6667,0.5,1.0,10,0.95,,0.8,0.3617,"0,10,20,30,40,60,80,140,150,180",12.8
adversarial_easy,development,500,200,20,0.1,0.1,0.5,2.0,SelectOmics,0,1.0,0.5,0.6667,0.5,1.0,10,0.95,step3,0.8,0.3617,"0,10,20,30,40,60,80,140,150,180",12.92
adversarial_easy,development,500,200,20,0.1,0.1,0.5,2.0,SO_S1_only,0,0.1,1.0,0.1818,0.1,1.0,200,0.0,,0.0506,,"0,1,2,3,4,5,6,7,8,9,10,11,12,13,14,15,16,17,18,19,20,21,22,23,24,25,26,27,28,29,30,31,32,33,34,35,36,37,38,39,40,41,42,43,44,45,46,47,48,49,50,51,52,53,54,55,56,57,58,59,60,61,62,63,64,65,66,67,68,69,70,71,72,73,74,75,76,77,78,79,80,81,82,83,84,85,86,87,88,89,90,91,92,93,94,95,96,97,98,99,100,101,102,103,104,105,106,107,108,109,110,111,112,113,114,115,116,117,118,119,120,121,122,123,124,125,126,127,128,129,130,131,132,133,134,135,136,137,138,139,140,141,142,143,144,145,146,147,148,149,150,151,152,153,154,155,156,157,158,159,160,161,162,163,164,165,166,167,168,169,170,171,172,173,174,175,176,177,178,179,180,181,182,183,184,185,186,187,188,189,190,191,192,193,194,195,196,197,198,199",12.02
adversarial_easy,development,500,200,20,0.1,0.1,0.5,2.0,SO_S2_only,0,1.0,0.5,0.6667,0.5,1.0,10,0.95,,0.8,0.3617,"0,10,20,30,40,60,80,140,150,180",10.76
adversarial_easy,development,500,200,20,0.1,0.1,0.5,2.0,SO_S3_only,0,1.0,0.05,0.0952,0.05,0.999,1,0.995,,0.0,0.0847,10,334.89
adversarial_easy,development,500,200,20,0.1,0.1,0.5,2.0,SO_S1->2,1,1.0,0.45,0.6207,0.45,1.0,9,0.955,,0.8129,0.3617,"0,30,50,100,120,130,140,170,190",14.82
adversarial_easy,development,500,200,20,0.1,0.1,0.5,2.0,SelectOmics,1,1.0,0.45,0.6207,0.45,1.0,9,0.955,step3,0.8129,0.3617,"0,30,50,100,120,130,140,170,190",14.98
adversarial_easy,development,500,200,20,0.1,0.1,0.5,2.0,SO_S1_only,1,0.1,1.0,0.1818,0.1,1.0,200,0.0,,0.0508,,"0,1,2,3,4,5,6,7,8,9,10,11,12,13,14,15,16,17,18,19,20,21,22,23,24,25,26,27,28,29,30,31,32,33,34,35,36,37,38,39,40,41,42,43,44,45,46,47,48,49,50,51,52,53,54,55,56,57,58,59,60,61,62,63,64,65,66,67,68,69,70,71,72,73,74,75,76,77,78,79,80,81,82,83,84,85,86,87,88,89,90,91,92,93,94,95,96,97,98,99,100,101,102,103,104,105,106,107,108,109,110,111,112,113,114,115,116,117,118,119,120,121,122,123,124,125,126,127,128,129,130,131,132,133,134,135,136,137,138,139,140,141,142,143,144,145,146,147,148,149,150,151,152,153,154,155,156,157,158,159,160,161,162,163,164,165,166,167,168,169,170,171,172,173,174,175,176,177,178,179,180,181,182,183,184,185,186,187,188,189,190,191,192,193,194,195,196,197,198,199",14.33
adversarial_easy,development,500,200,20,0.1,0.1,0.5,2.0,SO_S2_only,1,1.0,0.45,0.6207,0.45,1.0,9,0.955,,0.8129,0.3617,"0,30,50,100,120,130,140,170,190",13.02
adversarial_easy,development,500,200,20,0.1,0.1,0.5,2.0,SO_S3_only,1,1.0,0.75,0.8571,0.75,1.0,15,0.925,,0.8067,0.0847,"0,10,30,40,50,60,100,120,130,140,150,160,170,180,190",328.08
adversarial_easy,development,500,200,20,0.1,0.1,0.5,2.0,SO_S1->2,2,1.0,0.35,0.5185,0.35,1.0,7,0.965,,0.8114,0.3617,"0,70,80,90,120,140,170",16.56
adversarial_easy,development,500,200,20,0.1,0.1,0.5,2.0,SelectOmics,2,1.0,0.35,0.5185,0.35,1.0,7,0.965,step3,0.8114,0.3617,"0,70,80,90,120,140,170",16.73
adversarial_easy,development,500,200,20,0.1,0.1,0.5,2.0,SO_S1_only,2,0.1,1.0,0.1818,0.1,1.0,200,0.0,,0.0509,,"0,1,2,3,4,5,6,7,8,9,10,11,12,13,14,15,16,17,18,19,20,21,22,23,24,25,26,27,28,29,30,31,32,33,34,35,36,37,38,39,40,41,42,43,44,45,46,47,48,49,50,51,52,53,54,55,56,57,58,59,60,61,62,63,64,65,66,67,68,69,70,71,72,73,74,75,76,77,78,79,80,81,82,83,84,85,86,87,88,89,90,91,92,93,94,95,96,97,98,99,100,101,102,103,104,105,106,107,108,109,110,111,112,113,114,115,116,117,118,119,120,121,122,123,124,125,126,127,128,129,130,131,132,133,134,135,136,137,138,139,140,141,142,143,144,145,146,147,148,149,150,151,152,153,154,155,156,157,158,159,160,161,162,163,164,165,166,167,168,169,170,171,172,173,174,175,176,177,178,179,180,181,182,183,184,185,186,187,188,189,190,191,192,193,194,195,196,197,198,199",16.08
adversarial_easy,development,500,200,20,0.1,0.1,0.5,2.0,SO_S2_only,2,1.0,0.35,0.5185,0.35,1.0,7,0.965,,0.8114,0.3617,"0,70,80,90,120,140,170",14.68
adversarial_easy,development,500,200,20,0.1,0.1,0.5,2.0,SO_S3_only,2,0.4,0.3,0.3429,0.2069,1.0,15,0.925,,0.1745,0.0847,"80,81,82,83,84,85,86,87,88,89,90,100,120,140,170",320.6
omics_lowcorr,development,100,2000,10,0.005,0.1,0.5,1.0,VarCorr_Baseline,0,0.008,0.8,0.0158,0.008,1.0,1000,0.5,,0.0935,-0.0133,"0,1,2,3,4,10,11,15,18,19,20,22,25,26,28,32,33,35,37,44,50,51,52,53,54,59,60,62,63,65,67,68,70,71,72,73,79,80,85,87,90,94,95,97,100,101,102,103,108,110,117,119,120,123,124,125,126,127,129,132,133,136,137,138,139,142,143,146,149,150,152,154,158,160,162,163,165,166,167,169,171,172,174,176,178,179,180,181,182,184,185,187,192,194,198,200,204,206,207,208,209,213,214,215,216,217,218,221,224,226,227,229,236,238,239,241,242,243,245,249,250,251,253,254,256,257,258,261,263,268,270,275,279,283,284,287,288,290,292,293,295,297,298,300,301,302,303,304,305,309,313,315,319,322,325,327,329,334,336,337,338,339,341,342,343,344,345,347,348,349,351,354,355,357,364,365,367,368,370,372,374,376,377,378,379,382,388,389,390,391,395,403,405,412,413,415,418,420,422,423,425,426,427,429,430,433,434,436,437,441,442,444,446,447,449,450,451,453,455,456,458,462,463,466,469,470,473,474,476,478,481,483,487,488,489,491,492,493,494,500,501,502,503,506,509,512,513,515,523,527,529,531,534,535,536,537,545,546,549,550,552,553,556,558,562,563,564,565,566,567,568,569,570,575,577,578,580,583,590,592,595,597,599,600,601,602,603,605,607,611,612,619,622,623,624,625,626,628,631,632,634,635,637,639,649,650,651,652,654,657,658,659,660,662,664,665,667,671,673,674,678,681,682,691,692,693,694,695,697,698,699,700,701,704,705,706,707,709,713,714,715,721,722,723,724,726,727,729,731,732,735,739,740,741,742,743,745,746,747,748,750,751,755,756,758,759,760,761,769,771,772,773,774,777,778,779,780,784,787,788,791,792,800,801,803,804,806,812,813,814,815,816,817,819,820,826,827,828,829,830,831,836,837,842,844,845,846,850,851,855,856,860,861,863,864,867,869,870,871,872,875,877,885,887,889,890,892,894,896,897,898,900,901,902,906,908,910,912,913,914,915,918,922,923,924,925,926,928,929,931,933,935,936,938,940,941,942,943,948,952,953,955,956,960,961,963,966,968,974,976,978,979,981,982,986,988,989,990,991,992,993,999,1001,1002,1003,1004,1008,1010,1012,1014,1015,1019,1021,1023,1027,1029,1030,1032,1034,1035,1037,1038,1040,1042,1048,1050,1051,1053,1054,1056,1057,1058,1061,1063,1064,1065,1067,1072,1073,1074,1075,1076,1077,1080,1083,1085,1087,1092,1093,1095,1096,1098,1099,1100,1101,1102,1103,1104,1108,1109,1110,1112,1113,1117,1119,1120,1124,1125,1127,1132,1134,1135,1139,1142,1143,1144,1146,1148,1149,1150,1152,1156,1159,1161,1163,1164,1166,1167,1168,1169,1170,1171,1172,1174,1175,1176,1179,1182,1183,1184,1185,1187,1192,1194,1195,1196,1198,1199,1200,1201,1203,1206,1213,1214,1215,1217,1220,1223,1224,1227,1229,1231,1235,1239,1241,1245,1246,1247,1254,1256,1257,1258,1259,1262,1265,1266,1267,1269,1270,1271,1273,1274,1276,1280,1281,1283,1284,1285,1286,1291,1292,1293,1296,1298,1300,1302,1304,1306,1307,1309,1310,1318,1319,1320,1323,1327,1328,1329,1331,1332,1333,1337,1340,1341,1342,1343,1345,1346,1347,1348,1350,1351,1352,1353,1356,1359,1360,1361,1362,1364,1366,1367,1370,1371,1372,1374,1375,1376,1378,1384,1387,1388,1391,1392,1393,1395,1396,1397,1403,1404,1406,1407,1410,1411,1412,1414,1416,1421,1424,1425,1426,1428,1429,1430,1431,1433,1436,1437,1438,1440,1441,1443,1445,1446,1447,1448,1451,1456,1458,1459,1460,1463,1464,1467,1468,1469,1470,1473,1474,1476,1480,1481,1483,1487,1488,1490,1492,1493,1494,1497,1498,1499,1501,1503,1504,1505,1506,1507,1509,1511,1513,1514,1519,1523,1525,1528,1534,1536,1538,1539,1540,1541,1544,1553,1555,1557,1558,1559,1560,1562,1563,1564,1570,1573,1574,1575,1576,1577,1580,1582,1583,1584,1585,1586,1589,1590,1592,1593,1595,1598,1604,1608,1609,1610,1611,1613,1614,1619,1622,1623,1624,1627,1628,1630,1634,1635,1636,1637,1639,1641,1642,1643,1645,1646,1648,1652,1653,1654,1655,1656,1658,1664,1667,1668,1669,1673,1674,1675,1676,1678,1683,1684,1685,1686,1687,1688,1689,1691,1692,1693,1695,1696,1697,1701,1702,1704,1706,1709,1711,1713,1714,1716,1718,1719,1720,1721,1722,1723,1724,1725,1726,1727,1729,1734,1736,1737,1738,1739,1741,1742,1744,1748,1750,1757,1760,1761,1762,1763,1764,1766,1768,1773,1774,1775,1777,1778,1780,1781,1782,1783,1784,1785,1786,1787,1790,1792,1793,1794,1796,1799,1802,1803,1805,1806,1807,1808,1809,1816,1817,1818,1820,1823,1824,1826,1831,1832,1833,1834,1835,1836,1838,1839,1845,1846,1847,1848,1850,1852,1853,1856,1858,1865,1867,1870,1871,1873,1875,1877,1879,1882,1886,1888,1890,1891,1892,1894,1895,1901,1902,1903,1904,1906,1908,1909,1910,1911,1912,1915,1916,1917,1920,1923,1924,1925,1926,1927,1928,1934,1935,1936,1939,1941,1946,1947,1948,1950,1951,1955,1959,1961,1963,1965,1967,1969,1970,1971,1973,1977,1982,1983,1984,1985,1986,1988,1990,1991,1992,1993,1995,1998",0.13
omics_lowcorr,development,100,2000,10,0.005,0.1,0.5,1.0,VarCorr_Baseline,1,0.007,0.7,0.0139,0.007,1.0,1000,0.5,,0.0933,-0.0133,"0,2,3,7,10,12,13,14,15,17,18,19,20,21,23,24,26,28,30,32,33,38,39,40,41,42,44,45,49,52,55,61,62,64,65,67,68,71,73,75,77,78,79,80,83,84,88,89,90,94,97,99,101,102,103,104,105,107,108,109,110,112,114,117,118,119,120,121,122,123,124,125,128,129,130,131,132,133,134,136,140,141,144,145,146,148,150,151,152,154,155,157,160,161,168,171,174,179,182,185,186,187,188,192,193,195,197,198,200,201,202,205,212,214,216,217,218,223,224,227,228,231,232,235,236,237,238,240,245,246,249,253,254,255,256,257,258,261,264,266,267,269,270,271,272,274,275,280,281,282,284,285,287,289,292,294,296,298,299,302,303,304,306,307,310,312,313,317,321,322,324,326,327,329,330,335,337,338,339,340,341,342,343,345,346,347,348,350,352,357,359,363,364,366,367,369,372,373,374,375,386,389,390,391,394,397,398,401,402,403,404,405,406,407,409,410,411,412,416,417,418,422,423,424,425,426,427,430,431,435,437,439,442,447,450,452,455,459,461,462,465,473,474,475,476,477,478,479,480,484,486,487,488,489,490,492,495,500,502,503,514,515,516,518,519,522,524,525,530,531,532,533,534,536,541,542,543,549,550,551,552,555,556,557,558,560,561,562,567,569,570,574,576,577,578,581,582,584,585,586,588,589,590,591,593,594,596,597,600,601,603,604,609,610,611,612,613,614,616,620,621,625,626,627,633,634,635,639,640,641,646,647,649,651,655,656,657,664,666,667,669,671,672,675,679,682,685,686,687,688,689,690,692,694,695,696,697,698,702,703,710,711,714,716,717,720,721,722,723,724,725,727,729,732,736,737,738,739,740,743,744,745,746,747,751,753,755,756,757,760,761,763,764,765,766,768,772,773,774,775,778,779,780,781,783,784,787,792,793,794,795,796,797,799,801,808,812,815,817,818,820,822,823,825,826,828,831,835,839,840,841,842,843,844,847,849,850,851,853,856,857,858,864,865,866,868,869,870,871,875,879,884,886,891,892,893,896,899,900,901,902,903,912,913,916,918,919,921,922,924,926,928,929,934,940,941,942,944,945,946,948,951,954,955,958,960,963,967,968,971,976,978,979,981,982,983,987,989,990,992,994,996,1000,1002,1003,1005,1006,1008,1009,1011,1016,1017,1018,1021,1022,1023,1027,1030,1032,1033,1034,1036,1037,1038,1040,1043,1047,1048,1052,1053,1055,1056,1057,1058,1060,1061,1064,1066,1068,1069,1070,1075,1078,1079,1082,1083,1094,1100,1103,1104,1105,1106,1107,1108,1112,1114,1118,1119,1120,1121,1123,1124,1125,1126,1131,1133,1134,1136,1137,1140,1142,1144,1145,1146,1147,1148,1149,1151,1152,1154,1156,1157,1158,1159,1164,1165,1167,1178,1180,1181,1184,1185,1186,1188,1189,1190,1191,1192,1196,1198,1199,1200,1202,1203,1205,1211,1214,1215,1216,1217,1218,1220,1222,1224,1225,1227,1230,1232,1233,1235,1236,1241,1243,1244,1251,1253,1255,1256,1258,1262,1264,1265,1267,1269,1272,1274,1277,1278,1280,1282,1283,1287,1288,1289,1290,1291,1292,1294,1295,1296,1299,1300,1305,1306,1307,1310,1311,1316,1317,1318,1319,1321,1323,1324,1325,1327,1330,1332,1335,1338,1344,1347,1348,1350,1351,1354,1355,1356,1357,1359,1362,1363,1365,1366,1368,1369,1370,1374,1376,1377,1379,1380,1382,1384,1385,1387,1388,1390,1391,1395,1398,1401,1402,1409,1410,1412,1414,1415,1417,1419,1425,1429,1435,1437,1438,1439,1440,1446,1447,1448,1449,1450,1451,1452,1453,1454,1455,1458,1463,1464,1466,1468,1471,1473,1474,1475,1476,1478,1479,1481,1482,1485,1492,1493,1494,1495,1496,1499,1500,1501,1502,1504,1505,1506,1510,1516,1517,1518,1519,1520,1525,1528,1530,1531,1536,1538,1542,1545,1546,1547,1548,1553,1554,1555,1557,1559,1562,1564,1565,1567,1569,1571,1575,1580,1581,1582,1583,1586,1588,1589,1590,1593,1594,1597,1599,1601,1602,1603,1605,1606,1607,1608,1609,1610,1611,1612,1613,1614,1618,1620,1621,1623,1624,1625,1626,1629,1630,1634,1635,1640,1645,1646,1649,1651,1656,1660,1662,1663,1664,1667,1668,1671,1672,1674,1675,1676,1679,1684,1687,1688,1690,1693,1695,1701,1705,1706,1708,1710,1711,1712,1713,1714,1715,1716,1717,1718,1719,1720,1726,1727,1732,1733,1734,1735,1736,1738,1739,1740,1741,1745,1748,1749,1751,1754,1755,1759,1760,1762,1763,1764,1766,1770,1771,1772,1773,1774,1777,1779,1780,1781,1782,1783,1788,1790,1792,1794,1795,1797,1798,1802,1803,1804,1805,1808,1810,1814,1815,1816,1818,1820,1822,1827,1829,1830,1831,1832,1833,1834,1837,1838,1843,1845,1848,1849,1852,1856,1858,1862,1864,1865,1867,1869,1872,1873,1874,1877,1878,1879,1880,1882,1890,1891,1892,1895,1897,1901,1902,1904,1906,1907,1912,1914,1915,1916,1918,1919,1922,1923,1924,1926,1929,1930,1933,1939,1943,1944,1945,1946,1947,1948,1949,1956,1958,1962,1963,1966,1968,1970,1972,1974,1975,1976,1978,1979,1982,1983,1984,1985,1986,1987,1988,1989,1990,1991,1992,1993,1994,1995,1997,1999",0.12
omics_lowcorr,development,100,2000,10,0.005,0.1,0.5,1.0,VarCorr_Baseline,2,0.008,0.8,0.0158,0.008,1.0,1000,0.5,,0.0933,-0.0133,"0,1,2,4,5,7,8,9,10,11,13,15,22,24,25,26,27,28,29,30,32,35,40,41,43,44,46,50,52,59,60,61,62,65,67,69,70,73,74,77,80,82,83,84,85,87,88,90,93,94,95,99,101,104,107,108,113,114,115,116,117,120,121,124,127,130,134,135,138,139,140,142,150,154,155,156,157,160,162,164,165,166,170,172,179,180,181,184,185,187,188,189,190,191,192,198,200,201,203,205,209,210,211,215,219,231,233,236,237,239,244,245,246,247,249,251,252,253,254,255,262,263,265,269,274,275,276,277,278,279,281,282,283,284,286,287,290,291,292,294,295,298,300,304,306,309,310,313,315,317,318,319,326,327,332,333,336,337,338,339,341,345,346,347,349,350,352,353,354,355,356,358,360,363,364,367,371,372,373,376,377,378,379,380,382,383,384,385,386,387,388,389,390,391,392,394,396,399,401,402,403,404,405,409,410,413,419,420,421,423,425,426,432,434,437,439,442,444,445,448,450,454,455,456,457,459,460,461,468,469,471,472,475,476,478,479,480,482,483,484,487,490,492,495,496,497,498,504,505,506,507,509,510,511,513,514,515,517,518,521,524,525,527,530,532,535,539,542,543,544,545,547,552,553,555,556,557,558,561,564,570,571,572,575,584,585,586,588,589,590,593,594,595,596,598,601,604,607,611,613,615,617,620,621,624,626,627,630,631,632,633,636,637,639,641,642,649,650,651,652,653,654,658,659,664,666,668,671,672,673,674,675,677,680,683,684,685,687,690,695,696,699,700,701,702,703,704,705,706,708,709,710,711,712,715,716,719,720,723,724,727,730,734,737,739,740,743,745,746,748,750,751,754,755,756,757,758,760,765,766,769,770,771,773,774,775,776,777,782,784,786,787,788,789,791,792,795,796,801,804,807,808,810,811,812,816,820,821,822,823,825,826,829,832,835,836,840,841,845,847,849,851,852,853,854,857,861,862,863,865,872,873,877,878,880,883,884,887,889,890,892,895,896,897,898,900,901,903,904,905,909,910,915,916,917,918,920,921,933,935,936,937,941,942,945,946,947,949,952,953,954,957,959,961,964,965,967,968,971,973,974,975,978,979,981,984,985,987,988,990,994,996,1000,1001,1005,1010,1013,1014,1015,1018,1019,1020,1025,1028,1029,1030,1034,1036,1037,1040,1041,1043,1045,1046,1047,1048,1049,1053,1056,1057,1062,1065,1068,1072,1073,1076,1078,1082,1083,1084,1086,1088,1090,1091,1096,1097,1102,1103,1104,1105,1106,1107,1108,1110,1111,1112,1114,1115,1117,1123,1124,1125,1127,1128,1129,1133,1136,1137,1138,1139,1143,1146,1147,1148,1149,1150,1151,1152,1155,1157,1158,1160,1161,1163,1164,1165,1168,1172,1173,1177,1182,1185,1186,1193,1194,1197,1199,1202,1206,1209,1210,1214,1216,1218,1219,1220,1221,1222,1223,1224,1231,1233,1234,1236,1237,1238,1239,1241,1242,1244,1245,1247,1248,1249,1255,1256,1257,1258,1259,1260,1262,1263,1264,1265,1267,1268,1269,1277,1279,1280,1281,1282,1287,1289,1290,1291,1293,1295,1297,1298,1300,1302,1308,1309,1311,1312,1316,1317,1318,1321,1323,1325,1326,1327,1328,1329,1330,1331,1334,1336,1339,1340,1341,1343,1344,1349,1352,1353,1357,1359,1360,1364,1366,1369,1371,1372,1378,1379,1380,1381,1382,1383,1384,1386,1387,1388,1392,1393,1396,1398,1403,1406,1408,1412,1414,1416,1417,1418,1423,1427,1434,1436,1440,1442,1446,1448,1449,1450,1451,1452,1458,1460,1461,1462,1463,1464,1465,1469,1470,1472,1474,1475,1476,1477,1478,1482,1483,1486,1487,1488,1492,1494,1497,1499,1500,1501,1502,1504,1509,1511,1514,1516,1518,1519,1520,1521,1522,1523,1527,1528,1531,1532,1534,1535,1536,1537,1539,1540,1542,1543,1546,1550,1551,1552,1554,1556,1557,1558,1560,1561,1563,1565,1566,1567,1568,1572,1575,1576,1578,1582,1583,1584,1585,1586,1587,1588,1589,1590,1595,1597,1601,1603,1605,1606,1607,1609,1610,1612,1614,1615,1616,1618,1619,1623,1624,1626,1627,1628,1629,1630,1631,1632,1633,1634,1636,1637,1638,1640,1642,1643,1646,1647,1648,1651,1652,1654,1655,1659,1660,1663,1664,1666,1670,1671,1674,1679,1680,1681,1685,1686,1688,1689,1690,1692,1695,1696,1699,1702,1703,1704,1705,1706,1707,1708,1711,1712,1715,1716,1718,1719,1722,1730,1732,1733,1734,1735,1736,1739,1742,1746,1749,1753,1754,1755,1757,1759,1762,1763,1764,1767,1768,1769,1771,1772,1773,1774,1779,1780,1781,1782,1785,1790,1791,1792,1794,1796,1798,1801,1802,1803,1804,1809,1814,1815,1818,1819,1820,1822,1826,1827,1828,1830,1831,1834,1835,1837,1839,1840,1844,1845,1847,1848,1850,1851,1854,1855,1857,1858,1860,1862,1865,1866,1867,1868,1869,1870,1871,1875,1879,1880,1884,1885,1890,1891,1894,1895,1897,1898,1899,1900,1901,1902,1904,1906,1907,1908,1912,1914,1917,1920,1921,1923,1924,1929,1932,1933,1937,1938,1939,1940,1942,1944,1945,1946,1951,1952,1954,1955,1956,1960,1962,1965,1966,1967,1968,1969,1970,1971,1974,1975,1976,1977,1979,1984,1985,1989,1993,1994,1997,1999",0.12
omics_lowcorr,development,100,2000,10,0.005,0.1,0.5,1.0,LASSO,0,0.45,0.9,0.6,0.4286,1.0,20,0.99,,0.2301,0.4598,"0,20,40,60,100,120,140,160,180,315,316,343,836,933,1283,1337,1438,1507,1508,1959",1.7
omics_lowcorr,development,100,2000,10,0.005,0.1,0.5,1.0,LASSO,1,0.5,1.0,0.6667,0.5,1.0,20,0.99,,0.2588,0.4598,"0,20,40,60,62,80,100,120,140,145,154,160,180,191,305,369,451,1180,1736,1790",1.57
omics_lowcorr,development,100,2000,10,0.005,0.1,0.5,1.0,LASSO,2,0.5625,0.9,0.6923,0.5294,1.0,16,0.992,,0.2852,0.4598,"0,20,40,60,80,120,140,160,180,492,543,658,1640,1791,1905,1912",1.61
omics_lowcorr,development,100,2000,10,0.005,0.1,0.5,1.0,ElasticNet,0,0.099,1.0,0.1802,0.099,1.0,101,0.9495,,0.1173,0.1049,"0,20,28,40,60,65,76,80,99,100,105,120,130,140,146,160,164,174,180,206,217,230,279,298,309,315,316,339,343,357,365,385,386,396,403,427,436,495,513,549,550,593,632,699,791,792,811,836,842,883,933,951,1016,1021,1074,1098,1139,1232,1277,1283,1337,1343,1365,1376,1378,1384,1387,1409,1416,1419,1434,1438,1440,1442,1449,1453,1454,1455,1470,1490,1492,1496,1499,1507,1508,1518,1545,1590,1613,1652,1676,1726,1729,1760,1824,1833,1902,1908,1944,1959,1996",0.97
omics_lowcorr,development,100,2000,10,0.005,0.1,0.5,1.0,ElasticNet,1,0.1235,1.0,0.2198,0.1235,0.9936,81,0.9595,,0.1238,0.1049,"0,19,20,40,60,62,80,100,120,131,140,145,147,151,154,155,157,160,180,191,254,305,312,359,369,432,439,451,475,479,703,781,787,794,823,830,893,946,947,1006,1018,1032,1037,1081,1108,1112,1120,1127,1180,1225,1267,1322,1374,1376,1429,1443,1449,1504,1531,1565,1583,1623,1635,1705,1728,1736,1739,1767,1778,1783,1786,1787,1790,1798,1825,1831,1834,1849,1902,1928,1987",0.99
omics_lowcorr,development,100,2000,10,0.005,0.1,0.5,1.0,ElasticNet,2,0.1235,1.0,0.2198,0.1235,1.0,81,0.9595,,0.1182,0.1049,"0,5,20,40,60,80,100,120,134,140,153,160,180,194,219,245,263,309,337,403,410,468,483,492,525,540,543,546,547,551,557,564,573,578,594,595,643,647,658,660,672,716,718,745,758,815,868,872,914,1020,1035,1163,1169,1173,1219,1223,1263,1373,1379,1398,1403,1415,1462,1601,1631,1633,1640,1663,1726,1728,1759,1791,1814,1868,1900,1905,1908,1912,1917,1937,1962",0.88
omics_lowcorr,development,100,2000,10,0.005,0.1,0.5,1.0,RFECV,0,0.45,0.9,0.6,0.4286,1.0,20,0.99,,0.1802,0.4613,"0,16,20,40,41,60,80,100,115,120,135,140,160,253,385,440,600,663,1031,1343",5.72
omics_lowcorr,development,100,2000,10,0.005,0.1,0.5,1.0,RFECV,1,0.45,0.9,0.6,0.4286,0.9936,20,0.99,,0.1747,0.4613,"0,20,23,24,25,26,29,30,40,60,80,87,88,89,100,140,145,160,180,641",5.62
omics_lowcorr,development,100,2000,10,0.005,0.1,0.5,1.0,RFECV,2,0.5,1.0,0.6667,0.5,1.0,20,0.99,,0.2014,0.4613,"0,2,20,22,23,34,40,60,80,87,100,120,140,160,180,763,771,1233,1371,1525",5.59
omics_lowcorr,development,100,2000,10,0.005,0.1,0.5,1.0,RF_Importance,0,0.0211,1.0,0.0413,0.0211,1.0,474,0.763,,0.0943,0.0208,"0,1,2,17,20,26,27,28,29,31,32,38,40,45,56,59,60,67,68,73,75,78,80,85,90,92,100,102,113,115,116,117,118,120,122,126,140,143,147,149,150,160,161,164,166,168,170,180,185,195,197,198,200,204,209,216,224,228,230,237,244,245,246,248,253,254,262,267,268,269,271,273,277,279,287,288,295,296,298,299,302,303,309,311,314,319,324,325,327,329,335,336,339,344,348,353,354,355,357,360,367,371,375,378,385,398,403,408,412,414,416,418,420,431,437,441,444,451,464,466,469,474,476,477,478,486,489,495,504,510,519,520,522,525,531,532,533,538,540,541,545,549,552,553,555,565,566,568,576,578,581,594,596,597,598,605,606,621,624,628,631,638,640,643,651,653,661,666,677,688,689,694,697,699,700,702,703,707,710,713,716,724,726,728,736,739,757,759,760,763,769,773,775,779,780,781,788,791,792,800,810,813,819,823,824,826,832,833,834,835,838,843,844,845,857,860,867,873,892,897,899,901,903,914,915,922,928,930,933,935,939,947,950,956,968,971,984,992,994,995,998,1001,1002,1004,1016,1023,1024,1037,1042,1043,1044,1047,1050,1053,1055,1061,1065,1066,1069,1075,1077,1078,1080,1083,1098,1104,1108,1115,1120,1126,1131,1133,1135,1139,1142,1143,1144,1146,1148,1157,1165,1167,1176,1180,1183,1192,1198,1213,1214,1219,1223,1225,1232,1247,1248,1250,1256,1264,1268,1270,1271,1274,1283,1292,1302,1304,1305,1308,1317,1318,1319,1331,1332,1339,1340,1343,1345,1348,1353,1355,1358,1363,1367,1370,1371,1375,1380,1388,1398,1403,1405,1408,1409,1411,1415,1419,1420,1422,1424,1434,1436,1437,1438,1441,1445,1448,1452,1454,1462,1475,1483,1486,1490,1492,1496,1497,1500,1503,1508,1513,1519,1526,1527,1546,1552,1558,1564,1565,1568,1570,1573,1581,1582,1588,1589,1598,1599,1600,1601,1605,1608,1610,1621,1625,1629,1630,1631,1632,1645,1652,1653,1667,1671,1675,1676,1677,1683,1693,1694,1696,1698,1700,1702,1704,1718,1726,1727,1729,1731,1734,1740,1742,1745,1746,1750,1753,1755,1759,1760,1773,1789,1796,1806,1808,1809,1813,1820,1821,1824,1825,1833,1836,1841,1842,1843,1844,1848,1851,1853,1855,1856,1865,1867,1879,1882,1902,1903,1908,1917,1918,1920,1925,1931,1932,1935,1938,1940,1942,1944,1946,1949,1953,1956,1958,1963,1968,1977,1978,1979,1986,1990,1991,1994,1996",0.18
omics_lowcorr,development,100,2000,10,0.005,0.1,0.5,1.0,RF_Importance,1,0.022,1.0,0.043,0.022,0.9936,455,0.7725,,0.0943,0.0208,"0,1,5,6,7,9,11,12,16,19,20,23,31,33,40,45,46,47,54,55,56,60,62,63,68,73,75,80,81,93,96,99,100,106,109,111,113,120,122,123,125,130,139,140,141,144,146,147,149,152,154,158,160,161,170,173,178,180,183,191,201,204,216,226,227,240,242,252,253,261,264,270,273,279,285,286,288,289,292,298,303,305,306,313,319,324,330,338,347,350,359,360,362,366,369,383,387,388,393,396,403,404,405,414,417,419,420,421,427,428,429,433,436,440,443,459,469,470,478,483,495,500,502,509,512,516,517,519,529,534,545,546,556,561,568,572,575,577,582,583,590,595,596,602,609,615,619,620,623,625,639,640,646,662,665,667,673,678,679,680,683,686,687,702,708,716,717,718,724,729,731,737,741,744,745,755,760,775,795,800,801,815,825,826,827,830,845,851,854,856,860,865,869,876,878,891,902,910,913,916,926,927,941,942,943,947,961,963,965,970,980,981,983,987,996,997,1006,1011,1017,1018,1019,1021,1029,1044,1049,1054,1059,1063,1074,1075,1078,1081,1084,1086,1090,1092,1103,1105,1108,1109,1112,1116,1122,1127,1136,1143,1147,1149,1153,1161,1166,1171,1180,1182,1183,1185,1186,1187,1192,1194,1199,1200,1208,1211,1212,1213,1214,1218,1225,1227,1228,1231,1233,1246,1248,1250,1253,1254,1261,1264,1269,1275,1277,1280,1285,1290,1306,1309,1310,1313,1325,1332,1335,1336,1338,1339,1343,1347,1350,1353,1354,1355,1360,1364,1369,1371,1381,1383,1393,1394,1399,1408,1410,1411,1413,1424,1425,1426,1428,1441,1442,1458,1460,1464,1473,1475,1476,1482,1484,1485,1486,1487,1490,1491,1494,1496,1497,1503,1504,1505,1509,1511,1514,1518,1520,1526,1531,1534,1541,1544,1548,1553,1562,1570,1574,1578,1579,1583,1585,1589,1591,1594,1596,1606,1610,1618,1626,1632,1635,1636,1646,1649,1656,1663,1664,1672,1677,1681,1682,1685,1687,1695,1709,1710,1711,1712,1713,1718,1724,1732,1733,1739,1740,1741,1757,1758,1759,1764,1776,1787,1789,1790,1794,1801,1802,1805,1806,1809,1810,1811,1814,1815,1816,1819,1820,1824,1825,1828,1841,1842,1850,1857,1869,1870,1877,1881,1884,1885,1887,1894,1903,1905,1908,1915,1920,1926,1929,1932,1940,1941,1945,1958,1963,1966,1971,1974,1977,1979,1983,1987,1989,1991,1992,1994,1998",0.18
omics_lowcorr,development,100,2000,10,0.005,0.1,0.5,1.0,RF_Importance,2,0.0242,1.0,0.0473,0.0242,1.0,413,0.7935,,0.0949,0.0208,"0,1,3,6,13,17,20,28,39,40,51,56,60,62,68,71,76,80,86,89,92,93,97,100,113,114,116,117,118,120,126,132,139,140,142,149,155,160,164,172,176,180,181,189,190,192,194,197,202,207,208,209,210,216,218,219,222,231,238,241,243,244,245,257,263,275,276,279,281,284,286,287,289,292,293,294,296,302,305,316,320,321,322,328,329,330,331,334,340,343,347,349,353,357,363,364,384,391,395,396,407,410,421,424,425,433,440,450,453,454,458,459,462,466,469,477,479,480,481,489,490,500,511,514,517,526,532,538,540,552,558,561,576,577,579,587,588,592,593,594,595,598,601,604,605,606,612,614,623,626,630,642,644,647,648,656,661,663,677,679,680,682,686,689,705,710,718,722,725,731,738,758,761,768,770,774,786,788,800,815,816,824,839,846,852,854,856,857,859,861,868,869,875,878,882,884,892,911,914,916,920,921,924,927,929,933,936,939,948,957,975,976,977,981,986,997,998,1001,1002,1004,1005,1008,1012,1018,1019,1020,1022,1028,1032,1035,1043,1050,1053,1056,1060,1061,1063,1067,1071,1074,1077,1081,1088,1089,1098,1102,1107,1113,1117,1120,1125,1127,1136,1139,1140,1141,1147,1156,1171,1176,1183,1191,1193,1194,1205,1211,1213,1225,1229,1236,1238,1249,1253,1256,1258,1264,1267,1286,1288,1289,1314,1318,1319,1329,1337,1340,1341,1349,1353,1360,1362,1368,1369,1373,1374,1378,1381,1387,1389,1390,1398,1400,1404,1405,1410,1415,1423,1429,1430,1433,1442,1443,1449,1450,1454,1458,1464,1465,1479,1485,1492,1514,1520,1525,1529,1537,1542,1547,1551,1553,1569,1570,1571,1572,1573,1575,1582,1588,1593,1597,1601,1609,1610,1625,1628,1635,1639,1645,1655,1660,1666,1669,1685,1688,1701,1710,1715,1718,1728,1749,1750,1754,1757,1763,1765,1771,1779,1780,1791,1799,1816,1817,1820,1821,1823,1825,1832,1835,1836,1838,1845,1850,1859,1861,1883,1884,1887,1894,1896,1902,1905,1908,1912,1915,1919,1920,1923,1926,1927,1928,1932,1933,1936,1947,1952,1956,1972,1973,1980,1983,1984,1985,1999",0.2
omics_lowcorr,development,100,2000,10,0.005,0.1,0.5,1.0,PermImportance,0,1.0,0.1,0.1818,0.1,0.8718,1,0.9995,,0.0,-0.0005,20,15.39
omics_lowcorr,development,100,2000,10,0.005,0.1,0.5,1.0,PermImportance,1,1.0,0.1,0.1818,0.1,0.7917,1,0.9995,,0.0,-0.0005,160,15.27
omics_lowcorr,development,100,2000,10,0.005,0.1,0.5,1.0,PermImportance,2,0.0,0.0,0.0,0.0,,0,1.0,,0.0,-0.0005,,15.34
omics_lowcorr,development,100,2000,10,0.005,0.1,0.5,1.0,SHAP,0,0.4737,0.9,0.6207,0.45,1.0,19,0.9905,,0.1904,0.5542,"0,16,20,40,60,80,100,115,120,135,140,160,253,385,440,600,663,1031,1343",0.22
omics_lowcorr,development,100,2000,10,0.005,0.1,0.5,1.0,SHAP,1,0.75,0.9,0.8182,0.6923,0.9936,12,0.994,,0.3305,0.5542,"0,20,40,60,80,87,100,140,145,160,180,641",0.22
omics_lowcorr,development,100,2000,10,0.005,0.1,0.5,1.0,SHAP,2,0.625,1.0,0.7692,0.625,1.0,16,0.992,,0.2692,0.5542,"0,2,20,40,60,80,100,120,140,160,180,763,771,1233,1371,1525",0.2
omics_lowcorr,development,100,2000,10,0.005,0.1,0.5,1.0,SO_S1->2,0,1.0,0.6,0.75,0.6,1.0,6,0.997,,0.5641,0.7843,"0,20,40,100,120,140",51.81
omics_lowcorr,development,100,2000,10,0.005,0.1,0.5,1.0,SelectOmics,0,1.0,0.6,0.75,0.6,1.0,6,0.997,step3,0.5641,0.7843,"0,20,40,100,120,140",50.87
omics_lowcorr,development,100,2000,10,0.005,0.1,0.5,1.0,SO_S1->2,1,1.0,0.9,0.9474,0.9,1.0,9,0.9955,,0.4793,0.7843,"0,20,40,60,80,100,140,160,180",58.75
omics_lowcorr,development,100,2000,10,0.005,0.1,0.5,1.0,SelectOmics,1,1.0,0.9,0.9474,0.9,1.0,9,0.9955,step3,0.4793,0.7843,"0,20,40,60,80,100,140,160,180",60.43
omics_lowcorr,development,100,2000,10,0.005,0.1,0.5,1.0,SO_S1->2,2,1.0,0.9,0.9474,0.9,1.0,9,0.9955,,0.5192,0.7843,"0,20,40,60,80,100,120,140,180",56.22
omics_lowcorr,development,100,2000,10,0.005,0.1,0.5,1.0,SelectOmics,2,1.0,0.9,0.9474,0.9,1.0,9,0.9955,step3,0.5192,0.7843,"0,20,40,60,80,100,120,140,180",54.63
omics_imbalanced_std,development,100,2000,10,0.005,0.7,0.15,1.0,VarCorr_Baseline,0,0.005,0.5,0.0099,0.005,1.0,1000,0.5,,0.0991,0.0073,"0,3,8,12,23,32,40,41,42,43,44,45,46,47,49,52,53,54,55,56,57,59,60,63,64,68,69,70,73,74,76,77,78,79,80,83,89,95,96,98,99,100,102,103,106,107,108,111,113,115,116,118,119,122,123,124,133,134,137,138,139,142,144,145,146,147,148,149,151,152,154,156,159,166,175,179,190,191,192,194,197,198,200,202,203,204,207,210,211,214,215,218,219,221,222,223,224,225,227,230,238,239,242,244,245,250,254,257,258,261,265,268,269,270,271,273,275,276,277,278,279,281,285,287,290,291,292,293,294,296,297,300,302,304,306,308,310,311,312,314,317,320,321,322,323,324,325,327,329,330,331,332,333,334,335,337,338,353,361,362,363,364,366,367,368,369,370,372,373,374,375,376,377,378,379,380,383,389,390,392,396,399,400,402,403,404,406,408,410,412,413,415,416,425,434,435,440,444,445,447,449,451,453,454,455,456,458,460,461,462,463,464,465,466,467,468,469,470,471,472,474,476,477,478,480,482,483,485,486,488,490,491,492,493,494,496,501,502,503,506,507,508,509,511,512,513,514,515,516,517,518,519,530,532,533,534,535,536,538,540,543,544,560,561,563,564,566,568,569,573,575,579,580,582,583,585,586,588,593,596,597,599,601,605,606,607,608,614,617,618,621,622,624,625,626,627,628,629,630,631,632,637,638,640,641,644,645,646,647,648,649,650,651,652,654,655,656,657,658,659,660,663,664,665,666,667,671,674,675,676,678,681,682,683,684,685,686,687,688,689,690,691,692,693,695,696,697,700,702,703,708,712,720,721,722,724,725,727,729,730,731,732,734,735,737,738,739,740,742,745,747,748,751,754,757,758,759,761,771,772,776,780,781,782,790,794,795,796,798,799,801,802,803,804,805,806,807,808,810,811,813,818,819,821,822,823,824,825,827,828,829,830,832,833,835,840,841,842,843,845,847,848,849,850,851,852,853,854,856,857,858,859,867,869,871,874,879,884,886,887,890,894,897,900,911,913,915,918,919,924,925,926,934,936,938,943,944,948,949,950,955,956,958,960,961,963,964,965,967,969,973,975,976,980,981,982,983,984,986,989,991,992,994,996,998,1001,1003,1004,1005,1007,1010,1011,1012,1013,1015,1017,1018,1019,1026,1036,1040,1042,1043,1044,1047,1048,1049,1051,1052,1053,1054,1055,1056,1062,1063,1064,1065,1067,1068,1069,1070,1073,1074,1075,1076,1078,1079,1080,1081,1082,1084,1085,1086,1094,1096,1098,1099,1100,1101,1102,1104,1107,1108,1110,1117,1118,1119,1120,1123,1125,1129,1130,1136,1137,1140,1141,1142,1143,1144,1145,1147,1148,1149,1150,1151,1153,1154,1155,1156,1157,1158,1160,1161,1162,1164,1166,1168,1169,1170,1172,1173,1174,1176,1177,1178,1179,1184,1193,1201,1202,1204,1205,1206,1208,1209,1210,1212,1214,1215,1216,1218,1219,1223,1225,1226,1232,1234,1236,1238,1239,1240,1241,1242,1244,1245,1246,1247,1248,1250,1252,1255,1256,1258,1260,1262,1263,1264,1267,1268,1269,1270,1272,1273,1274,1276,1277,1279,1280,1281,1282,1287,1289,1290,1291,1292,1295,1296,1300,1302,1303,1305,1307,1310,1311,1312,1313,1314,1317,1318,1319,1323,1326,1333,1341,1342,1347,1349,1350,1353,1355,1356,1357,1362,1363,1364,1365,1366,1367,1369,1370,1371,1373,1375,1376,1377,1378,1380,1382,1384,1385,1386,1387,1388,1389,1390,1392,1393,1394,1395,1396,1397,1398,1399,1401,1402,1403,1404,1405,1406,1407,1409,1410,1411,1412,1413,1416,1417,1419,1420,1427,1428,1429,1435,1436,1438,1439,1441,1442,1443,1444,1445,1446,1447,1451,1452,1453,1454,1455,1456,1457,1459,1460,1461,1465,1467,1469,1471,1472,1474,1475,1479,1480,1482,1483,1485,1486,1488,1489,1490,1492,1493,1496,1497,1510,1511,1513,1516,1517,1518,1519,1520,1522,1525,1528,1529,1530,1535,1537,1538,1539,1540,1541,1544,1549,1550,1559,1560,1561,1562,1563,1565,1567,1568,1570,1571,1572,1574,1576,1578,1581,1584,1585,1586,1588,1589,1590,1592,1600,1602,1603,1605,1607,1608,1610,1611,1613,1614,1616,1620,1623,1624,1625,1627,1630,1631,1632,1635,1637,1639,1640,1642,1643,1644,1648,1650,1652,1653,1657,1658,1659,1660,1661,1662,1664,1665,1666,1667,1669,1670,1671,1672,1674,1675,1677,1679,1680,1681,1682,1685,1688,1691,1697,1698,1701,1702,1704,1705,1707,1709,1716,1718,1738,1742,1744,1745,1746,1747,1748,1750,1753,1755,1756,1758,1759,1760,1761,1762,1764,1768,1769,1771,1772,1775,1776,1777,1778,1780,1781,1783,1785,1787,1791,1793,1794,1795,1796,1797,1799,1802,1804,1808,1809,1811,1812,1813,1814,1815,1818,1819,1824,1825,1828,1831,1835,1836,1838,1840,1844,1845,1846,1849,1856,1857,1860,1864,1865,1867,1868,1873,1875,1881,1882,1887,1888,1890,1892,1895,1900,1901,1905,1906,1907,1908,1913,1914,1915,1917,1918,1920,1921,1922,1923,1926,1929,1934,1935,1936,1940,1942,1943,1947,1948,1949,1950,1951,1952,1953,1954,1956,1957,1959,1960,1962,1964,1965,1970,1973,1974,1978,1979,1981,1982,1984,1986,1988,1989,1994,1997,1998,1999",0.12
omics_imbalanced_std,development,100,2000,10,0.005,0.7,0.15,1.0,VarCorr_Baseline,1,0.006,0.6,0.0119,0.006,1.0,1000,0.5,,0.1,0.0073,"0,2,4,5,6,7,14,16,20,21,23,25,28,29,40,41,42,46,48,49,51,52,53,57,58,61,63,64,65,67,68,73,75,80,81,82,83,84,85,86,87,88,90,91,92,93,94,95,96,97,99,100,105,107,108,112,113,114,116,117,119,122,124,126,127,128,133,134,136,137,138,139,140,141,144,145,146,148,149,152,154,162,163,171,178,181,182,185,189,190,193,194,195,197,209,212,213,215,218,223,234,235,240,246,249,250,251,252,253,255,259,260,262,263,264,265,267,268,269,272,273,275,276,277,278,279,280,283,284,285,286,287,288,290,291,292,299,300,301,304,306,309,311,313,314,315,317,318,319,320,322,323,326,328,329,341,345,347,348,349,351,356,358,359,364,365,367,370,373,375,380,384,390,392,393,400,404,405,406,408,409,410,412,413,414,415,416,417,418,419,421,429,431,433,434,439,440,444,446,447,449,451,453,457,460,463,464,466,467,469,471,472,473,474,476,479,484,488,489,491,497,500,501,505,506,507,510,512,516,517,518,519,522,527,529,531,532,533,537,539,540,541,542,543,547,548,551,553,554,555,556,557,558,566,567,573,577,579,580,581,584,585,586,587,588,590,591,594,595,596,597,598,599,602,603,604,605,606,608,609,610,613,614,615,617,618,619,620,621,622,623,624,625,626,628,629,630,631,633,635,636,637,638,639,644,646,647,649,650,651,653,654,655,657,658,660,664,666,667,668,678,680,681,683,685,686,687,688,691,694,696,697,698,699,700,701,703,704,705,706,707,708,709,711,712,713,715,716,718,719,720,721,724,727,728,730,731,734,736,740,743,748,749,752,753,755,758,761,762,764,767,769,770,771,774,775,776,780,782,783,784,785,787,790,793,795,799,800,803,805,812,815,816,818,820,824,834,835,836,841,844,847,848,850,851,853,854,856,857,861,863,864,867,870,871,872,873,874,877,878,883,884,885,889,900,902,904,913,914,918,922,925,926,932,933,934,935,937,940,942,943,948,949,952,957,960,961,962,964,965,967,969,972,973,974,975,978,979,982,984,989,991,992,993,994,995,997,998,999,1003,1004,1005,1006,1008,1009,1012,1013,1020,1022,1025,1027,1028,1029,1031,1032,1033,1036,1038,1039,1040,1041,1044,1046,1047,1048,1049,1050,1051,1054,1057,1060,1061,1062,1063,1067,1068,1069,1072,1073,1074,1075,1076,1077,1079,1080,1081,1082,1083,1084,1086,1087,1088,1089,1090,1092,1094,1095,1097,1099,1100,1102,1103,1104,1110,1117,1119,1124,1127,1128,1129,1130,1131,1133,1134,1139,1140,1141,1143,1144,1145,1147,1148,1150,1151,1153,1155,1156,1157,1158,1159,1160,1163,1164,1165,1166,1168,1169,1170,1173,1174,1177,1180,1182,1183,1184,1189,1191,1192,1194,1195,1197,1198,1199,1200,1201,1202,1203,1204,1205,1206,1208,1210,1211,1212,1213,1214,1217,1218,1219,1221,1222,1223,1224,1226,1228,1230,1231,1233,1234,1236,1237,1238,1239,1240,1241,1242,1243,1245,1246,1247,1249,1250,1253,1255,1256,1259,1262,1282,1283,1284,1285,1288,1289,1290,1291,1292,1294,1296,1297,1304,1305,1310,1320,1323,1324,1326,1327,1328,1329,1330,1331,1332,1333,1334,1335,1336,1337,1338,1339,1341,1342,1343,1345,1346,1347,1348,1350,1352,1354,1355,1356,1358,1359,1362,1363,1364,1365,1368,1372,1373,1375,1376,1377,1383,1384,1386,1387,1389,1391,1394,1396,1399,1400,1402,1404,1405,1408,1409,1412,1413,1414,1415,1417,1418,1419,1424,1425,1426,1428,1430,1431,1434,1440,1441,1442,1443,1445,1446,1447,1448,1450,1452,1454,1455,1456,1457,1458,1459,1460,1464,1465,1466,1468,1469,1470,1473,1475,1476,1478,1479,1481,1482,1483,1484,1485,1487,1489,1493,1494,1495,1496,1498,1499,1500,1502,1503,1504,1507,1510,1512,1515,1516,1522,1523,1524,1525,1528,1529,1530,1531,1532,1534,1536,1537,1539,1545,1551,1555,1556,1559,1561,1563,1564,1566,1569,1570,1571,1575,1576,1577,1578,1579,1580,1581,1582,1584,1588,1589,1590,1591,1592,1594,1595,1596,1597,1599,1600,1601,1602,1603,1605,1607,1608,1610,1611,1612,1613,1616,1617,1619,1621,1622,1625,1626,1628,1629,1639,1640,1641,1650,1655,1656,1657,1659,1660,1664,1666,1667,1668,1670,1671,1673,1675,1677,1678,1679,1680,1681,1682,1684,1685,1686,1687,1688,1689,1690,1692,1695,1696,1697,1699,1701,1703,1704,1707,1709,1710,1711,1718,1720,1721,1724,1727,1728,1729,1731,1734,1735,1736,1737,1740,1741,1743,1745,1746,1748,1749,1751,1752,1754,1755,1756,1758,1761,1762,1764,1768,1769,1772,1775,1776,1782,1783,1784,1785,1787,1788,1792,1793,1794,1796,1798,1800,1801,1802,1804,1806,1808,1810,1811,1813,1816,1822,1823,1826,1829,1835,1837,1838,1843,1845,1852,1854,1858,1860,1861,1863,1865,1867,1869,1872,1873,1875,1881,1883,1887,1889,1893,1894,1896,1897,1898,1900,1901,1903,1904,1905,1906,1907,1908,1911,1915,1919,1920,1921,1924,1925,1927,1928,1929,1931,1934,1935,1936,1937,1942,1944,1945,1947,1950,1952,1954,1955,1957,1958,1961,1963,1966,1967,1972,1980,1982,1988,1989,1990,1991,1992,1994,1995,1999",0.12
omics_imbalanced_std,development,100,2000,10,0.005,0.7,0.15,1.0,VarCorr_Baseline,2,0.006,0.6,0.0119,0.006,1.0,1000,0.5,,0.0993,0.0073,"8,10,15,16,18,19,20,23,24,26,27,29,30,33,36,38,39,40,41,42,43,45,47,48,49,50,52,54,55,56,61,63,67,69,70,71,73,75,77,80,82,83,86,95,96,97,100,101,102,105,108,109,110,111,112,114,116,117,140,141,142,143,146,147,150,152,153,154,156,157,158,159,160,161,162,166,168,174,175,176,179,181,187,188,190,193,194,197,200,201,202,204,205,209,211,212,215,218,219,232,238,239,241,243,246,247,248,249,251,253,257,258,260,261,264,265,266,268,271,273,275,276,279,281,282,283,286,288,294,296,297,299,301,304,305,306,307,308,309,310,312,314,315,316,317,320,321,322,324,327,329,330,332,334,335,336,337,346,347,356,357,359,360,362,363,365,367,368,369,371,375,379,384,385,387,388,390,394,395,396,404,405,408,409,410,413,414,415,416,417,419,420,421,424,429,430,432,433,434,435,436,437,439,442,443,445,446,449,451,454,459,464,470,472,473,474,475,477,478,480,487,492,497,498,500,501,502,503,504,508,512,513,514,515,516,517,522,523,525,530,531,533,535,540,541,542,544,545,547,548,549,551,552,553,554,555,556,558,559,565,566,581,583,584,586,588,590,592,594,595,596,597,600,601,602,603,604,605,607,611,612,615,616,617,619,623,631,633,634,642,643,644,649,650,651,652,654,658,663,667,669,672,680,681,683,685,686,687,690,692,693,696,697,698,701,702,707,710,713,716,717,719,721,723,724,725,726,727,728,731,732,733,734,736,738,739,740,742,743,744,745,746,747,748,749,750,754,756,759,764,765,766,767,768,769,770,771,772,773,775,776,777,779,781,783,784,785,787,790,793,794,798,799,801,802,803,804,806,808,809,812,814,817,818,821,823,824,828,830,833,837,841,842,843,845,849,852,853,856,857,858,863,864,865,867,872,873,876,877,880,883,884,885,886,887,888,893,894,897,898,900,902,904,905,906,909,910,912,913,915,916,917,918,919,921,923,924,929,930,934,935,946,947,950,960,965,966,968,972,974,975,976,979,980,982,983,988,989,995,998,1002,1004,1006,1007,1010,1012,1013,1014,1015,1016,1019,1021,1023,1024,1025,1027,1028,1030,1031,1032,1033,1034,1035,1036,1037,1039,1044,1046,1049,1050,1052,1055,1057,1058,1059,1062,1063,1064,1066,1067,1068,1069,1070,1071,1072,1073,1077,1078,1079,1080,1082,1083,1084,1086,1087,1089,1090,1091,1092,1094,1096,1097,1098,1099,1100,1103,1105,1106,1107,1108,1109,1111,1113,1115,1117,1121,1124,1128,1132,1135,1136,1138,1149,1150,1156,1157,1160,1162,1163,1165,1167,1170,1171,1174,1175,1177,1180,1182,1184,1186,1187,1188,1190,1191,1192,1193,1195,1198,1199,1200,1201,1202,1203,1204,1205,1206,1207,1208,1210,1212,1213,1214,1215,1217,1218,1219,1221,1222,1224,1225,1227,1230,1231,1232,1233,1234,1238,1240,1241,1242,1243,1244,1245,1246,1247,1250,1251,1252,1257,1258,1259,1260,1261,1262,1264,1267,1268,1270,1271,1272,1274,1281,1284,1286,1287,1289,1290,1291,1292,1294,1295,1297,1298,1303,1308,1309,1312,1319,1321,1323,1324,1325,1330,1333,1337,1338,1340,1342,1349,1353,1354,1356,1359,1361,1362,1363,1364,1365,1366,1367,1368,1370,1371,1372,1374,1375,1376,1377,1381,1382,1383,1384,1385,1387,1388,1389,1390,1392,1393,1395,1397,1399,1400,1402,1403,1405,1407,1408,1409,1410,1411,1412,1413,1415,1418,1423,1424,1427,1433,1434,1435,1436,1437,1439,1440,1441,1443,1445,1446,1448,1449,1452,1456,1458,1460,1462,1468,1469,1470,1473,1474,1475,1476,1477,1479,1480,1481,1484,1485,1486,1487,1488,1489,1491,1492,1493,1494,1495,1497,1498,1500,1501,1503,1504,1507,1508,1509,1510,1512,1513,1514,1515,1518,1519,1520,1522,1525,1526,1527,1528,1531,1532,1535,1537,1538,1539,1545,1546,1547,1548,1549,1551,1554,1556,1558,1560,1561,1562,1565,1569,1574,1576,1582,1583,1584,1586,1588,1590,1591,1592,1593,1595,1598,1599,1600,1601,1606,1608,1609,1612,1613,1614,1616,1619,1621,1624,1626,1627,1628,1631,1635,1636,1639,1641,1642,1643,1644,1647,1648,1650,1651,1652,1654,1655,1656,1657,1658,1664,1665,1668,1670,1671,1672,1673,1674,1675,1676,1677,1678,1679,1680,1689,1692,1698,1699,1700,1704,1706,1707,1708,1709,1710,1711,1712,1713,1717,1719,1721,1723,1725,1730,1731,1732,1735,1737,1739,1741,1746,1750,1752,1753,1754,1757,1759,1760,1762,1763,1764,1765,1766,1767,1769,1770,1771,1773,1774,1775,1778,1780,1782,1784,1788,1789,1791,1793,1795,1797,1798,1800,1802,1804,1805,1807,1808,1811,1812,1813,1815,1818,1819,1821,1822,1823,1824,1827,1828,1829,1830,1832,1835,1836,1837,1838,1839,1847,1848,1849,1855,1858,1862,1864,1866,1867,1868,1869,1870,1871,1875,1876,1878,1879,1888,1898,1901,1903,1904,1906,1908,1910,1914,1918,1921,1922,1923,1924,1925,1926,1927,1929,1930,1933,1934,1935,1936,1937,1939,1940,1942,1943,1944,1945,1947,1950,1952,1955,1957,1960,1961,1962,1964,1965,1968,1969,1972,1975,1977,1979,1980,1982,1983,1984,1986,1987,1989,1991,1992,1993,1996,1998,1999",0.12
omics_imbalanced_std,development,100,2000,10,0.005,0.7,0.15,1.0,LASSO,0,0.3478,0.8,0.4848,0.32,1.0,23,0.9885,,0.1828,0.3044,"0,40,60,80,100,120,156,160,180,501,563,574,584,586,594,595,725,754,940,956,1489,1578,1902",1.52
omics_imbalanced_std,development,100,2000,10,0.005,0.7,0.15,1.0,LASSO,1,0.2727,0.6,0.375,0.2308,1.0,22,0.989,,0.1477,0.3044,"0,20,29,40,50,80,100,152,180,236,454,461,462,476,681,691,1052,1478,1640,1646,1736,1868",1.6
omics_imbalanced_std,development,100,2000,10,0.005,0.7,0.15,1.0,LASSO,2,0.5714,0.8,0.6667,0.5,1.0,14,0.993,,0.2177,0.3044,"0,20,40,60,80,100,160,180,633,1192,1245,1247,1272,1918",1.56
omics_imbalanced_std,development,100,2000,10,0.005,0.7,0.15,1.0,ElasticNet,0,0.1099,1.0,0.198,0.1099,1.0,91,0.9545,,0.1307,0.1076,"0,20,40,60,64,72,80,100,120,140,156,160,180,204,233,303,312,319,501,543,560,563,565,569,571,574,581,582,584,586,587,590,594,595,597,599,618,622,635,690,692,722,725,730,735,741,747,754,755,784,790,795,797,940,944,948,950,952,953,956,1004,1035,1036,1048,1050,1054,1056,1062,1110,1111,1364,1370,1375,1378,1480,1487,1489,1492,1578,1624,1627,1643,1662,1875,1894,1898,1899,1901,1902,1904,1917",1.13
omics_imbalanced_std,development,100,2000,10,0.005,0.7,0.15,1.0,ElasticNet,1,0.0893,1.0,0.1639,0.0893,1.0,112,0.944,,0.1228,0.1076,"0,20,29,39,40,43,49,50,51,57,60,80,100,120,140,144,147,148,152,156,157,160,161,167,177,180,222,223,225,226,234,236,239,293,345,348,358,433,434,444,446,448,449,450,454,457,461,462,468,472,474,476,477,478,680,681,683,688,691,692,694,697,743,744,745,750,751,753,755,760,763,767,769,770,774,800,809,884,1028,1045,1051,1052,1059,1102,1112,1119,1237,1326,1342,1345,1372,1399,1442,1478,1482,1486,1489,1499,1537,1640,1642,1646,1650,1652,1656,1730,1735,1736,1868,1949,1950,1954",0.84
omics_imbalanced_std,development,100,2000,10,0.005,0.7,0.15,1.0,ElasticNet,2,0.1053,1.0,0.1905,0.1053,1.0,95,0.9525,,0.1225,0.1076,"0,20,40,60,80,100,120,140,156,160,180,211,214,276,311,322,323,541,556,558,562,564,569,570,571,572,586,605,617,619,622,623,625,628,632,633,638,710,713,714,716,723,744,778,842,901,917,941,961,966,968,972,976,979,1045,1055,1059,1174,1186,1188,1192,1198,1243,1245,1246,1247,1249,1250,1252,1260,1268,1272,1277,1333,1369,1460,1463,1471,1472,1477,1603,1606,1641,1774,1901,1902,1903,1908,1911,1913,1918,1919,1938,1942,1998",1.0
omics_imbalanced_std,development,100,2000,10,0.005,0.7,0.15,1.0,RFECV,0,0.35,0.7,0.4667,0.3043,1.0,20,0.99,,0.2593,0.4949,"0,23,24,25,27,28,29,30,31,33,40,48,60,67,80,100,105,160,165,180",4.57
omics_imbalanced_std,development,100,2000,10,0.005,0.7,0.15,1.0,RFECV,1,0.3,0.6,0.4,0.25,1.0,20,0.99,,0.1876,0.4949,"0,5,20,24,25,26,27,33,41,60,80,86,87,90,94,100,144,180,337,1104",4.75
omics_imbalanced_std,development,100,2000,10,0.005,0.7,0.15,1.0,RFECV,2,0.3,0.6,0.4,0.25,1.0,20,0.99,,0.3183,0.4949,"0,20,24,25,27,28,29,30,31,32,33,34,35,40,60,92,160,164,180,662",4.51
omics_imbalanced_std,development,100,2000,10,0.005,0.7,0.15,1.0,RF_Importance,0,0.0251,0.9,0.0488,0.025,1.0,359,0.8205,,0.0997,0.0298,"0,2,9,11,17,19,20,21,22,24,26,28,29,40,44,54,56,57,60,75,78,80,87,91,95,99,100,113,116,119,120,121,122,124,125,127,128,129,130,131,133,134,138,147,148,150,156,160,166,172,180,189,192,196,201,206,210,216,217,224,229,233,236,245,246,247,258,269,279,288,295,299,303,306,307,310,311,312,319,326,327,335,343,346,364,371,379,380,381,382,391,395,397,411,412,414,416,435,441,448,452,457,468,483,489,497,505,525,531,533,538,545,557,559,563,564,565,567,571,572,574,575,581,586,589,597,619,621,631,637,646,660,661,666,667,668,679,690,696,707,709,725,739,740,741,746,747,748,752,755,772,773,779,782,784,785,791,793,794,810,816,817,840,849,857,858,862,864,872,877,879,882,887,897,898,910,911,914,916,919,921,923,930,940,944,950,958,960,961,970,973,983,984,987,1000,1001,1002,1005,1006,1007,1009,1015,1019,1030,1035,1044,1046,1049,1050,1051,1054,1062,1067,1076,1078,1082,1093,1100,1118,1120,1122,1124,1127,1131,1135,1142,1143,1144,1145,1147,1150,1154,1156,1158,1165,1173,1175,1176,1179,1190,1191,1197,1205,1209,1212,1213,1214,1229,1234,1235,1251,1253,1255,1257,1278,1281,1282,1287,1288,1289,1290,1293,1295,1296,1302,1303,1304,1308,1321,1334,1337,1345,1351,1354,1357,1378,1385,1389,1394,1398,1399,1403,1406,1416,1418,1430,1451,1456,1459,1467,1469,1472,1475,1480,1494,1516,1530,1535,1557,1562,1577,1578,1584,1596,1604,1609,1610,1622,1627,1629,1632,1633,1643,1649,1655,1665,1669,1674,1678,1681,1686,1711,1716,1717,1726,1731,1732,1740,1746,1755,1773,1776,1780,1784,1785,1793,1798,1800,1806,1831,1858,1868,1869,1896,1904,1917,1918,1920,1921,1922,1923,1924,1927,1930,1944,1952,1961,1964,1971",0.16
omics_imbalanced_std,development,100,2000,10,0.005,0.7,0.15,1.0,RF_Importance,1,0.0256,0.9,0.0499,0.0256,1.0,351,0.8245,,0.0994,0.0298,"0,20,27,38,40,60,63,66,70,80,81,92,97,100,107,109,118,133,135,140,147,152,155,158,160,163,167,169,171,177,179,180,181,186,188,189,222,223,226,227,228,231,233,236,247,248,250,253,271,278,279,289,292,297,299,303,306,314,317,319,322,323,326,335,339,345,350,353,354,358,363,367,372,377,390,397,400,408,410,413,427,429,432,433,434,437,442,446,448,449,450,456,468,469,475,477,480,500,505,524,527,538,545,550,553,554,560,565,567,569,573,577,584,587,591,600,614,623,633,643,647,648,650,653,658,669,681,682,684,686,695,700,706,710,716,719,735,737,741,742,743,744,745,746,753,754,755,756,757,758,761,762,763,785,792,795,806,807,811,812,814,817,820,852,854,858,869,870,874,877,883,891,900,906,909,915,930,937,938,942,945,949,964,966,969,977,992,999,1006,1011,1023,1028,1030,1042,1044,1045,1046,1047,1049,1052,1057,1058,1059,1061,1065,1074,1075,1076,1078,1080,1086,1093,1097,1102,1107,1112,1123,1125,1132,1133,1137,1147,1150,1154,1170,1171,1172,1186,1187,1191,1192,1202,1207,1209,1212,1215,1227,1229,1230,1236,1243,1260,1263,1284,1286,1288,1291,1294,1297,1319,1322,1328,1334,1338,1341,1350,1360,1372,1373,1386,1408,1411,1413,1425,1427,1432,1434,1436,1448,1454,1457,1469,1476,1477,1497,1511,1513,1523,1529,1549,1562,1563,1565,1566,1567,1575,1587,1603,1606,1625,1633,1643,1645,1646,1647,1648,1650,1652,1655,1657,1662,1677,1680,1685,1729,1732,1734,1736,1745,1746,1747,1753,1754,1756,1761,1768,1772,1774,1776,1779,1784,1788,1800,1801,1825,1842,1843,1847,1851,1857,1863,1864,1868,1869,1874,1881,1890,1899,1926,1929,1934,1941,1943,1955,1970,1973,1976,1978,1982,1988,1993",0.16
omics_imbalanced_std,development,100,2000,10,0.005,0.7,0.15,1.0,RF_Importance,2,0.0274,0.9,0.0533,0.0274,1.0,328,0.836,,0.0995,0.0298,"0,1,5,20,25,29,40,44,45,60,67,68,72,74,78,79,80,84,90,94,110,113,118,120,127,130,140,152,154,160,176,180,182,216,220,226,229,239,261,264,275,278,279,283,289,292,299,303,310,312,325,326,327,335,341,345,351,354,360,364,365,367,368,372,373,376,377,381,382,396,397,400,404,414,420,427,429,438,439,440,443,452,454,461,462,481,502,510,512,519,522,528,531,542,543,547,553,566,568,569,570,573,574,581,589,593,611,613,614,616,617,622,626,627,630,635,643,646,647,655,667,669,671,680,689,694,699,703,709,718,723,724,725,743,761,764,777,807,814,831,834,836,838,881,882,888,891,894,908,924,925,935,936,940,944,947,952,953,966,969,974,976,983,993,1002,1006,1019,1026,1029,1034,1040,1041,1042,1050,1055,1059,1061,1065,1080,1082,1087,1091,1097,1098,1102,1105,1116,1121,1126,1128,1129,1130,1132,1135,1151,1153,1170,1185,1187,1189,1190,1192,1193,1197,1201,1203,1204,1205,1208,1209,1210,1212,1214,1219,1238,1243,1247,1250,1260,1266,1277,1289,1293,1331,1335,1336,1340,1349,1352,1374,1379,1386,1392,1393,1401,1407,1418,1422,1424,1427,1430,1446,1459,1463,1477,1487,1488,1502,1503,1508,1510,1515,1531,1533,1536,1537,1569,1570,1572,1576,1582,1588,1590,1594,1597,1598,1603,1608,1628,1630,1631,1633,1635,1643,1650,1654,1659,1690,1700,1705,1706,1721,1730,1731,1735,1740,1750,1759,1765,1770,1771,1776,1779,1781,1785,1801,1811,1820,1822,1824,1837,1846,1862,1865,1868,1872,1873,1884,1901,1903,1905,1911,1913,1914,1915,1925,1934,1939,1940,1941,1952,1959,1969,1971,1984,1989,1994,1999",0.17
omics_imbalanced_std,development,100,2000,10,0.005,0.7,0.15,1.0,PermImportance,0,0.0,0.0,0.0,0.0,,0,1.0,,0.0,,,16.17
omics_imbalanced_std,development,100,2000,10,0.005,0.7,0.15,1.0,PermImportance,1,1.0,0.1,0.1818,0.1,0.9881,1,0.9995,,0.0,,80,15.11
omics_imbalanced_std,development,100,2000,10,0.005,0.7,0.15,1.0,PermImportance,2,0.0,0.0,0.0,0.0,,0,1.0,,0.0,,,15.06
omics_imbalanced_std,development,100,2000,10,0.005,0.7,0.15,1.0,SHAP,0,0.6364,0.7,0.6667,0.5,1.0,11,0.9945,,0.2292,0.4268,"0,40,48,60,67,80,100,105,160,165,180",0.17
omics_imbalanced_std,development,100,2000,10,0.005,0.7,0.15,1.0,SHAP,1,0.4286,0.6,0.5,0.3333,1.0,14,0.993,,0.1594,0.4268,"0,5,20,26,41,60,80,86,87,100,144,180,337,1104",0.18
omics_imbalanced_std,development,100,2000,10,0.005,0.7,0.15,1.0,SHAP,2,0.75,0.6,0.6667,0.5,1.0,8,0.996,,0.2728,0.4268,"0,20,40,60,160,164,180,662",0.17
omics_imbalanced_std,development,100,2000,10,0.005,0.7,0.15,1.0,SO_S1->2,0,1.0,0.3,0.4615,0.3,1.0,3,0.9985,,0.3633,0.382,"40,60,160",38.72
omics_imbalanced_std,development,100,2000,10,0.005,0.7,0.15,1.0,SelectOmics,0,1.0,0.3,0.4615,0.3,1.0,3,0.9985,step3,0.3633,0.382,"40,60,160",38.33
omics_imbalanced_std,development,100,2000,10,0.005,0.7,0.15,1.0,SO_S1->2,1,1.0,0.5,0.6667,0.5,0.9524,5,0.9975,,0.3193,0.382,"0,20,60,100,120",41.79
omics_imbalanced_std,development,100,2000,10,0.005,0.7,0.15,1.0,SelectOmics,1,1.0,0.5,0.6667,0.5,0.9524,5,0.9975,step3,0.3193,0.382,"0,20,60,100,120",43.13
omics_imbalanced_std,development,100,2000,10,0.005,0.7,0.15,1.0,SO_S1->2,2,1.0,0.5,0.6667,0.5,1.0,5,0.9975,,0.3678,0.382,"0,20,40,160,180",40.01
omics_imbalanced_std,development,100,2000,10,0.005,0.7,0.15,1.0,SelectOmics,2,1.0,0.5,0.6667,0.5,1.0,5,0.9975,step3,0.3678,0.382,"0,20,40,160,180",40.91
null_control,development,100,2000,0,0.0,0.7,0.5,0.0,VarCorr_Baseline,0,,,,,0.5705,1000,0.5,,0.0988,0.004,"8,12,23,24,25,32,33,36,39,42,43,44,45,46,47,49,52,53,55,57,62,63,64,65,68,69,70,73,74,76,78,79,81,83,88,89,95,96,98,99,100,102,104,105,106,107,108,111,113,116,118,119,120,121,124,125,129,130,132,134,135,137,138,139,140,141,142,145,146,147,148,149,152,153,156,158,166,168,172,175,179,182,184,188,190,192,194,196,197,198,200,201,202,203,204,206,207,210,211,219,221,222,224,225,228,229,230,236,239,241,244,256,258,260,265,270,271,274,275,281,285,286,287,290,291,292,293,294,295,296,297,298,300,301,302,305,306,308,312,315,320,321,322,323,324,327,329,330,331,332,333,335,336,337,338,348,349,358,361,362,364,367,368,370,373,374,377,379,380,389,394,395,396,398,400,401,402,403,404,405,406,408,412,413,415,416,424,425,433,435,439,440,443,444,445,446,447,448,449,451,452,453,454,455,456,458,461,462,463,464,465,466,467,468,469,470,471,472,474,475,476,477,478,480,481,483,484,485,486,487,488,490,491,492,493,494,495,496,501,502,503,506,509,511,512,514,515,516,517,518,519,525,526,527,528,529,530,532,533,534,535,540,541,543,544,560,563,564,567,568,569,571,572,573,574,578,582,585,586,588,593,594,597,601,605,606,607,608,610,612,614,616,617,618,621,622,624,625,626,627,628,631,632,633,637,638,641,644,646,649,651,653,656,657,658,659,660,663,665,666,670,671,674,675,676,678,681,682,683,684,685,686,687,688,689,690,691,692,693,695,696,700,702,703,705,708,711,712,713,715,720,721,722,724,725,727,728,729,730,731,735,737,738,739,740,742,745,748,751,752,754,755,757,758,759,762,771,773,774,776,780,781,782,783,787,788,790,791,792,794,795,796,797,798,799,801,802,803,804,805,806,807,808,809,810,811,812,813,814,817,818,819,821,822,823,824,825,826,828,829,830,831,832,833,836,838,839,840,841,842,843,847,848,849,850,851,852,853,854,858,859,860,867,884,886,887,889,890,893,894,898,900,911,913,915,919,920,923,925,926,929,934,936,942,948,950,955,956,958,964,965,967,969,976,980,982,983,984,985,986,987,991,992,996,997,998,999,1001,1002,1011,1012,1013,1019,1022,1026,1035,1042,1043,1044,1047,1048,1049,1052,1053,1054,1055,1056,1059,1062,1063,1064,1065,1068,1069,1070,1072,1073,1074,1075,1076,1078,1079,1080,1081,1084,1085,1087,1088,1092,1094,1096,1098,1099,1100,1101,1102,1103,1104,1106,1107,1108,1109,1110,1113,1115,1117,1118,1119,1125,1129,1130,1132,1136,1137,1141,1142,1143,1144,1145,1146,1147,1149,1151,1153,1155,1157,1158,1160,1161,1162,1164,1165,1166,1167,1168,1169,1170,1172,1173,1174,1176,1177,1178,1179,1184,1193,1194,1201,1204,1206,1208,1210,1211,1212,1213,1214,1215,1216,1218,1219,1223,1226,1227,1229,1232,1234,1236,1237,1240,1241,1242,1244,1245,1246,1247,1250,1251,1253,1255,1258,1262,1263,1264,1265,1266,1267,1268,1270,1272,1273,1274,1276,1277,1281,1282,1284,1291,1292,1294,1295,1296,1297,1298,1299,1300,1303,1305,1306,1307,1310,1311,1312,1314,1317,1319,1320,1321,1324,1325,1327,1329,1338,1341,1342,1343,1344,1347,1348,1349,1350,1351,1353,1354,1355,1356,1357,1358,1361,1363,1364,1365,1366,1369,1371,1372,1375,1376,1378,1379,1381,1382,1384,1385,1386,1387,1388,1390,1394,1398,1403,1404,1406,1407,1410,1413,1417,1420,1424,1427,1428,1432,1433,1435,1436,1437,1438,1439,1440,1441,1443,1444,1445,1446,1448,1449,1450,1451,1452,1453,1455,1457,1458,1459,1460,1462,1464,1465,1466,1467,1469,1471,1472,1474,1477,1480,1481,1482,1483,1485,1486,1487,1488,1489,1490,1491,1492,1493,1496,1497,1498,1502,1505,1510,1513,1516,1517,1518,1519,1520,1521,1522,1525,1527,1528,1529,1530,1533,1534,1535,1537,1538,1539,1540,1541,1542,1544,1549,1550,1554,1559,1560,1562,1563,1564,1565,1567,1568,1569,1570,1572,1574,1575,1578,1579,1580,1581,1582,1585,1587,1588,1589,1590,1591,1592,1593,1594,1596,1597,1598,1600,1601,1603,1605,1608,1610,1613,1614,1615,1627,1629,1635,1640,1641,1642,1643,1644,1648,1650,1652,1653,1657,1658,1659,1660,1661,1662,1663,1664,1667,1668,1669,1670,1671,1672,1673,1674,1675,1677,1678,1679,1681,1685,1686,1688,1691,1694,1695,1697,1698,1701,1702,1705,1707,1709,1710,1716,1718,1720,1721,1724,1732,1733,1737,1739,1742,1744,1745,1746,1747,1753,1755,1756,1758,1759,1760,1761,1762,1764,1766,1767,1768,1769,1771,1772,1773,1775,1776,1778,1779,1781,1782,1785,1787,1791,1793,1795,1796,1797,1802,1803,1805,1806,1808,1809,1811,1813,1814,1815,1819,1821,1822,1823,1824,1825,1827,1829,1830,1831,1833,1835,1836,1837,1838,1843,1844,1847,1849,1857,1860,1867,1868,1882,1884,1885,1886,1890,1900,1901,1905,1906,1907,1908,1915,1917,1918,1920,1921,1922,1924,1926,1927,1930,1931,1935,1936,1937,1938,1939,1940,1942,1943,1947,1948,1949,1950,1951,1952,1953,1956,1957,1960,1964,1965,1973,1974,1982,1984,1989,1998,1999",0.19
null_control,development,100,2000,0,0.0,0.7,0.5,0.0,VarCorr_Baseline,1,,,,,0.3718,1000,0.5,,0.0993,0.004,"2,4,7,12,14,16,21,28,29,30,35,37,40,41,42,46,48,49,51,52,53,55,57,58,61,65,67,73,75,76,78,80,81,82,83,85,86,87,88,89,90,91,92,93,96,97,98,105,107,108,111,113,114,115,116,117,119,122,123,124,126,127,128,131,133,135,136,138,139,148,162,163,170,180,181,189,190,191,193,194,195,197,200,202,204,205,208,209,211,212,213,215,216,218,219,232,235,240,243,244,245,246,250,251,252,253,255,260,262,265,267,268,269,271,272,273,277,281,282,284,286,287,288,290,291,292,296,298,299,301,304,306,309,311,313,314,318,319,320,321,322,323,325,326,328,329,334,336,337,339,340,342,348,351,353,355,358,359,360,363,364,365,367,368,370,372,373,375,377,378,382,383,388,389,392,393,394,395,398,400,403,404,405,406,408,409,410,412,413,414,417,418,421,422,426,427,428,429,440,444,446,447,450,451,452,453,457,458,459,460,462,463,464,465,466,469,470,471,472,473,474,476,477,478,480,483,484,488,489,491,494,495,497,500,501,502,505,506,507,510,512,513,514,516,517,518,522,529,532,533,535,539,541,543,544,547,548,551,554,555,556,557,558,561,562,563,566,567,573,577,579,580,581,584,585,586,587,588,590,591,594,595,597,598,599,602,603,604,605,607,608,609,610,611,613,614,615,616,617,618,619,621,622,623,624,626,629,630,631,632,633,635,636,637,638,639,641,643,644,645,646,647,648,650,651,653,654,655,657,658,659,660,664,666,667,670,675,679,681,682,683,684,686,687,689,690,693,694,696,698,699,700,701,703,704,705,706,707,709,711,712,713,715,716,718,719,725,728,730,731,734,736,744,748,749,751,758,762,764,766,767,769,770,774,775,779,780,781,782,783,784,785,786,787,788,789,790,791,792,793,795,798,799,800,805,812,813,815,816,817,818,820,822,824,826,827,831,834,835,836,838,840,841,843,844,846,847,848,849,850,853,854,855,856,857,858,859,861,863,866,867,870,874,878,881,883,884,885,892,894,896,899,902,903,915,921,922,926,932,933,934,935,937,938,946,951,957,962,963,964,966,968,969,971,972,973,974,975,976,979,982,984,989,991,993,994,997,998,999,1001,1003,1005,1006,1007,1008,1009,1012,1020,1022,1025,1027,1028,1032,1033,1036,1038,1039,1041,1046,1050,1051,1054,1056,1057,1060,1063,1064,1065,1068,1069,1073,1076,1079,1080,1081,1082,1084,1086,1088,1089,1090,1092,1094,1099,1100,1101,1102,1103,1104,1109,1110,1114,1118,1119,1121,1124,1125,1127,1128,1129,1130,1131,1133,1139,1140,1141,1143,1144,1147,1148,1150,1151,1152,1153,1154,1155,1156,1157,1159,1160,1165,1166,1168,1169,1170,1172,1173,1177,1179,1180,1182,1183,1184,1187,1191,1192,1194,1195,1196,1197,1198,1199,1200,1201,1202,1203,1204,1205,1206,1208,1210,1212,1213,1214,1217,1218,1220,1221,1222,1223,1228,1230,1233,1237,1238,1239,1241,1242,1243,1246,1247,1250,1253,1257,1259,1261,1262,1263,1267,1277,1282,1285,1288,1289,1291,1292,1296,1297,1305,1310,1312,1320,1321,1323,1324,1325,1326,1328,1329,1330,1331,1332,1333,1334,1335,1336,1337,1342,1343,1344,1346,1347,1348,1352,1356,1358,1361,1362,1364,1365,1368,1371,1372,1373,1376,1377,1383,1386,1387,1389,1391,1392,1397,1399,1400,1404,1405,1409,1410,1412,1413,1414,1415,1417,1418,1419,1420,1426,1428,1429,1430,1431,1434,1438,1440,1441,1442,1443,1445,1446,1447,1449,1450,1452,1454,1456,1458,1459,1460,1466,1468,1469,1470,1471,1472,1473,1476,1477,1478,1482,1483,1484,1485,1487,1489,1493,1494,1495,1496,1497,1499,1500,1502,1503,1507,1510,1512,1516,1520,1522,1523,1524,1529,1530,1531,1532,1533,1534,1536,1537,1539,1540,1555,1556,1557,1559,1560,1561,1562,1563,1564,1566,1569,1570,1571,1574,1575,1576,1577,1579,1580,1584,1586,1588,1589,1590,1592,1594,1595,1596,1597,1600,1601,1602,1603,1605,1607,1608,1611,1612,1613,1616,1617,1618,1619,1623,1625,1626,1628,1629,1633,1635,1636,1640,1641,1643,1645,1646,1647,1650,1653,1655,1656,1657,1659,1666,1667,1668,1670,1677,1678,1680,1681,1682,1683,1684,1685,1686,1687,1688,1689,1694,1695,1696,1697,1699,1701,1703,1706,1707,1708,1709,1710,1711,1714,1715,1717,1721,1724,1728,1735,1736,1737,1739,1740,1741,1742,1743,1745,1746,1748,1749,1750,1751,1754,1755,1758,1761,1762,1767,1768,1769,1771,1772,1775,1776,1777,1778,1782,1783,1785,1789,1790,1792,1793,1794,1795,1797,1798,1800,1801,1802,1803,1804,1806,1808,1810,1811,1812,1813,1816,1822,1826,1827,1829,1837,1838,1843,1845,1853,1861,1864,1867,1869,1872,1873,1874,1875,1876,1877,1879,1880,1886,1887,1889,1890,1893,1898,1899,1900,1901,1903,1904,1905,1906,1907,1908,1911,1912,1913,1915,1916,1918,1919,1920,1921,1922,1923,1924,1925,1926,1927,1929,1931,1932,1934,1935,1936,1937,1942,1944,1945,1946,1948,1952,1953,1954,1955,1956,1959,1960,1961,1962,1963,1966,1968,1969,1970,1971,1972,1973,1975,1977,1979,1980,1982,1989,1990,1996,1999",0.19
null_control,development,100,2000,0,0.0,0.7,0.5,0.0,VarCorr_Baseline,2,,,,,0.5641,1000,0.5,,0.0989,0.004,"0,1,4,5,6,7,8,9,10,11,12,13,14,15,17,18,19,23,26,27,38,39,40,41,42,43,47,49,50,51,52,54,55,57,58,62,63,65,67,69,70,71,73,75,76,82,83,86,95,96,97,101,110,111,112,117,122,125,129,130,132,134,136,138,142,150,152,153,154,155,156,157,159,161,162,166,169,171,175,177,179,181,185,187,188,190,194,197,200,202,203,204,205,206,207,208,210,211,212,213,214,215,216,218,219,220,227,230,232,234,238,239,241,243,246,247,248,249,250,251,253,255,256,257,258,259,262,264,265,272,275,277,278,279,281,282,283,286,288,291,293,294,296,297,298,299,306,307,308,315,317,319,321,324,325,327,329,332,334,335,337,346,347,348,355,356,357,358,360,362,363,365,367,369,371,372,374,375,376,378,379,380,383,384,385,387,388,389,390,391,394,395,396,398,399,400,401,402,403,404,405,408,412,413,416,417,419,420,430,437,439,440,443,449,450,454,459,461,462,464,468,469,470,473,474,475,477,479,480,481,487,491,492,493,496,498,500,501,503,504,508,512,513,514,515,516,517,520,522,525,530,531,533,535,541,542,544,545,548,549,551,552,553,556,558,559,562,563,564,565,566,569,571,572,577,578,579,583,584,586,588,590,592,594,595,597,599,601,602,603,607,610,612,615,619,623,626,628,633,641,642,643,645,646,649,650,651,652,653,654,657,658,660,661,662,663,664,665,666,667,668,669,672,673,674,676,678,680,681,683,684,685,686,687,691,693,694,696,697,698,699,700,703,706,707,708,710,716,717,719,721,723,724,725,726,727,728,731,732,734,735,736,739,742,743,744,745,746,747,748,749,750,754,756,758,761,768,769,772,773,777,781,783,784,785,786,787,790,793,796,797,798,802,803,804,806,808,809,812,813,815,816,817,818,819,821,822,823,824,828,830,831,832,833,837,841,842,843,844,845,847,849,852,853,856,857,862,864,865,867,872,875,877,878,879,880,883,884,885,886,887,888,893,894,898,900,902,903,904,907,908,912,915,916,917,918,919,921,922,923,924,925,929,932,934,935,936,960,965,966,968,972,974,975,976,979,982,983,984,989,990,994,996,997,998,1001,1002,1004,1006,1007,1009,1010,1011,1012,1013,1014,1015,1016,1017,1019,1021,1023,1025,1026,1027,1028,1029,1031,1032,1033,1034,1035,1036,1037,1039,1044,1048,1049,1052,1054,1057,1058,1063,1066,1068,1069,1073,1076,1077,1079,1080,1083,1086,1087,1089,1091,1092,1097,1099,1103,1107,1108,1109,1111,1112,1115,1117,1118,1120,1121,1126,1128,1132,1136,1138,1149,1150,1156,1157,1160,1162,1163,1165,1167,1170,1171,1174,1175,1180,1181,1182,1183,1184,1185,1186,1187,1188,1190,1191,1192,1193,1194,1195,1196,1199,1201,1202,1203,1204,1205,1206,1207,1210,1212,1213,1214,1215,1217,1218,1220,1221,1222,1223,1225,1226,1227,1228,1230,1231,1233,1234,1235,1236,1237,1239,1240,1241,1242,1243,1244,1245,1246,1247,1248,1250,1251,1252,1253,1255,1258,1259,1260,1261,1262,1264,1267,1268,1269,1274,1280,1281,1282,1283,1284,1286,1287,1289,1290,1291,1292,1294,1295,1296,1297,1300,1308,1309,1319,1321,1322,1323,1324,1325,1330,1332,1334,1337,1338,1340,1345,1347,1350,1353,1354,1356,1359,1361,1363,1365,1366,1367,1368,1369,1370,1381,1382,1384,1387,1388,1389,1390,1392,1393,1395,1397,1398,1399,1400,1403,1404,1405,1407,1408,1409,1410,1411,1412,1413,1414,1415,1418,1423,1424,1427,1433,1434,1435,1436,1439,1440,1441,1443,1445,1446,1448,1449,1456,1458,1460,1461,1462,1463,1466,1467,1468,1469,1470,1471,1473,1474,1475,1476,1477,1478,1479,1480,1481,1484,1485,1486,1487,1488,1489,1491,1492,1493,1494,1495,1496,1497,1498,1500,1501,1502,1503,1505,1506,1508,1509,1510,1512,1513,1514,1515,1516,1518,1519,1522,1525,1526,1527,1529,1531,1535,1538,1539,1541,1545,1547,1548,1551,1552,1553,1554,1555,1561,1562,1569,1570,1580,1582,1583,1584,1585,1586,1587,1588,1592,1593,1595,1598,1600,1601,1602,1603,1604,1605,1606,1607,1608,1609,1611,1612,1613,1614,1615,1616,1617,1618,1619,1620,1621,1624,1625,1626,1627,1628,1631,1632,1633,1634,1635,1636,1639,1641,1642,1643,1644,1647,1648,1650,1651,1652,1654,1656,1657,1664,1665,1668,1670,1672,1673,1674,1675,1676,1677,1678,1679,1680,1687,1699,1700,1704,1706,1707,1708,1709,1710,1712,1715,1717,1719,1722,1724,1725,1730,1731,1735,1737,1739,1741,1746,1747,1750,1753,1754,1757,1759,1762,1763,1765,1767,1769,1770,1773,1774,1775,1778,1779,1781,1782,1784,1789,1791,1793,1796,1797,1798,1800,1801,1802,1803,1804,1805,1808,1809,1811,1813,1817,1819,1821,1824,1827,1829,1830,1831,1834,1835,1836,1838,1839,1842,1846,1848,1849,1864,1868,1874,1884,1890,1894,1897,1898,1902,1903,1904,1905,1908,1909,1910,1917,1919,1921,1922,1923,1924,1925,1926,1927,1928,1929,1930,1933,1934,1935,1936,1937,1939,1944,1960,1961,1962,1965,1972,1975,1977,1979,1980,1982,1983,1984,1985,1987,1989,1992,1993,1996,1997,1998,1999",0.19
null_control,development,100,2000,0,0.0,0.7,0.5,0.0,LASSO,0,,,,,0.4808,52,0.974,,0.1069,0.026,"24,47,104,211,264,270,302,306,308,335,356,361,381,413,423,427,477,646,663,684,765,898,949,956,970,1044,1053,1095,1098,1125,1407,1444,1445,1446,1457,1507,1518,1522,1534,1537,1627,1662,1671,1681,1702,1709,1740,1764,1822,1825,1882,1899",1.74
null_control,development,100,2000,0,0.0,0.7,0.5,0.0,LASSO,1,,,,,0.5321,57,0.9715,,0.1103,0.026,"105,143,152,153,200,291,384,398,404,435,458,476,507,518,556,646,655,719,766,770,1001,1005,1104,1119,1144,1158,1168,1173,1237,1238,1285,1391,1445,1446,1447,1529,1547,1556,1577,1607,1608,1668,1678,1709,1712,1715,1736,1783,1787,1794,1887,1898,1905,1948,1991,1992,1996",1.65
null_control,development,100,2000,0,0.0,0.7,0.5,0.0,LASSO,2,,,,,0.4359,45,0.9775,,0.1214,0.026,"15,138,179,358,442,445,456,541,556,558,594,647,665,668,678,704,887,991,997,1002,1009,1015,1017,1080,1153,1162,1164,1165,1166,1170,1173,1228,1263,1274,1365,1397,1431,1446,1626,1680,1908,1915,1965,1972,1979",1.61
null_control,development,100,2000,0,0.0,0.7,0.5,0.0,ElasticNet,0,,,,,0.5385,183,0.9085,,0.1065,0.0067,"1,24,39,44,45,46,47,54,57,58,66,78,100,104,116,153,188,194,211,227,233,263,264,266,267,269,270,277,301,302,304,306,307,308,311,313,319,330,331,335,337,350,356,361,366,381,387,394,397,409,413,423,427,432,435,462,474,477,593,607,614,646,649,653,663,684,765,773,821,877,884,893,894,898,900,913,923,930,946,949,950,956,958,961,968,969,970,1043,1044,1048,1049,1052,1053,1055,1056,1065,1071,1088,1095,1098,1119,1121,1125,1127,1137,1139,1211,1264,1270,1277,1278,1286,1369,1378,1388,1407,1411,1428,1440,1444,1445,1446,1448,1449,1450,1452,1455,1457,1481,1489,1499,1507,1518,1520,1521,1522,1525,1534,1537,1539,1555,1569,1584,1627,1629,1644,1661,1662,1666,1671,1679,1681,1682,1692,1702,1709,1711,1715,1740,1745,1749,1764,1781,1783,1787,1813,1820,1822,1825,1827,1828,1830,1832,1836,1837,1842,1882,1887,1892,1893,1899,1930,1957",1.26
null_control,development,100,2000,0,0.0,0.7,0.5,0.0,ElasticNet,1,,,,,0.5,184,0.908,,0.1084,0.0067,"85,86,103,105,107,140,143,146,148,152,153,157,158,193,198,200,204,211,219,245,291,314,327,364,380,384,386,392,396,398,404,408,414,424,430,435,436,439,444,458,471,475,476,500,507,512,516,518,545,553,555,556,565,619,646,647,650,653,655,656,719,720,733,734,761,763,765,766,769,770,774,793,818,833,883,915,1001,1005,1014,1076,1104,1108,1119,1141,1143,1144,1150,1151,1154,1158,1168,1173,1179,1192,1222,1223,1227,1230,1232,1237,1238,1243,1252,1285,1309,1372,1387,1391,1410,1438,1445,1446,1447,1451,1454,1462,1492,1526,1529,1534,1547,1548,1552,1556,1573,1574,1577,1603,1607,1608,1609,1610,1614,1617,1630,1660,1662,1664,1668,1677,1678,1709,1710,1712,1714,1715,1724,1726,1727,1728,1730,1736,1739,1756,1781,1783,1787,1793,1794,1796,1820,1822,1826,1827,1837,1838,1868,1887,1896,1897,1898,1905,1935,1948,1981,1983,1984,1988,1991,1992,1993,1995,1996,1998",1.23
null_control,development,100,2000,0,0.0,0.7,0.5,0.0,ElasticNet,2,,,,,0.4679,173,0.9135,,0.1061,0.0067,"2,4,11,15,29,125,138,166,179,220,239,264,283,316,346,358,413,415,416,420,426,435,437,441,442,443,444,445,446,451,453,456,497,541,546,547,548,550,553,554,556,558,565,578,588,594,614,647,653,665,668,678,683,704,707,732,756,784,802,806,879,880,884,887,892,893,918,966,968,979,981,985,991,994,996,997,1002,1004,1006,1009,1011,1013,1015,1017,1018,1033,1035,1080,1086,1087,1094,1151,1152,1153,1162,1164,1165,1166,1170,1172,1173,1177,1222,1223,1228,1229,1232,1237,1250,1261,1263,1274,1293,1315,1359,1363,1365,1366,1367,1376,1377,1379,1392,1397,1412,1424,1429,1431,1446,1460,1500,1509,1516,1519,1564,1567,1573,1574,1584,1596,1622,1626,1636,1657,1680,1686,1698,1704,1714,1731,1748,1757,1781,1816,1835,1897,1902,1906,1908,1910,1912,1913,1915,1918,1919,1964,1965,1968,1972,1975,1979,1987,1988",1.12
null_control,development,100,2000,0,0.0,0.7,0.5,0.0,RFECV,0,,,,,0.4808,20,0.99,,0.0892,0.0158,"70,121,254,284,351,381,480,646,672,763,765,804,876,979,1095,1457,1666,1692,1822,1825",7.93
null_control,development,100,2000,0,0.0,0.7,0.5,0.0,RFECV,1,,,,,0.5897,100,0.95,,0.1378,0.0158,"3,4,5,6,7,8,13,14,15,18,25,36,42,43,44,45,46,47,48,49,50,51,52,53,54,55,56,57,58,59,60,61,62,63,64,65,66,67,68,69,70,71,76,105,107,108,137,151,152,153,156,193,291,333,383,416,444,500,507,521,523,653,720,746,765,766,793,799,810,819,883,906,927,983,1001,1091,1104,1160,1237,1266,1272,1381,1391,1451,1527,1544,1552,1584,1586,1615,1661,1709,1723,1783,1887,1890,1935,1938,1960,1992",7.84
null_control,development,100,2000,0,0.0,0.7,0.5,0.0,RFECV,2,,,,,0.3974,20,0.99,,0.0983,0.0158,"92,114,121,245,442,444,519,548,600,883,937,943,1166,1170,1263,1293,1303,1385,1680,1910",8.01
null_control,development,100,2000,0,0.0,0.7,0.5,0.0,RF_Importance,0,,,,,0.4103,519,0.7405,,0.0993,-0.0158,"1,14,15,20,21,28,32,35,39,43,48,50,53,54,56,59,60,66,67,70,71,81,82,85,91,94,106,107,112,116,118,122,124,125,131,132,135,146,152,153,155,160,161,188,194,203,208,211,213,217,218,219,221,228,235,237,240,254,255,257,258,261,262,264,267,268,269,270,271,272,275,278,286,287,288,289,290,299,301,306,308,311,320,321,322,328,330,331,333,336,343,344,345,346,347,353,356,357,359,361,366,368,371,372,375,376,381,383,387,402,412,413,419,421,423,427,436,438,439,441,442,444,447,455,459,461,470,471,472,474,477,488,492,500,525,527,542,545,548,549,550,557,559,560,561,569,575,578,579,588,591,594,596,603,605,612,620,621,627,633,636,638,641,642,646,648,651,652,654,656,657,659,660,664,667,677,681,682,688,692,704,711,712,717,724,726,739,743,747,749,752,765,767,772,773,775,778,780,783,787,794,798,810,816,824,826,827,833,841,847,850,851,859,862,869,872,875,879,883,884,886,888,896,901,911,912,915,919,922,925,930,931,933,934,936,937,938,940,943,944,949,950,952,968,970,971,974,976,978,979,1004,1005,1014,1019,1025,1027,1034,1038,1041,1044,1047,1050,1052,1058,1059,1062,1066,1070,1071,1073,1074,1080,1082,1086,1094,1095,1098,1099,1114,1120,1125,1128,1133,1139,1141,1148,1156,1159,1161,1162,1166,1172,1179,1183,1184,1185,1190,1191,1193,1195,1196,1198,1203,1213,1215,1219,1222,1226,1236,1237,1243,1245,1255,1260,1261,1270,1274,1278,1280,1289,1295,1302,1305,1330,1339,1340,1343,1345,1347,1348,1352,1353,1369,1372,1373,1375,1380,1381,1383,1387,1390,1394,1398,1407,1408,1412,1413,1415,1416,1422,1428,1430,1439,1440,1444,1445,1448,1449,1450,1452,1454,1455,1457,1459,1464,1466,1467,1470,1473,1475,1483,1485,1489,1494,1495,1499,1502,1507,1509,1514,1518,1520,1521,1522,1525,1526,1531,1532,1534,1535,1538,1545,1552,1557,1564,1574,1576,1578,1579,1583,1585,1590,1601,1603,1618,1629,1632,1633,1638,1644,1645,1651,1655,1658,1664,1666,1667,1669,1672,1673,1686,1689,1693,1694,1699,1700,1702,1704,1706,1707,1710,1711,1712,1713,1714,1715,1716,1720,1722,1726,1731,1733,1735,1736,1739,1740,1745,1748,1757,1758,1762,1766,1769,1774,1776,1778,1782,1783,1784,1786,1792,1797,1799,1802,1807,1808,1809,1811,1813,1815,1817,1820,1821,1823,1824,1825,1827,1828,1829,1830,1831,1832,1836,1845,1861,1863,1866,1869,1870,1876,1877,1882,1887,1891,1892,1893,1896,1897,1898,1902,1903,1905,1906,1912,1914,1917,1922,1928,1929,1934,1935,1937,1962,1966,1972,1977,1978,1987,1992",0.22
null_control,development,100,2000,0,0.0,0.7,0.5,0.0,RF_Importance,1,,,,,0.4359,524,0.738,,0.0995,-0.0158,"1,5,6,7,10,18,22,24,38,39,40,41,45,52,55,58,64,65,70,75,81,85,90,96,103,105,111,113,130,136,138,140,141,143,144,145,148,149,150,151,152,153,154,157,158,159,163,167,177,179,181,183,184,189,193,199,200,204,205,206,212,214,219,220,229,231,238,241,245,247,256,258,264,267,280,283,284,286,289,291,292,297,306,308,309,311,312,314,318,322,339,344,353,355,361,362,366,374,375,383,385,389,390,395,398,401,405,410,416,418,421,422,425,428,431,434,444,449,452,454,466,469,471,474,475,476,479,483,484,487,489,500,502,504,507,516,518,519,523,528,534,535,537,545,546,560,564,570,576,587,595,613,620,623,627,636,641,643,648,649,651,653,654,655,657,659,661,662,664,667,668,671,672,675,685,689,690,695,697,699,706,708,713,716,721,722,723,725,727,733,739,740,743,744,745,746,749,759,761,762,763,764,765,769,770,772,774,792,793,805,809,811,815,817,819,821,823,825,831,832,833,835,840,851,852,867,870,874,880,881,882,887,888,897,898,904,905,906,915,916,918,923,924,927,932,937,941,953,969,972,984,990,993,994,997,1001,1005,1006,1013,1014,1018,1019,1025,1028,1030,1032,1044,1045,1047,1051,1054,1055,1058,1059,1065,1072,1076,1077,1078,1080,1082,1091,1093,1096,1099,1100,1103,1104,1105,1108,1110,1112,1115,1116,1117,1119,1127,1128,1132,1135,1138,1139,1140,1143,1144,1151,1158,1162,1167,1168,1170,1171,1172,1173,1174,1175,1176,1182,1185,1189,1193,1198,1206,1210,1218,1223,1229,1230,1232,1237,1240,1243,1249,1259,1266,1270,1280,1281,1285,1289,1296,1298,1300,1301,1302,1306,1313,1316,1318,1321,1328,1330,1334,1335,1341,1343,1347,1350,1365,1366,1370,1371,1373,1383,1387,1391,1396,1397,1398,1402,1418,1419,1422,1425,1436,1438,1440,1441,1443,1445,1446,1447,1448,1450,1453,1457,1459,1462,1471,1481,1482,1484,1485,1492,1494,1497,1500,1501,1503,1509,1510,1511,1512,1517,1527,1529,1541,1545,1549,1550,1556,1558,1559,1560,1562,1566,1567,1577,1587,1588,1589,1591,1597,1601,1603,1604,1606,1607,1608,1610,1612,1614,1615,1616,1618,1621,1622,1633,1634,1643,1644,1646,1650,1668,1670,1671,1685,1689,1695,1700,1701,1706,1710,1711,1714,1715,1717,1723,1725,1731,1734,1736,1739,1744,1746,1748,1764,1767,1770,1776,1778,1780,1785,1788,1792,1798,1799,1801,1815,1820,1822,1823,1825,1826,1827,1830,1834,1846,1848,1851,1853,1854,1868,1883,1887,1890,1894,1896,1911,1912,1921,1925,1935,1941,1943,1949,1952,1954,1956,1957,1958,1960,1962,1969,1972,1980,1988,1991,1992,1993,1994,1996,1998,1999",0.21
null_control,development,100,2000,0,0.0,0.7,0.5,0.0,RF_Importance,2,,,,,0.4231,528,0.736,,0.0991,-0.0158,"2,15,18,22,23,32,34,40,58,59,61,98,110,115,116,126,128,130,133,138,139,142,143,149,151,155,161,164,165,166,167,168,174,179,180,181,182,191,203,206,207,208,209,211,218,223,228,235,243,246,247,248,263,266,267,270,272,277,278,287,290,291,296,302,310,311,312,316,318,320,324,328,338,340,341,347,348,350,354,357,367,368,374,386,388,396,400,402,403,408,411,414,420,422,424,427,428,432,435,440,441,443,444,447,448,451,452,453,456,458,459,463,466,475,479,481,482,484,485,486,487,488,490,492,500,504,506,508,511,513,520,522,531,537,541,542,543,545,548,551,552,554,555,556,558,564,565,566,568,569,570,574,577,584,587,589,593,598,605,610,613,614,625,630,632,634,639,644,645,648,651,653,654,658,660,665,668,669,671,673,675,676,689,690,692,693,702,707,709,711,712,714,720,725,730,732,741,758,761,762,769,776,780,785,806,809,814,817,823,825,830,837,841,844,848,850,852,867,869,870,871,877,878,879,880,882,883,884,885,888,892,895,896,904,905,911,918,919,923,928,933,936,940,944,947,948,949,950,952,966,969,978,981,982,984,985,987,988,994,1002,1007,1008,1011,1014,1015,1020,1026,1027,1033,1035,1040,1043,1050,1060,1064,1067,1078,1080,1083,1086,1090,1094,1096,1101,1102,1104,1111,1115,1117,1121,1124,1127,1130,1133,1136,1139,1140,1141,1146,1148,1149,1153,1154,1158,1159,1160,1161,1166,1167,1170,1171,1173,1175,1177,1179,1184,1186,1191,1206,1214,1216,1218,1222,1223,1228,1229,1230,1231,1234,1237,1238,1255,1260,1263,1265,1274,1285,1301,1303,1304,1309,1311,1313,1315,1320,1322,1324,1325,1327,1328,1330,1331,1333,1335,1336,1340,1343,1346,1347,1354,1359,1365,1366,1371,1377,1382,1386,1391,1397,1399,1401,1402,1405,1412,1416,1419,1420,1423,1424,1431,1434,1435,1445,1447,1449,1451,1454,1456,1458,1464,1474,1482,1487,1496,1497,1498,1501,1504,1514,1515,1521,1523,1525,1526,1527,1528,1535,1537,1541,1542,1543,1547,1557,1560,1563,1564,1567,1568,1580,1581,1582,1583,1584,1585,1590,1591,1592,1600,1604,1605,1613,1618,1630,1634,1636,1637,1639,1642,1647,1650,1664,1684,1685,1688,1696,1703,1707,1708,1709,1714,1720,1723,1724,1725,1726,1728,1735,1739,1742,1743,1744,1748,1757,1759,1760,1761,1762,1763,1770,1772,1779,1782,1784,1787,1805,1816,1818,1819,1820,1827,1833,1835,1838,1840,1841,1845,1847,1857,1858,1859,1869,1874,1877,1880,1888,1889,1894,1897,1900,1902,1903,1904,1906,1908,1909,1910,1914,1916,1918,1919,1927,1929,1940,1945,1952,1954,1962,1968,1971,1972,1973,1974,1975,1976,1977,1978,1989,1998",0.22
null_control,development,100,2000,0,0.0,0.7,0.5,0.0,PermImportance,0,,,,,,0,1.0,,0.0,,,15.43
null_control,development,100,2000,0,0.0,0.7,0.5,0.0,PermImportance,1,,,,,,0,1.0,,0.0,,,15.44
null_control,development,100,2000,0,0.0,0.7,0.5,0.0,PermImportance,2,,,,,,0,1.0,,0.0,,,15.74
null_control,development,100,2000,0,0.0,0.7,0.5,0.0,SHAP,0,,,,,0.4936,62,0.969,,0.1004,0.0055,"4,31,49,50,54,70,86,117,121,144,148,183,205,249,254,264,284,313,341,351,381,423,429,480,578,603,646,672,763,765,804,876,884,918,940,979,1048,1095,1116,1122,1137,1280,1326,1407,1446,1457,1510,1521,1525,1618,1627,1661,1666,1692,1704,1740,1783,1784,1798,1822,1825,1828",0.34
null_control,development,100,2000,0,0.0,0.7,0.5,0.0,SHAP,1,,,,,0.5897,61,0.9695,,0.1034,0.0055,"3,7,25,76,105,107,108,137,151,152,153,156,193,291,333,383,416,444,500,507,521,523,653,720,746,765,766,793,799,810,819,883,906,927,983,1001,1091,1104,1160,1237,1266,1272,1381,1391,1451,1527,1544,1552,1584,1586,1615,1661,1709,1723,1783,1887,1890,1935,1938,1960,1992",0.31
null_control,development,100,2000,0,0.0,0.7,0.5,0.0,SHAP,2,,,,,0.3333,67,0.9665,,0.1042,0.0055,"0,4,26,29,92,114,121,179,192,245,304,316,415,442,444,452,477,519,541,548,553,558,593,600,661,669,678,725,762,838,870,883,902,937,943,952,985,1002,1004,1009,1015,1094,1136,1151,1153,1166,1170,1228,1263,1274,1293,1303,1342,1349,1385,1567,1626,1680,1748,1810,1816,1835,1908,1910,1913,1915,1972",0.33
null_control,development,100,2000,0,0.0,0.7,0.5,0.0,SO_S1->2,0,,,,,0.3814,1,0.9995,,0.0,-0.0033,977,46.09
null_control,development,100,2000,0,0.0,0.7,0.5,0.0,SelectOmics,0,,,,,0.3814,1,0.9995,step3,0.0,-0.0033,977,46.29
null_control,development,100,2000,0,0.0,0.7,0.5,0.0,SO_S1->2,1,,,,,0.4936,4,0.998,,0.1393,-0.0033,"152,200,1168,1451",66.04
null_control,development,100,2000,0,0.0,0.7,0.5,0.0,SelectOmics,1,,,,,0.4936,4,0.998,step3,0.1393,-0.0033,"152,200,1168,1451",68.16
null_control,development,100,2000,0,0.0,0.7,0.5,0.0,SO_S1->2,2,,,,,0.2821,15,0.9925,,0.1011,-0.0033,"89,263,373,668,683,704,708,1015,1080,1139,1263,1276,1446,1580,1908",55.42
null_control,development,100,2000,0,0.0,0.7,0.5,0.0,SelectOmics,2,,,,,0.2821,15,0.9925,step3,0.1011,-0.0033,"89,263,373,668,683,704,708,1015,1080,1139,1263,1276,1446,1580,1908",55.64
omics_interaction,development,200,2000,10,0.005,0.7,0.5,1.5,VarCorr_Baseline,0,0.001,0.1,0.002,0.001,0.8624,1000,0.5,,0.0715,-0.024,"1,14,37,41,42,46,47,49,50,52,55,57,67,72,74,82,83,86,88,89,90,93,98,99,104,105,107,108,110,111,113,114,121,125,127,128,130,136,139,141,152,156,160,162,163,165,166,167,168,170,171,173,177,178,179,181,183,184,185,189,192,195,199,201,204,211,214,218,220,221,225,227,229,231,232,234,236,240,241,242,243,246,250,252,254,255,256,257,260,261,262,263,264,265,266,267,269,270,272,273,277,278,279,280,282,283,284,285,289,290,291,293,295,297,298,299,301,304,305,306,307,309,310,312,313,314,315,316,317,318,319,325,327,330,337,341,346,348,350,351,353,358,362,364,367,372,374,377,378,380,381,382,383,384,385,386,387,388,389,390,391,392,394,395,396,397,399,402,403,404,405,406,408,410,411,412,413,414,417,419,420,421,422,423,425,427,428,429,431,432,434,436,437,438,439,440,441,443,444,445,447,449,450,453,454,455,456,457,458,461,462,467,470,471,473,474,477,478,479,481,482,483,484,485,486,487,488,489,490,492,493,494,495,496,498,499,501,502,503,504,505,508,509,510,511,512,515,516,517,518,519,523,528,531,533,537,540,542,543,546,548,553,554,555,556,557,558,560,561,562,563,565,568,569,571,572,573,575,577,580,582,587,588,591,593,596,597,604,611,616,617,620,621,623,624,625,626,627,628,632,633,634,639,640,641,642,644,646,650,651,655,656,657,659,660,665,670,671,672,675,676,678,680,681,684,685,686,687,688,689,691,692,693,695,697,698,699,701,702,703,704,705,706,707,708,709,710,711,714,715,716,719,721,722,723,724,725,726,727,728,729,730,732,735,737,738,739,740,741,743,744,745,746,747,750,756,767,771,773,784,786,791,793,797,798,801,805,806,807,810,811,815,819,820,821,822,825,826,828,829,831,834,839,842,845,848,853,857,858,864,866,868,869,873,874,876,878,880,882,884,885,886,888,889,891,892,893,894,899,901,902,903,904,905,906,909,910,913,917,918,922,929,931,933,934,935,937,938,939,940,941,943,946,948,953,954,955,956,957,961,962,963,965,966,973,975,979,981,982,989,990,995,996,1000,1001,1002,1003,1004,1005,1006,1007,1008,1009,1010,1011,1012,1013,1014,1015,1016,1017,1018,1019,1021,1022,1023,1025,1029,1030,1031,1032,1037,1038,1041,1042,1043,1049,1050,1051,1052,1054,1055,1057,1058,1060,1061,1064,1065,1066,1067,1069,1071,1072,1074,1078,1080,1082,1084,1085,1088,1093,1096,1099,1100,1101,1103,1104,1107,1108,1109,1113,1115,1117,1118,1119,1121,1127,1128,1131,1133,1134,1135,1136,1139,1145,1148,1151,1152,1153,1155,1156,1159,1164,1166,1170,1172,1173,1175,1177,1178,1179,1180,1181,1182,1183,1188,1190,1193,1196,1202,1203,1204,1205,1206,1207,1208,1210,1211,1212,1214,1215,1216,1217,1219,1220,1224,1227,1228,1229,1233,1236,1237,1238,1250,1251,1258,1259,1260,1262,1264,1265,1267,1269,1271,1272,1275,1276,1277,1280,1282,1283,1286,1287,1288,1290,1293,1299,1301,1302,1304,1306,1308,1309,1314,1317,1318,1322,1323,1326,1327,1330,1331,1332,1333,1334,1335,1336,1338,1339,1341,1342,1343,1344,1346,1347,1348,1349,1354,1355,1356,1357,1359,1365,1368,1370,1373,1376,1379,1380,1381,1382,1383,1387,1388,1399,1402,1403,1409,1411,1412,1414,1416,1419,1422,1428,1430,1434,1436,1437,1439,1442,1443,1447,1448,1449,1454,1458,1459,1460,1461,1462,1463,1464,1466,1467,1471,1473,1474,1479,1481,1482,1483,1485,1486,1489,1491,1494,1495,1497,1498,1500,1501,1504,1505,1506,1509,1512,1513,1517,1519,1520,1522,1523,1524,1525,1526,1527,1529,1530,1531,1535,1537,1538,1540,1543,1544,1545,1546,1550,1552,1553,1554,1555,1556,1558,1559,1561,1562,1564,1568,1571,1574,1581,1583,1591,1595,1597,1598,1600,1601,1602,1604,1607,1608,1609,1611,1612,1614,1618,1621,1622,1623,1625,1626,1627,1628,1629,1631,1633,1634,1638,1641,1642,1645,1646,1648,1649,1653,1655,1656,1657,1660,1661,1662,1663,1664,1665,1666,1667,1668,1669,1670,1671,1674,1675,1676,1677,1678,1680,1681,1682,1684,1689,1691,1693,1694,1696,1697,1698,1699,1702,1706,1707,1709,1712,1713,1714,1715,1716,1717,1718,1719,1721,1723,1725,1726,1727,1731,1732,1733,1734,1737,1738,1739,1740,1742,1743,1746,1748,1750,1751,1752,1754,1755,1756,1757,1758,1759,1760,1761,1762,1763,1764,1766,1767,1768,1769,1770,1771,1772,1773,1774,1775,1776,1777,1778,1782,1783,1785,1786,1788,1789,1791,1793,1796,1798,1800,1801,1803,1805,1807,1809,1811,1812,1813,1814,1816,1817,1820,1823,1825,1827,1828,1829,1830,1834,1835,1836,1837,1838,1842,1845,1850,1855,1858,1861,1862,1865,1867,1869,1871,1872,1873,1874,1877,1880,1881,1882,1883,1884,1886,1888,1889,1890,1892,1893,1895,1896,1897,1898,1899,1902,1905,1907,1908,1909,1910,1911,1913,1915,1916,1918,1919,1923,1928,1929,1931,1933,1935,1938,1941,1942,1945,1948,1955,1956,1957,1959,1960,1961,1962,1963,1964,1965,1968,1969,1972,1973,1974,1975,1976,1979,1983,1985,1987,1988,1991,1993,1997,1999",0.56
omics_interaction,development,200,2000,10,0.005,0.7,0.5,1.5,VarCorr_Baseline,1,0.003,0.3,0.0059,0.003,0.9984,1000,0.5,,0.0724,-0.024,"1,9,17,20,21,23,24,32,33,34,40,42,43,44,45,46,47,48,49,52,53,54,55,56,57,59,61,62,63,64,65,67,70,71,73,74,75,76,77,79,80,81,86,89,95,97,98,101,102,104,105,110,112,113,116,118,119,122,123,124,126,127,128,130,131,132,133,134,135,137,138,141,142,143,146,147,149,150,151,152,153,154,155,157,158,159,181,184,186,187,191,192,195,197,201,204,205,207,208,211,214,217,218,219,223,224,225,227,234,238,240,241,242,243,245,248,251,252,253,254,256,258,259,264,265,273,275,279,280,281,282,284,286,287,288,289,290,293,294,295,296,297,298,299,302,307,308,311,315,316,317,320,323,325,326,328,330,333,335,337,338,344,347,350,358,362,363,366,369,370,374,378,380,381,385,387,388,389,390,392,394,395,396,398,400,401,402,404,406,407,408,410,413,414,418,421,424,430,431,434,437,438,443,444,445,446,453,456,459,469,472,478,479,480,481,482,484,486,487,489,490,491,492,494,495,496,497,498,499,500,502,506,507,508,510,511,512,516,518,519,520,522,523,525,527,529,530,531,535,538,540,541,542,543,546,548,549,550,551,553,554,555,556,558,559,560,561,562,564,567,571,572,574,575,578,580,581,582,583,584,586,587,588,589,590,592,594,596,598,599,600,601,606,607,608,611,612,614,615,617,618,619,621,622,623,627,629,633,638,641,643,645,647,648,649,651,653,654,655,658,660,662,663,664,665,668,670,671,672,673,676,677,680,683,684,687,688,689,690,691,694,696,701,702,703,705,706,708,710,711,712,713,714,717,718,720,722,725,728,729,730,735,736,738,740,741,742,744,745,746,747,748,749,752,754,755,756,757,758,759,761,765,766,769,770,773,776,780,785,788,792,795,797,801,802,803,805,806,812,815,821,822,823,825,826,829,833,834,839,840,842,843,845,847,848,851,852,853,854,855,856,857,858,859,860,861,862,863,864,865,866,867,868,871,872,873,874,878,890,893,897,900,903,904,907,908,909,910,913,914,915,918,919,921,925,926,927,928,931,932,934,938,941,943,944,946,947,948,953,955,956,957,958,959,960,966,970,975,977,980,982,983,984,986,988,990,991,993,995,996,997,1000,1002,1003,1004,1005,1006,1011,1013,1016,1017,1018,1019,1020,1021,1023,1024,1025,1026,1027,1028,1029,1030,1032,1033,1034,1035,1036,1037,1038,1039,1040,1044,1046,1048,1049,1052,1053,1055,1056,1057,1059,1063,1064,1066,1070,1071,1072,1078,1081,1082,1083,1089,1090,1096,1097,1101,1104,1106,1107,1108,1110,1114,1115,1117,1119,1120,1121,1123,1124,1125,1126,1127,1128,1132,1133,1134,1135,1136,1137,1138,1139,1140,1143,1148,1154,1170,1171,1174,1175,1178,1179,1180,1181,1184,1187,1188,1189,1190,1193,1194,1195,1196,1198,1199,1200,1201,1202,1203,1205,1207,1208,1210,1212,1215,1216,1217,1219,1222,1223,1227,1228,1229,1230,1231,1232,1234,1236,1237,1239,1241,1242,1243,1244,1247,1248,1249,1251,1252,1254,1255,1256,1257,1260,1261,1262,1263,1264,1265,1266,1267,1268,1269,1270,1271,1273,1274,1275,1276,1277,1278,1279,1283,1287,1291,1292,1293,1296,1298,1299,1301,1303,1305,1306,1310,1312,1313,1314,1315,1316,1319,1321,1322,1323,1325,1332,1333,1334,1336,1337,1339,1341,1342,1343,1344,1346,1347,1348,1350,1352,1353,1354,1355,1356,1357,1362,1364,1365,1368,1370,1371,1373,1375,1377,1378,1379,1382,1383,1384,1385,1387,1388,1390,1393,1397,1402,1406,1411,1412,1419,1420,1422,1424,1426,1428,1431,1432,1434,1443,1445,1447,1448,1449,1452,1454,1461,1464,1469,1470,1471,1475,1489,1497,1499,1500,1505,1507,1508,1509,1513,1514,1515,1517,1520,1522,1523,1524,1525,1526,1527,1529,1530,1532,1535,1537,1538,1539,1540,1541,1545,1550,1553,1554,1557,1558,1559,1560,1561,1562,1563,1564,1566,1567,1568,1570,1571,1572,1573,1574,1576,1578,1580,1581,1582,1583,1584,1585,1586,1588,1589,1590,1592,1593,1594,1595,1596,1598,1599,1602,1603,1606,1607,1608,1609,1610,1613,1617,1618,1621,1623,1626,1628,1629,1635,1638,1639,1640,1641,1642,1643,1644,1645,1646,1648,1649,1650,1651,1652,1653,1654,1655,1657,1658,1661,1663,1664,1667,1669,1670,1671,1673,1674,1675,1684,1690,1699,1700,1704,1709,1710,1716,1723,1724,1725,1726,1727,1730,1732,1733,1739,1740,1742,1743,1744,1745,1747,1752,1753,1754,1756,1762,1766,1768,1770,1771,1773,1780,1784,1786,1789,1790,1791,1792,1794,1796,1797,1799,1800,1802,1804,1805,1806,1807,1808,1809,1812,1813,1814,1816,1817,1818,1819,1823,1824,1827,1830,1831,1832,1833,1835,1839,1840,1842,1844,1847,1848,1849,1850,1851,1852,1853,1854,1855,1856,1857,1858,1862,1863,1866,1868,1869,1870,1872,1875,1876,1879,1880,1884,1885,1888,1889,1890,1891,1892,1896,1897,1899,1901,1902,1906,1911,1912,1914,1916,1917,1918,1919,1920,1922,1925,1926,1930,1931,1932,1934,1936,1937,1938,1944,1946,1948,1949,1950,1951,1953,1954,1958,1960,1963,1964,1970,1971,1980,1982,1983,1984,1985,1988,1990,1996",0.48
omics_interaction,development,200,2000,10,0.005,0.7,0.5,1.5,VarCorr_Baseline,2,0.004,0.4,0.0079,0.004,0.9504,1000,0.5,,0.0728,-0.024,"0,1,2,3,6,8,9,10,13,16,18,19,22,23,25,26,27,29,32,33,34,35,36,38,39,40,41,42,46,48,49,51,53,59,67,68,72,77,85,91,92,97,101,102,104,106,107,108,109,112,113,114,115,116,118,119,120,121,122,123,126,127,128,132,134,135,136,137,138,139,141,142,145,146,148,150,154,159,160,161,163,167,170,172,175,187,196,202,205,207,208,210,211,213,215,217,220,222,223,224,226,227,229,230,231,232,234,236,237,238,242,243,244,245,246,247,248,250,251,254,256,257,258,259,262,263,264,266,268,269,271,274,276,278,280,283,285,286,287,288,290,291,295,296,298,301,304,305,306,307,308,309,310,311,312,313,315,319,320,321,323,324,325,326,327,329,330,331,332,333,335,336,339,351,358,360,361,362,363,371,373,374,376,379,380,382,384,386,387,388,389,391,392,393,417,418,420,421,423,424,426,428,429,430,431,432,434,435,436,438,441,442,443,448,453,458,460,462,463,464,465,466,467,469,470,471,473,474,475,476,477,478,479,481,482,483,486,491,499,501,502,505,506,509,511,515,516,517,519,521,523,524,525,526,527,528,529,536,537,539,557,560,561,564,566,569,570,572,573,574,576,579,580,582,583,585,586,587,590,591,592,594,596,597,598,600,603,606,610,611,612,613,614,615,618,619,622,624,625,626,628,630,632,633,634,635,636,639,642,643,644,645,650,657,659,663,665,666,667,668,669,670,673,675,676,677,679,681,682,687,691,693,695,696,697,702,703,705,706,707,709,710,713,715,716,718,719,722,725,726,727,732,733,734,737,738,740,741,742,753,755,756,761,762,765,766,768,769,771,773,774,776,778,779,781,782,783,786,787,789,790,791,792,793,795,796,798,800,801,804,805,808,810,813,815,816,818,819,822,825,832,834,835,838,842,843,844,847,848,850,852,853,854,855,856,858,861,862,863,865,866,867,869,870,871,875,877,878,882,883,884,885,887,888,889,896,899,901,902,903,904,905,906,907,908,909,911,913,915,916,917,918,922,923,924,925,927,928,930,932,934,935,938,940,942,944,945,946,947,949,950,951,953,954,956,957,958,960,961,962,963,964,965,966,967,968,969,970,972,974,975,976,977,978,979,980,981,983,985,986,989,990,994,998,1000,1002,1005,1007,1008,1009,1013,1014,1015,1017,1019,1020,1023,1024,1026,1028,1029,1030,1031,1034,1039,1041,1042,1043,1045,1047,1048,1051,1052,1053,1055,1057,1059,1061,1064,1065,1069,1070,1072,1073,1074,1075,1076,1077,1081,1082,1087,1088,1089,1090,1091,1092,1093,1094,1096,1097,1098,1106,1110,1115,1116,1118,1120,1127,1128,1130,1131,1133,1135,1138,1139,1140,1141,1142,1146,1148,1150,1152,1159,1160,1162,1164,1165,1166,1167,1168,1169,1170,1171,1173,1174,1176,1178,1181,1182,1184,1185,1187,1188,1190,1191,1192,1193,1195,1197,1199,1202,1211,1230,1234,1240,1241,1242,1243,1245,1248,1249,1250,1255,1257,1259,1260,1261,1263,1264,1265,1268,1269,1270,1271,1272,1273,1274,1275,1276,1277,1278,1279,1284,1286,1287,1288,1296,1298,1300,1301,1302,1303,1304,1305,1306,1311,1312,1313,1314,1316,1317,1318,1319,1323,1329,1331,1334,1336,1337,1339,1340,1341,1342,1343,1345,1347,1348,1349,1350,1352,1358,1360,1361,1363,1364,1366,1367,1368,1369,1370,1372,1375,1376,1377,1379,1381,1382,1383,1387,1389,1393,1394,1396,1398,1399,1401,1405,1406,1411,1417,1418,1421,1424,1425,1426,1431,1435,1439,1441,1462,1463,1464,1465,1466,1467,1468,1469,1470,1471,1472,1473,1474,1475,1477,1478,1484,1485,1486,1488,1489,1491,1492,1497,1499,1501,1503,1504,1506,1507,1508,1510,1512,1513,1518,1521,1523,1525,1529,1530,1533,1535,1536,1537,1541,1545,1551,1555,1557,1559,1562,1563,1564,1565,1566,1567,1569,1571,1573,1574,1575,1576,1580,1581,1584,1585,1587,1589,1594,1600,1601,1604,1605,1606,1607,1608,1609,1611,1612,1613,1614,1615,1616,1617,1618,1625,1627,1628,1630,1632,1633,1636,1637,1638,1640,1641,1642,1643,1645,1646,1647,1649,1650,1651,1652,1654,1657,1658,1659,1660,1661,1664,1666,1669,1670,1673,1674,1675,1676,1677,1678,1679,1680,1683,1684,1685,1688,1691,1692,1694,1695,1698,1700,1701,1702,1706,1707,1708,1709,1710,1711,1712,1713,1714,1715,1716,1718,1719,1720,1722,1724,1725,1726,1727,1728,1729,1730,1732,1733,1734,1735,1736,1737,1738,1739,1740,1741,1742,1743,1744,1745,1746,1747,1748,1749,1750,1751,1753,1754,1755,1756,1757,1758,1759,1764,1765,1767,1774,1775,1782,1785,1793,1796,1797,1798,1802,1803,1806,1809,1810,1811,1812,1814,1816,1817,1818,1819,1820,1821,1823,1824,1827,1831,1833,1836,1840,1841,1843,1847,1848,1849,1850,1852,1854,1855,1856,1858,1859,1862,1863,1866,1868,1871,1875,1876,1877,1878,1882,1884,1894,1904,1907,1918,1920,1921,1922,1925,1926,1928,1929,1930,1932,1934,1937,1939,1940,1941,1948,1949,1954,1955,1957,1960,1961,1962,1966,1967,1968,1969,1970,1971,1972,1973,1977,1978,1981,1983,1986,1990,1991,1999",0.48
omics_interaction,development,200,2000,10,0.005,0.7,0.5,1.5,LASSO,0,0.2564,1.0,0.4082,0.2564,0.9936,39,0.9805,,0.1065,0.2775,"0,4,20,40,51,60,80,93,100,120,140,160,167,171,179,180,218,282,320,326,337,431,756,796,931,933,940,948,955,1023,1164,1328,1364,1365,1447,1560,1568,1675,1741",3.1
omics_interaction,development,200,2000,10,0.005,0.7,0.5,1.5,LASSO,1,0.2778,1.0,0.4348,0.2778,0.9952,36,0.982,,0.101,0.2775,"0,20,24,40,41,42,60,80,83,93,100,120,131,140,160,180,214,227,248,311,358,507,510,516,629,637,638,928,996,1528,1581,1590,1639,1749,1892,1979",3.17
omics_interaction,development,200,2000,10,0.005,0.7,0.5,1.5,LASSO,2,0.2857,1.0,0.4444,0.2857,0.9904,35,0.9825,,0.1058,0.2775,"0,16,20,40,60,80,100,120,126,140,142,143,156,158,160,180,372,469,471,607,618,710,997,1389,1390,1518,1673,1675,1682,1711,1818,1846,1875,1986,1991",3.16
omics_interaction,development,200,2000,10,0.005,0.7,0.5,1.5,ElasticNet,0,0.0781,1.0,0.1449,0.0781,0.992,128,0.936,,0.0818,0.0773,"0,4,5,14,20,40,51,60,79,80,90,93,100,120,140,160,165,167,171,173,174,178,179,180,212,214,218,219,221,222,228,230,238,282,308,320,326,329,331,332,334,336,337,340,394,431,440,463,473,478,590,593,596,612,680,700,701,707,717,721,727,740,745,756,768,796,808,838,913,921,928,931,933,940,948,949,950,955,1023,1030,1032,1035,1039,1100,1164,1167,1173,1175,1188,1215,1250,1253,1258,1264,1317,1328,1364,1365,1369,1376,1381,1382,1412,1416,1429,1437,1441,1447,1485,1498,1560,1561,1562,1568,1595,1634,1675,1741,1746,1748,1752,1825,1850,1859,1893,1902,1903,1906",1.85
omics_interaction,development,200,2000,10,0.005,0.7,0.5,1.5,ElasticNet,1,0.0629,1.0,0.1183,0.0629,0.9936,159,0.9205,,0.08,0.0773,"0,3,16,17,20,21,23,24,27,30,33,40,41,42,45,52,53,60,65,75,77,80,81,82,83,85,86,88,93,97,99,100,116,120,123,130,131,140,160,180,214,218,222,223,227,235,237,246,248,253,255,280,281,284,287,290,301,303,307,311,319,321,325,332,341,356,358,367,369,466,490,497,500,507,510,513,516,584,592,627,629,637,638,649,651,681,755,769,895,921,928,968,986,993,996,1003,1008,1035,1066,1120,1127,1131,1132,1133,1137,1284,1290,1294,1303,1363,1364,1370,1390,1402,1412,1436,1470,1500,1511,1514,1523,1527,1528,1530,1555,1559,1563,1570,1580,1581,1585,1588,1590,1591,1593,1624,1628,1633,1635,1638,1639,1647,1741,1747,1749,1772,1773,1802,1826,1892,1895,1897,1902,1917,1963,1970,1973,1979,1983",1.63
omics_interaction,development,200,2000,10,0.005,0.7,0.5,1.5,ElasticNet,2,0.0775,1.0,0.1439,0.0775,0.9904,129,0.9355,,0.0813,0.0773,"0,4,12,16,18,20,40,41,56,60,63,70,74,80,92,100,120,121,126,127,133,137,140,142,143,144,156,158,160,175,180,197,278,325,350,359,362,372,373,387,388,391,404,468,469,471,475,591,607,617,618,655,656,658,686,701,705,710,741,742,755,761,773,789,827,866,910,987,988,997,1102,1126,1183,1188,1193,1217,1220,1223,1232,1240,1243,1254,1259,1340,1364,1369,1389,1390,1391,1392,1393,1395,1396,1399,1428,1491,1512,1518,1530,1536,1555,1573,1580,1587,1624,1637,1667,1672,1673,1675,1679,1682,1683,1711,1718,1804,1812,1815,1818,1844,1846,1875,1879,1980,1983,1986,1991,1993,1996",1.73
omics_interaction,development,200,2000,10,0.005,0.7,0.5,1.5,RFECV,0,0.5,1.0,0.6667,0.5,0.9824,20,0.99,,0.1707,0.4444,"0,9,17,20,29,40,60,64,74,80,83,91,93,100,120,140,160,180,333,949",14.48
omics_interaction,development,200,2000,10,0.005,0.7,0.5,1.5,RFECV,1,0.4,0.8,0.5333,0.3636,0.9952,20,0.99,,0.138,0.4444,"20,40,60,61,65,70,74,100,120,140,160,180,186,300,309,461,582,1265,1378,1959",14.54
omics_interaction,development,200,2000,10,0.005,0.7,0.5,1.5,RFECV,2,0.5,1.0,0.6667,0.5,0.9904,20,0.99,,0.129,0.4444,"0,20,26,40,60,80,97,100,120,121,140,160,180,459,549,691,1363,1424,1860,1928",13.17
omics_interaction,development,200,2000,10,0.005,0.7,0.5,1.5,RF_Importance,0,0.0182,1.0,0.0358,0.0182,0.9888,549,0.7255,,0.0715,0.0142,"0,3,8,20,26,33,39,40,46,54,57,58,60,65,75,76,77,78,79,80,84,85,87,91,99,100,105,109,117,118,120,121,128,131,132,135,136,137,140,153,156,160,161,167,168,175,179,180,181,185,188,189,190,193,196,202,203,206,208,210,213,214,217,219,221,225,237,243,245,246,249,250,254,256,265,266,272,282,285,289,291,298,308,311,317,320,322,324,326,328,332,338,340,346,351,360,362,363,366,368,369,374,376,378,380,384,388,391,393,395,397,401,406,408,411,413,415,419,420,421,423,426,427,434,440,443,449,450,455,457,459,464,466,469,470,472,473,482,484,485,488,492,499,501,502,504,507,509,512,517,519,520,521,529,535,540,541,542,547,551,556,557,562,564,568,578,579,583,591,596,597,608,609,612,614,615,618,620,622,627,628,633,640,641,646,647,648,649,660,661,663,672,675,678,679,683,693,696,697,698,700,701,707,714,715,716,718,719,720,721,723,724,725,726,727,732,733,735,736,751,752,763,766,771,785,790,795,799,800,801,805,815,818,823,830,839,841,845,846,855,856,863,869,870,871,875,880,882,891,893,901,912,915,918,930,931,933,934,935,937,943,947,949,952,953,960,970,972,973,987,989,996,1001,1004,1018,1021,1031,1032,1035,1039,1046,1058,1069,1078,1087,1093,1097,1098,1100,1109,1111,1114,1116,1121,1130,1138,1145,1148,1149,1151,1161,1163,1168,1169,1170,1171,1172,1173,1174,1178,1181,1183,1188,1189,1195,1196,1201,1203,1207,1210,1212,1213,1215,1217,1220,1227,1229,1232,1235,1237,1240,1242,1245,1247,1248,1249,1250,1254,1255,1256,1259,1262,1264,1269,1272,1274,1275,1280,1281,1285,1289,1304,1316,1318,1322,1327,1340,1342,1346,1353,1358,1361,1364,1365,1374,1375,1384,1385,1387,1389,1392,1393,1396,1402,1404,1409,1410,1413,1414,1416,1418,1419,1422,1427,1428,1433,1434,1435,1437,1438,1444,1447,1454,1457,1466,1469,1470,1472,1474,1477,1480,1482,1484,1485,1487,1488,1492,1493,1496,1497,1501,1508,1514,1517,1518,1520,1522,1523,1524,1537,1538,1544,1545,1549,1550,1557,1561,1562,1563,1564,1569,1572,1576,1577,1578,1585,1587,1593,1595,1598,1600,1607,1630,1632,1634,1638,1639,1641,1643,1644,1655,1656,1660,1661,1662,1664,1666,1667,1670,1671,1672,1675,1677,1679,1681,1683,1684,1694,1695,1696,1700,1701,1708,1710,1722,1726,1731,1733,1741,1746,1749,1758,1759,1760,1761,1762,1763,1768,1770,1774,1778,1784,1793,1794,1801,1806,1807,1808,1814,1817,1822,1825,1828,1829,1831,1832,1833,1834,1837,1842,1849,1851,1852,1866,1885,1889,1897,1903,1906,1908,1920,1921,1924,1925,1930,1931,1933,1936,1941,1952,1957,1958,1959,1967,1969,1972,1973,1975,1977,1980,1981,1983,1985,1986,1987,1988,1989,1993,1998",0.38
omics_interaction,development,200,2000,10,0.005,0.7,0.5,1.5,RF_Importance,1,0.0178,1.0,0.0349,0.0178,0.9936,563,0.7185,,0.0718,0.0142,"0,8,9,14,19,20,23,24,27,29,30,31,32,36,37,38,40,42,43,44,50,51,52,57,60,61,64,67,70,80,82,92,93,96,100,101,102,105,109,111,120,122,123,140,145,150,153,154,155,156,157,160,163,165,166,168,173,176,179,180,181,182,183,187,189,190,191,193,195,196,204,207,213,214,215,220,224,226,227,229,238,239,242,245,256,257,258,266,273,279,280,282,286,289,295,297,298,300,302,306,307,309,310,311,323,324,326,332,336,338,348,350,352,354,355,365,366,368,369,371,373,382,383,397,402,404,407,409,414,416,420,421,429,430,431,435,438,442,446,448,451,462,464,466,472,473,478,483,486,489,494,507,510,511,513,514,516,521,523,535,538,539,550,551,555,565,568,572,576,581,582,584,588,589,593,594,595,596,602,607,612,614,618,619,622,626,627,628,640,643,644,647,656,657,659,664,666,673,678,680,684,687,691,694,702,703,708,717,719,736,741,742,761,763,764,769,770,772,773,776,778,785,789,793,797,800,801,804,806,810,822,824,836,839,846,852,856,858,861,867,882,896,899,902,906,907,913,915,917,919,920,922,923,928,935,938,942,944,946,948,955,962,966,967,968,975,979,982,986,989,990,995,997,1002,1003,1006,1008,1009,1020,1023,1027,1032,1040,1045,1046,1049,1053,1055,1056,1060,1062,1064,1066,1072,1078,1080,1083,1084,1085,1086,1087,1088,1089,1091,1092,1093,1094,1099,1103,1107,1110,1120,1122,1123,1124,1125,1126,1130,1132,1133,1134,1136,1140,1143,1150,1151,1161,1162,1164,1169,1174,1175,1180,1181,1182,1193,1195,1202,1203,1213,1214,1227,1238,1244,1245,1247,1250,1252,1260,1265,1268,1273,1274,1275,1282,1283,1290,1292,1303,1304,1308,1312,1316,1320,1322,1323,1325,1326,1338,1348,1350,1351,1356,1362,1363,1364,1366,1370,1371,1378,1383,1390,1391,1396,1397,1398,1402,1403,1404,1405,1407,1412,1415,1416,1425,1426,1433,1435,1437,1442,1454,1455,1459,1464,1465,1468,1469,1470,1486,1487,1488,1490,1500,1504,1511,1514,1517,1523,1525,1526,1527,1530,1532,1533,1535,1536,1538,1551,1553,1556,1563,1570,1571,1572,1575,1576,1581,1584,1591,1595,1599,1603,1606,1607,1610,1615,1617,1621,1622,1623,1624,1627,1628,1629,1630,1633,1634,1637,1638,1639,1640,1643,1644,1650,1651,1652,1653,1655,1661,1662,1672,1677,1679,1683,1694,1698,1699,1701,1708,1711,1712,1714,1717,1719,1723,1724,1727,1732,1738,1747,1750,1753,1759,1760,1763,1767,1768,1778,1785,1789,1790,1791,1792,1809,1815,1819,1820,1821,1826,1827,1830,1832,1843,1849,1851,1852,1866,1872,1879,1881,1884,1885,1888,1890,1892,1894,1895,1897,1901,1902,1903,1904,1907,1908,1909,1912,1913,1914,1916,1917,1918,1919,1922,1923,1926,1927,1928,1936,1937,1949,1953,1954,1956,1962,1969,1971,1973,1974,1984,1986,1995,1997,1998",0.39
omics_interaction,development,200,2000,10,0.005,0.7,0.5,1.5,RF_Importance,2,0.0181,1.0,0.0357,0.0181,0.9888,551,0.7245,,0.0719,0.0142,"0,3,12,16,18,20,21,22,24,25,27,30,31,36,37,38,39,40,43,53,56,60,63,66,67,68,74,76,78,80,81,82,84,86,87,88,90,91,94,100,117,120,127,133,136,140,142,148,152,153,157,159,160,161,164,166,168,169,173,174,175,176,177,178,180,183,191,194,200,204,207,209,217,219,227,228,233,238,239,250,251,258,264,266,267,272,294,295,304,306,310,315,317,319,320,321,322,324,326,327,339,349,355,362,372,373,378,379,387,388,390,395,396,398,399,400,407,408,409,413,414,420,421,436,438,444,445,447,449,451,452,457,458,469,470,471,473,479,481,485,487,489,493,496,499,500,502,503,507,508,509,512,519,522,525,529,545,550,551,552,553,554,556,558,559,566,568,574,581,591,593,594,595,597,600,604,607,609,617,624,627,637,645,655,656,657,659,666,677,681,687,688,698,699,705,706,707,708,711,713,714,715,717,718,729,739,742,746,753,761,765,766,770,772,773,775,777,785,789,790,793,799,800,802,803,808,825,827,834,837,844,852,862,865,866,868,874,879,886,891,894,902,917,921,926,937,938,939,941,944,949,962,963,964,966,967,969,973,974,976,982,983,985,986,988,990,995,996,997,1001,1004,1005,1007,1011,1014,1016,1017,1022,1026,1029,1030,1038,1039,1041,1042,1047,1054,1058,1062,1071,1076,1081,1083,1087,1091,1094,1101,1103,1106,1107,1111,1117,1121,1122,1132,1135,1137,1142,1144,1149,1155,1161,1168,1169,1170,1177,1182,1185,1186,1188,1189,1191,1192,1193,1194,1196,1198,1199,1200,1208,1209,1215,1231,1236,1240,1243,1246,1248,1249,1250,1251,1254,1257,1259,1260,1262,1263,1264,1269,1271,1274,1275,1282,1288,1292,1304,1305,1309,1310,1311,1315,1316,1319,1320,1321,1331,1332,1333,1335,1336,1338,1340,1352,1353,1357,1359,1362,1364,1368,1370,1371,1376,1377,1379,1381,1385,1389,1391,1393,1399,1403,1410,1415,1417,1420,1422,1425,1428,1429,1433,1434,1437,1440,1445,1452,1454,1456,1458,1469,1481,1487,1492,1495,1503,1510,1512,1516,1517,1518,1519,1525,1527,1528,1529,1530,1533,1535,1536,1539,1545,1547,1551,1553,1563,1566,1567,1569,1571,1573,1580,1586,1588,1590,1598,1603,1605,1607,1611,1614,1615,1618,1621,1622,1624,1626,1633,1646,1652,1655,1657,1659,1665,1669,1672,1677,1679,1682,1683,1688,1693,1696,1703,1706,1708,1710,1713,1717,1726,1727,1732,1736,1742,1745,1748,1749,1758,1762,1763,1765,1766,1768,1769,1770,1771,1776,1777,1783,1787,1789,1793,1803,1805,1809,1811,1812,1816,1818,1823,1826,1830,1836,1845,1853,1856,1861,1865,1867,1870,1872,1875,1885,1886,1895,1898,1904,1906,1911,1917,1923,1930,1933,1934,1936,1941,1942,1951,1952,1955,1960,1962,1964,1966,1975,1978,1980,1982,1987,1991,1992,1996,1998",0.36
omics_interaction,development,200,2000,10,0.005,0.7,0.5,1.5,PermImportance,0,1.0,0.2,0.3333,0.2,0.9496,2,0.999,,0.4523,-0.0007,"100,140",20.79
omics_interaction,development,200,2000,10,0.005,0.7,0.5,1.5,PermImportance,1,1.0,0.1,0.1818,0.1,0.8432,1,0.9995,,0.0,-0.0007,60,19.91
omics_interaction,development,200,2000,10,0.005,0.7,0.5,1.5,PermImportance,2,1.0,0.1,0.1818,0.1,0.8152,1,0.9995,,0.0,-0.0007,20,19.65
omics_interaction,development,200,2000,10,0.005,0.7,0.5,1.5,SHAP,0,0.5556,1.0,0.7143,0.5556,0.9824,18,0.991,,0.1798,0.4261,"0,9,17,20,29,40,60,64,74,80,93,100,120,140,160,180,333,949",0.52
omics_interaction,development,200,2000,10,0.005,0.7,0.5,1.5,SHAP,1,0.2941,1.0,0.4545,0.2941,0.9936,34,0.983,,0.1003,0.4261,"0,10,20,40,58,60,61,65,70,74,80,100,111,120,140,142,160,180,186,198,300,309,461,513,582,651,864,1230,1257,1265,1378,1407,1631,1959",0.6
omics_interaction,development,200,2000,10,0.005,0.7,0.5,1.5,SHAP,2,0.4762,1.0,0.6452,0.4762,0.9904,21,0.9895,,0.1228,0.4261,"0,20,26,40,60,80,97,100,120,121,140,160,180,459,549,691,1363,1424,1690,1860,1928",0.52
omics_interaction,development,200,2000,10,0.005,0.7,0.5,1.5,SO_S1->2,0,1.0,1.0,1.0,1.0,0.9904,10,0.995,,0.3486,0.9647,"0,20,40,60,80,100,120,140,160,180",64.1
omics_interaction,development,200,2000,10,0.005,0.7,0.5,1.5,SelectOmics,0,1.0,1.0,1.0,1.0,0.9904,10,0.995,step3,0.3486,0.9647,"0,20,40,60,80,100,120,140,160,180",65.47
omics_interaction,development,200,2000,10,0.005,0.7,0.5,1.5,SO_S1->2,1,1.0,0.9,0.9474,0.9,0.9936,9,0.9955,,0.3219,0.9647,"0,20,60,80,100,120,140,160,180",88.56
omics_interaction,development,200,2000,10,0.005,0.7,0.5,1.5,SelectOmics,1,1.0,0.9,0.9474,0.9,0.9936,9,0.9955,step3,0.3219,0.9647,"0,20,60,80,100,120,140,160,180",89.81
omics_interaction,development,200,2000,10,0.005,0.7,0.5,1.5,SO_S1->2,2,1.0,1.0,1.0,1.0,0.9904,10,0.995,,0.3355,0.9647,"0,20,40,60,80,100,120,140,160,180",80.96
omics_interaction,development,200,2000,10,0.005,0.7,0.5,1.5,SelectOmics,2,1.0,1.0,1.0,1.0,0.9904,10,0.995,step3,0.3355,0.9647,"0,20,40,60,80,100,120,140,160,180",81.41
omics_multiclass,development,200,2000,12,0.006,0.7,0.5,1.2,VarCorr_Baseline,0,0.008,0.6667,0.0158,0.008,0.9615,1000,0.5,,0.0716,0.0013,"0,1,3,4,5,6,10,12,13,15,16,19,25,26,31,40,45,46,47,48,53,57,59,60,61,65,66,67,75,76,78,81,82,85,87,89,91,93,96,98,100,103,111,113,114,119,120,121,123,124,125,127,129,130,131,132,134,135,136,137,139,140,141,142,145,146,147,148,149,151,152,153,154,156,157,158,159,172,180,181,184,185,188,193,195,196,201,203,205,206,210,213,216,217,218,219,220,221,223,224,227,228,230,232,235,237,238,241,242,243,257,259,261,262,263,265,266,268,269,272,274,277,278,280,281,287,291,293,296,297,300,306,309,311,312,315,316,317,318,320,321,322,323,324,325,327,328,331,332,334,336,337,338,339,343,344,345,352,359,360,362,364,366,367,368,369,373,374,375,376,379,380,381,382,383,384,386,387,388,392,393,394,395,396,397,398,400,401,402,403,404,405,408,409,410,411,413,414,415,416,418,419,420,421,424,426,432,433,435,439,440,443,445,448,451,454,456,457,458,459,461,462,466,467,468,469,471,475,476,479,486,487,489,492,494,497,499,501,502,510,523,537,546,552,555,556,561,563,564,565,566,568,569,571,572,573,574,577,581,582,584,585,589,592,593,594,596,598,601,602,603,604,606,608,609,612,613,615,616,617,618,620,621,623,624,625,626,627,629,631,632,633,634,635,638,639,640,641,643,645,646,647,648,649,650,652,654,655,656,657,658,659,660,662,664,665,666,667,669,670,671,673,674,675,676,677,678,681,682,685,686,692,693,698,700,702,703,704,707,708,711,712,713,714,715,717,718,720,721,722,723,727,728,729,730,731,732,733,734,735,736,738,739,740,741,743,744,745,746,748,750,751,752,755,762,764,765,768,769,771,772,773,774,778,779,781,784,785,786,787,788,789,791,792,794,795,796,798,799,801,806,809,812,814,815,817,821,822,823,825,826,828,833,834,836,837,839,840,841,845,846,847,848,858,859,860,862,863,865,866,869,870,871,873,874,875,878,879,883,885,887,888,893,895,896,897,899,901,903,904,908,910,911,913,914,915,916,917,919,923,925,926,927,928,929,931,936,939,942,945,948,950,954,956,957,961,962,967,970,972,974,981,984,986,989,994,1000,1001,1003,1004,1007,1008,1009,1011,1013,1014,1017,1018,1020,1021,1022,1023,1024,1027,1028,1030,1031,1032,1037,1043,1044,1045,1048,1050,1053,1057,1058,1059,1061,1065,1067,1072,1081,1084,1090,1092,1093,1098,1100,1120,1121,1123,1124,1128,1131,1132,1133,1135,1136,1137,1138,1140,1143,1144,1145,1146,1148,1149,1150,1152,1154,1155,1159,1161,1162,1164,1165,1167,1168,1169,1170,1172,1173,1177,1178,1180,1182,1183,1184,1187,1188,1189,1190,1191,1193,1196,1197,1198,1202,1206,1207,1209,1213,1215,1217,1219,1220,1221,1222,1223,1224,1225,1227,1228,1229,1231,1232,1233,1234,1235,1236,1237,1246,1248,1249,1251,1253,1254,1255,1259,1260,1266,1267,1268,1269,1270,1272,1277,1279,1280,1282,1284,1285,1287,1289,1291,1292,1294,1295,1297,1298,1299,1301,1302,1304,1307,1309,1310,1311,1312,1315,1316,1317,1318,1320,1324,1325,1327,1328,1329,1330,1331,1332,1333,1335,1337,1338,1339,1341,1343,1344,1349,1350,1352,1353,1357,1359,1360,1364,1366,1369,1372,1373,1374,1375,1376,1377,1378,1379,1381,1386,1388,1396,1401,1402,1409,1410,1415,1416,1420,1421,1422,1424,1425,1426,1428,1430,1431,1433,1434,1435,1436,1438,1440,1442,1443,1444,1445,1447,1449,1454,1455,1456,1457,1458,1459,1460,1461,1462,1463,1464,1466,1467,1469,1470,1471,1472,1473,1474,1475,1477,1480,1481,1482,1485,1489,1490,1492,1493,1496,1497,1498,1503,1505,1506,1507,1508,1509,1510,1512,1513,1516,1517,1518,1519,1521,1522,1524,1525,1526,1527,1528,1531,1532,1533,1535,1536,1537,1538,1539,1552,1553,1557,1558,1559,1560,1561,1563,1565,1566,1567,1570,1571,1573,1574,1577,1578,1580,1583,1584,1586,1588,1589,1591,1592,1594,1595,1597,1598,1599,1601,1604,1609,1612,1615,1623,1624,1630,1632,1633,1635,1637,1651,1653,1658,1662,1663,1664,1665,1666,1667,1668,1670,1671,1672,1676,1677,1678,1681,1683,1685,1686,1687,1689,1692,1693,1694,1695,1696,1699,1700,1703,1704,1705,1708,1709,1710,1713,1714,1715,1719,1725,1726,1727,1728,1729,1730,1731,1732,1735,1738,1739,1741,1742,1744,1747,1748,1749,1751,1752,1753,1755,1756,1757,1758,1760,1761,1762,1764,1767,1768,1769,1770,1771,1773,1774,1776,1778,1779,1780,1781,1784,1785,1786,1788,1792,1795,1797,1799,1801,1802,1805,1807,1808,1809,1810,1814,1815,1816,1819,1821,1822,1823,1825,1827,1828,1829,1830,1832,1837,1839,1842,1844,1850,1851,1852,1853,1859,1861,1863,1869,1870,1871,1874,1876,1880,1883,1885,1887,1889,1890,1891,1892,1894,1896,1900,1901,1902,1903,1905,1907,1908,1910,1911,1916,1921,1922,1923,1924,1925,1927,1929,1930,1931,1932,1934,1936,1942,1944,1945,1947,1948,1949,1950,1954,1956,1960,1964,1966,1968,1969,1970,1975,1976,1977,1978,1980,1981,1983,1984,1986,1989,1990,1992,1994,1995,1996,1997,1998,1999",1.59
omics_multiclass,development,200,2000,12,0.006,0.7,0.5,1.2,VarCorr_Baseline,1,0.004,0.3333,0.0079,0.004,0.8023,1000,0.5,,0.0726,0.0013,"0,3,5,9,11,13,17,19,20,21,22,24,25,27,29,31,32,35,36,37,38,39,44,45,46,48,49,55,56,57,58,62,64,66,67,68,69,70,72,74,76,78,79,80,82,83,85,87,88,91,95,96,97,99,101,103,104,105,106,107,109,110,111,112,113,114,117,118,122,123,127,129,131,134,135,138,139,141,142,143,144,146,149,150,151,152,153,154,156,157,158,159,165,169,170,171,172,174,175,177,178,180,183,184,186,193,194,195,196,198,201,205,208,209,221,224,226,227,230,237,239,240,241,242,244,246,248,249,250,251,253,254,255,256,257,258,259,265,268,274,276,277,279,281,282,288,289,292,294,296,299,306,309,313,314,317,323,324,328,330,332,335,336,340,341,342,343,344,345,347,348,349,350,351,352,353,355,356,357,358,359,360,361,363,364,365,366,367,368,370,371,372,373,374,375,376,379,387,391,397,406,408,420,422,427,429,431,432,433,434,435,437,438,440,441,443,445,449,452,453,456,459,466,472,480,481,485,487,489,490,492,493,494,496,497,499,501,502,503,507,509,510,511,514,516,518,520,523,524,525,527,528,529,530,531,532,533,534,536,537,538,539,541,543,544,545,549,550,555,559,560,561,562,563,566,567,568,569,571,573,575,576,577,580,581,582,583,584,585,586,587,589,591,592,593,594,595,596,597,598,599,601,602,603,605,607,608,611,613,614,615,617,619,621,622,623,627,628,630,632,633,634,635,636,639,640,645,648,655,658,662,663,666,667,669,670,672,674,675,676,680,684,687,689,693,694,695,697,701,703,708,711,717,718,719,721,722,723,724,725,727,728,729,730,731,733,734,737,738,739,741,744,745,746,748,750,751,754,755,757,759,760,761,763,764,765,766,767,771,773,774,775,776,777,783,784,785,786,787,788,791,793,795,796,799,801,802,805,807,808,812,813,814,816,819,820,825,826,827,830,831,834,836,838,839,840,842,846,847,851,854,855,856,857,858,863,864,865,868,871,873,874,875,877,878,879,880,881,882,884,886,890,891,892,894,898,899,907,909,918,923,924,926,927,928,930,931,933,936,938,941,950,953,954,956,960,963,965,968,969,973,975,978,983,985,990,991,992,993,994,998,1000,1004,1005,1007,1010,1012,1013,1018,1021,1022,1023,1024,1026,1027,1028,1033,1035,1036,1038,1041,1043,1044,1045,1048,1049,1050,1052,1053,1055,1056,1058,1059,1060,1063,1065,1066,1068,1072,1075,1078,1081,1082,1093,1095,1096,1098,1099,1101,1103,1104,1107,1108,1110,1112,1114,1118,1119,1121,1123,1124,1129,1131,1133,1139,1142,1146,1152,1154,1156,1160,1161,1163,1165,1166,1171,1173,1174,1177,1179,1181,1183,1185,1187,1188,1189,1190,1193,1194,1198,1199,1200,1202,1203,1205,1214,1216,1217,1219,1220,1222,1224,1226,1228,1229,1231,1232,1234,1235,1236,1237,1239,1242,1246,1248,1253,1255,1256,1259,1260,1262,1266,1269,1278,1279,1281,1282,1283,1284,1286,1287,1289,1290,1292,1295,1300,1301,1302,1304,1305,1306,1310,1311,1312,1313,1314,1315,1317,1319,1321,1322,1324,1328,1329,1331,1333,1334,1335,1340,1341,1342,1343,1344,1345,1347,1349,1352,1353,1355,1358,1359,1360,1362,1364,1366,1367,1369,1370,1372,1373,1375,1377,1378,1379,1380,1383,1385,1386,1388,1389,1391,1392,1394,1395,1396,1401,1405,1406,1407,1408,1409,1410,1411,1412,1413,1414,1415,1416,1419,1421,1423,1425,1426,1427,1431,1433,1434,1435,1436,1443,1445,1449,1451,1457,1458,1460,1462,1464,1473,1478,1481,1482,1483,1484,1485,1487,1488,1489,1490,1491,1493,1494,1495,1496,1497,1499,1501,1502,1504,1505,1506,1509,1511,1512,1513,1515,1517,1518,1529,1531,1540,1542,1544,1545,1546,1547,1548,1550,1551,1552,1553,1554,1555,1556,1558,1559,1561,1568,1582,1584,1586,1587,1590,1591,1592,1597,1598,1599,1602,1603,1604,1611,1614,1619,1621,1623,1627,1628,1629,1630,1631,1632,1633,1635,1636,1637,1638,1640,1643,1644,1646,1648,1651,1652,1655,1656,1658,1661,1667,1671,1672,1681,1682,1687,1690,1694,1696,1698,1699,1700,1701,1706,1708,1711,1712,1714,1715,1716,1718,1719,1720,1722,1724,1725,1727,1728,1730,1731,1733,1734,1735,1737,1739,1741,1742,1743,1745,1746,1747,1748,1754,1756,1759,1760,1762,1763,1764,1765,1766,1767,1768,1769,1772,1773,1774,1775,1777,1778,1779,1780,1782,1784,1787,1791,1793,1796,1798,1801,1802,1805,1806,1808,1815,1816,1820,1822,1823,1825,1827,1828,1829,1830,1831,1832,1835,1839,1841,1842,1843,1846,1848,1849,1850,1851,1852,1855,1857,1861,1863,1865,1866,1874,1876,1877,1878,1880,1882,1884,1885,1887,1888,1889,1890,1891,1892,1893,1894,1895,1897,1899,1901,1902,1903,1904,1905,1906,1909,1910,1911,1913,1914,1919,1920,1921,1922,1924,1926,1928,1929,1930,1934,1935,1938,1939,1940,1941,1942,1943,1946,1949,1950,1951,1952,1953,1954,1955,1956,1957,1958,1959,1961,1962,1963,1964,1965,1969,1970,1971,1972,1973,1974,1975,1977,1978,1979,1982,1983,1984,1985,1986,1987,1988,1990,1991,1992,1993,1994,1996,1997,1999",1.82
omics_multiclass,development,200,2000,12,0.006,0.7,0.5,1.2,VarCorr_Baseline,2,0.009,0.75,0.0178,0.009,0.9729,1000,0.5,,0.0721,0.0013,"1,2,3,4,5,6,7,9,11,14,15,16,17,18,19,20,21,22,24,25,28,31,34,37,40,42,45,46,49,50,51,52,54,56,57,60,61,64,65,66,69,70,74,75,76,78,79,80,85,87,88,89,90,91,93,95,98,101,110,114,115,119,120,122,123,129,131,132,134,135,136,137,138,139,140,142,143,145,148,149,155,157,158,161,164,166,168,171,172,177,179,180,181,184,186,188,189,190,191,192,193,195,196,198,199,200,202,205,210,211,214,218,220,221,223,224,230,231,233,234,235,237,238,239,241,247,255,259,267,270,271,276,277,279,280,281,282,283,284,290,291,293,296,297,298,300,301,302,303,305,307,309,311,315,316,318,323,325,328,329,330,331,332,338,339,340,341,342,343,344,348,349,350,351,352,353,354,355,357,358,359,367,370,371,373,376,378,380,382,383,385,388,390,391,394,396,399,400,401,402,403,405,406,415,418,423,425,426,430,432,434,439,440,443,445,452,455,458,459,460,461,462,463,465,471,472,473,478,481,482,485,487,488,490,491,493,494,497,500,501,502,504,506,507,508,509,511,512,513,514,515,516,517,519,520,521,522,523,524,527,528,529,530,531,533,537,538,540,541,542,543,545,547,549,551,553,554,555,559,562,565,566,567,568,569,573,574,575,578,581,582,583,586,587,588,589,590,591,592,593,594,596,597,598,599,600,601,603,605,606,607,608,609,610,611,612,616,618,619,620,622,628,631,632,635,638,640,644,649,650,656,659,664,665,666,676,688,689,690,694,695,700,703,704,705,706,707,708,709,711,712,713,716,718,722,724,728,730,735,736,738,739,740,741,742,743,744,745,747,749,751,752,753,754,755,756,757,758,759,760,761,766,769,776,780,781,782,784,785,786,787,790,791,792,793,794,795,796,797,798,799,801,802,803,804,805,807,809,810,811,812,815,816,817,818,819,820,822,824,825,826,827,829,830,832,833,834,837,838,839,841,844,847,849,850,853,854,855,857,859,860,863,866,868,869,871,873,874,875,876,877,879,880,882,883,884,885,886,887,888,891,893,894,895,897,899,900,901,903,906,907,908,910,914,915,916,917,919,922,925,929,932,933,935,936,938,939,942,944,946,947,948,949,950,951,952,953,954,955,956,957,960,962,963,964,967,968,969,970,971,972,973,974,975,976,977,978,979,983,985,994,1000,1003,1004,1006,1007,1008,1010,1013,1014,1016,1017,1018,1020,1025,1032,1036,1037,1039,1041,1046,1048,1054,1055,1056,1059,1061,1064,1065,1066,1067,1070,1072,1073,1074,1075,1076,1077,1080,1088,1089,1090,1091,1092,1095,1097,1098,1101,1104,1105,1108,1109,1111,1112,1113,1115,1116,1119,1120,1121,1124,1125,1126,1128,1129,1132,1133,1135,1136,1137,1138,1139,1140,1144,1146,1148,1150,1152,1157,1158,1159,1162,1169,1183,1185,1186,1187,1188,1189,1191,1193,1194,1195,1196,1197,1198,1200,1202,1203,1204,1206,1207,1208,1209,1210,1211,1214,1215,1217,1218,1222,1225,1231,1233,1235,1238,1239,1240,1241,1242,1244,1245,1246,1248,1250,1251,1252,1253,1254,1257,1259,1260,1263,1264,1265,1266,1271,1273,1274,1275,1277,1278,1279,1280,1281,1282,1283,1284,1285,1286,1287,1289,1290,1291,1293,1295,1296,1297,1298,1302,1307,1310,1311,1312,1316,1317,1318,1320,1321,1325,1328,1335,1336,1338,1340,1341,1342,1345,1346,1347,1352,1355,1356,1359,1360,1370,1373,1375,1381,1388,1389,1392,1393,1395,1396,1397,1400,1402,1404,1405,1406,1410,1411,1414,1417,1418,1421,1425,1429,1438,1439,1442,1443,1446,1450,1452,1457,1458,1459,1461,1462,1463,1466,1467,1468,1469,1471,1473,1474,1475,1476,1478,1479,1481,1482,1483,1484,1485,1487,1488,1491,1492,1493,1494,1495,1496,1497,1498,1499,1501,1503,1506,1509,1510,1516,1517,1519,1522,1523,1526,1528,1529,1531,1534,1536,1538,1547,1555,1556,1557,1562,1564,1565,1566,1568,1569,1570,1572,1573,1575,1577,1578,1579,1580,1581,1587,1589,1591,1593,1594,1597,1598,1599,1600,1603,1608,1609,1612,1613,1614,1615,1617,1619,1620,1622,1624,1625,1628,1629,1630,1631,1632,1634,1635,1636,1637,1642,1643,1644,1645,1647,1648,1650,1652,1654,1656,1660,1661,1662,1663,1664,1666,1668,1669,1670,1671,1672,1673,1674,1676,1677,1678,1679,1681,1683,1684,1685,1689,1692,1693,1694,1697,1699,1702,1704,1707,1714,1715,1717,1724,1725,1727,1734,1736,1737,1738,1739,1743,1744,1747,1748,1753,1755,1757,1759,1760,1762,1763,1764,1765,1768,1769,1772,1773,1777,1778,1780,1782,1783,1785,1786,1789,1790,1795,1799,1801,1802,1804,1815,1816,1817,1821,1825,1836,1843,1844,1845,1846,1848,1849,1852,1853,1857,1868,1870,1875,1877,1879,1880,1881,1882,1883,1885,1886,1887,1888,1889,1890,1891,1892,1897,1899,1902,1903,1905,1906,1907,1908,1912,1914,1916,1917,1920,1922,1925,1926,1927,1928,1929,1931,1932,1934,1936,1937,1938,1940,1943,1949,1953,1958,1959,1962,1964,1968,1969,1974,1975,1976,1977,1978,1981,1983,1985,1986,1987,1988,1989,1994,1995,1999",1.47
omics_multiclass,development,200,2000,12,0.006,0.7,0.5,1.2,LASSO,0,0.2105,1.0,0.3478,0.2105,0.9775,57,0.9715,,0.0952,0.3054,"0,5,12,13,16,19,20,31,39,40,60,68,80,85,89,91,96,100,113,120,127,129,134,137,140,142,157,159,160,175,180,181,198,200,217,220,359,456,517,603,702,764,833,841,1233,1242,1247,1256,1444,1457,1609,1900,1902,1907,1960,1966,1995",8.41
omics_multiclass,development,200,2000,12,0.006,0.7,0.5,1.2,LASSO,1,0.2553,1.0,0.4068,0.2553,0.983,47,0.9765,,0.0945,0.3054,"0,7,10,20,21,29,40,50,56,57,60,80,88,100,120,124,126,127,140,160,175,180,193,194,195,200,220,221,227,233,237,276,419,473,615,716,865,1078,1148,1389,1390,1394,1590,1692,1696,1762,1910",8.31
omics_multiclass,development,200,2000,12,0.006,0.7,0.5,1.2,LASSO,2,0.2069,1.0,0.3429,0.2069,0.9723,58,0.971,,0.0895,0.3054,"0,4,5,17,19,20,24,28,39,40,60,64,71,76,80,85,88,89,91,100,119,120,133,137,140,142,155,159,160,177,180,192,197,200,211,214,220,233,237,239,362,367,425,463,938,1036,1152,1196,1242,1246,1247,1397,1497,1650,1669,1761,1843,1960",8.08
omics_multiclass,development,200,2000,12,0.006,0.7,0.5,1.2,ElasticNet,0,0.0408,1.0,0.0784,0.0408,0.9889,294,0.853,,0.0752,0.0751,"0,5,12,13,16,19,20,21,30,31,34,39,40,45,52,54,60,68,80,82,85,87,89,91,96,100,102,104,113,120,123,127,128,129,134,135,138,140,142,145,148,150,155,159,160,163,168,170,175,180,181,182,184,186,198,199,200,206,208,210,214,215,217,220,235,253,274,277,288,292,309,318,324,325,332,343,345,356,359,387,392,394,395,396,397,403,410,411,416,445,452,456,458,460,471,498,500,501,510,513,517,540,546,553,601,603,606,610,612,613,616,629,632,641,656,657,685,700,702,720,724,729,730,733,735,736,737,739,743,744,750,764,833,839,840,841,847,853,876,879,899,909,915,942,948,985,999,1009,1022,1034,1050,1053,1081,1083,1087,1095,1100,1136,1161,1164,1169,1178,1188,1194,1198,1207,1219,1221,1225,1233,1241,1242,1244,1245,1246,1247,1255,1256,1259,1260,1267,1270,1287,1290,1294,1298,1303,1325,1327,1328,1330,1331,1335,1336,1337,1341,1358,1359,1362,1369,1373,1377,1379,1384,1405,1415,1422,1444,1447,1449,1450,1452,1454,1456,1457,1458,1459,1470,1477,1516,1520,1524,1536,1556,1557,1563,1565,1588,1602,1609,1615,1617,1662,1665,1668,1677,1678,1691,1693,1703,1710,1740,1741,1749,1750,1755,1756,1758,1768,1773,1774,1782,1792,1801,1820,1822,1824,1828,1829,1830,1837,1842,1852,1861,1874,1885,1900,1901,1902,1903,1905,1907,1910,1912,1916,1917,1929,1945,1960,1962,1966,1971,1972,1974,1976,1978,1983,1989,1990,1993,1995,1996,1997,1999",6.22
omics_multiclass,development,200,2000,12,0.006,0.7,0.5,1.2,ElasticNet,1,0.0408,1.0,0.0784,0.0408,0.9743,294,0.853,,0.0746,0.0751,"0,7,8,10,15,20,21,24,29,35,40,49,50,54,55,56,57,60,67,80,82,88,96,97,100,101,110,115,119,120,124,126,127,140,141,145,151,152,153,156,159,160,180,181,189,193,194,195,196,200,214,220,221,223,224,227,229,231,233,234,237,276,277,278,304,306,313,320,324,325,343,353,364,368,369,402,403,410,411,414,418,419,432,434,455,461,463,469,471,473,492,510,514,551,565,567,569,577,597,602,606,607,615,621,622,626,629,641,648,653,658,670,675,679,690,696,703,711,713,716,767,778,789,819,822,826,830,833,834,836,843,851,858,860,861,863,865,866,876,878,879,882,888,896,897,905,906,907,912,916,931,946,947,948,950,986,998,1002,1008,1010,1046,1050,1058,1069,1074,1078,1082,1093,1100,1102,1103,1107,1109,1118,1140,1143,1148,1152,1157,1176,1177,1183,1200,1203,1207,1216,1219,1245,1253,1260,1266,1281,1287,1296,1301,1306,1322,1324,1329,1343,1369,1371,1377,1384,1389,1390,1392,1394,1395,1398,1405,1412,1416,1440,1443,1462,1475,1477,1480,1481,1482,1490,1496,1499,1501,1502,1512,1544,1545,1552,1559,1568,1578,1579,1581,1584,1589,1590,1591,1593,1594,1597,1598,1599,1607,1615,1627,1633,1669,1675,1678,1679,1680,1690,1692,1696,1697,1700,1701,1704,1705,1715,1720,1745,1748,1753,1759,1760,1761,1762,1763,1773,1802,1806,1828,1831,1861,1869,1871,1878,1902,1905,1908,1910,1913,1915,1936,1947,1954,1964,1978,1982,1984,1998",6.54
omics_multiclass,development,200,2000,12,0.006,0.7,0.5,1.2,ElasticNet,2,0.0421,1.0,0.0808,0.0421,0.957,285,0.8575,,0.0745,0.0751,"0,4,5,16,17,19,20,21,24,39,40,41,60,61,64,67,71,76,80,81,84,85,87,88,89,91,100,110,119,120,128,140,142,143,146,155,159,160,169,170,171,174,175,177,180,182,192,193,195,196,197,200,209,211,214,220,221,223,229,231,233,234,237,239,246,247,260,261,266,310,336,362,367,371,373,377,394,406,418,420,421,425,427,430,434,439,443,460,461,463,465,473,474,505,511,512,515,517,519,527,535,542,549,552,553,554,559,562,574,601,607,627,636,639,641,644,712,742,749,768,776,790,792,797,805,809,810,829,834,838,847,860,861,862,863,866,888,902,903,906,926,930,934,936,938,939,941,948,962,994,998,1006,1009,1023,1024,1025,1028,1030,1032,1036,1045,1049,1065,1067,1073,1095,1115,1117,1139,1142,1143,1145,1146,1152,1156,1169,1182,1186,1189,1193,1194,1196,1197,1201,1202,1203,1208,1209,1218,1242,1243,1245,1246,1247,1248,1283,1285,1286,1288,1300,1305,1308,1310,1316,1319,1334,1336,1345,1361,1381,1388,1396,1397,1402,1437,1479,1481,1487,1493,1496,1497,1498,1522,1571,1601,1610,1612,1613,1615,1624,1627,1647,1650,1657,1669,1672,1673,1674,1684,1691,1693,1740,1741,1758,1760,1761,1762,1763,1765,1768,1773,1777,1782,1794,1795,1805,1806,1807,1817,1831,1842,1843,1849,1852,1854,1856,1857,1858,1860,1863,1868,1870,1883,1901,1906,1910,1916,1920,1926,1931,1960,1964,1968,1973,1985",5.57
omics_multiclass,development,200,2000,12,0.006,0.7,0.5,1.2,RFECV,0,0.1,0.8333,0.1786,0.098,0.9705,100,0.95,,0.0772,0.1298,"0,5,8,16,19,20,21,22,24,28,32,35,39,40,46,47,50,52,60,65,68,80,89,91,95,99,100,109,117,120,135,148,160,192,200,206,216,220,227,231,232,242,260,300,341,414,434,454,484,509,514,610,644,647,658,666,669,685,692,718,755,770,846,858,872,950,976,987,1022,1023,1071,1135,1233,1241,1255,1256,1293,1307,1311,1345,1405,1418,1440,1446,1456,1459,1501,1662,1689,1740,1782,1799,1806,1847,1902,1921,1925,1926,1942,1977",69.22
omics_multiclass,development,200,2000,12,0.006,0.7,0.5,1.2,RFECV,1,0.11,0.9167,0.1964,0.1089,0.9774,100,0.95,,0.0795,0.1298,"0,1,3,6,16,20,21,22,26,28,29,40,49,50,51,54,60,80,92,97,100,105,115,120,122,125,126,128,135,137,143,160,169,179,180,185,200,217,220,223,233,240,266,306,369,372,422,424,512,577,643,664,675,683,689,716,748,799,833,849,878,881,883,890,896,903,926,978,1053,1134,1160,1174,1181,1215,1288,1328,1361,1375,1380,1387,1402,1411,1419,1434,1460,1520,1583,1587,1594,1617,1653,1686,1688,1690,1793,1832,1879,1947,1954,1955",67.62
omics_multiclass,development,200,2000,12,0.006,0.7,0.5,1.2,RFECV,2,0.11,0.9167,0.1964,0.1089,0.9683,100,0.95,,0.079,0.1298,"0,2,3,4,10,20,21,24,32,38,40,41,42,44,47,53,60,64,65,68,75,80,81,82,94,100,101,103,106,112,115,120,137,140,142,146,147,159,160,161,164,169,171,172,196,200,207,220,221,228,239,246,248,274,326,336,363,474,569,609,755,758,767,780,800,863,905,926,939,963,1036,1107,1128,1139,1149,1154,1188,1218,1232,1258,1274,1300,1305,1320,1353,1379,1418,1423,1457,1458,1487,1497,1498,1522,1613,1629,1662,1740,1753,1973",66.94
omics_multiclass,development,200,2000,12,0.006,0.7,0.5,1.2,RF_Importance,0,0.016,1.0,0.0315,0.016,0.9893,751,0.6245,,0.0715,0.0082,"0,1,2,5,8,10,11,12,14,19,20,21,22,24,25,30,33,35,37,38,39,40,41,46,49,55,57,59,60,62,64,68,79,80,81,83,86,91,93,94,99,100,101,104,106,114,120,121,128,136,137,138,140,142,147,148,151,154,155,158,160,175,177,180,181,184,185,187,188,190,191,192,194,195,196,198,200,202,205,207,208,210,215,217,220,222,228,229,231,236,238,240,248,249,252,257,258,260,262,268,270,271,274,275,279,288,290,291,294,302,305,306,309,311,313,314,318,320,323,324,325,326,327,328,332,337,339,340,344,345,346,352,355,357,359,361,368,381,382,384,386,389,390,391,395,397,398,401,406,411,412,416,417,423,424,429,437,440,445,446,449,455,456,460,461,464,467,470,471,474,476,482,484,488,489,490,493,495,500,507,508,509,510,513,514,516,517,518,524,525,526,527,529,531,534,535,538,539,540,542,545,548,550,551,555,557,559,560,567,571,573,577,578,581,582,583,584,585,592,593,594,595,600,601,603,604,606,607,608,610,612,613,614,616,617,618,619,620,622,624,625,628,629,630,634,637,643,645,647,649,655,656,658,662,664,670,673,675,677,678,679,680,685,686,689,690,694,698,703,707,708,709,717,718,719,720,722,724,725,726,730,732,734,735,741,749,750,753,755,757,758,760,764,765,766,769,776,777,778,781,782,783,787,789,796,797,798,799,802,812,813,814,816,819,820,822,823,828,830,831,833,836,839,841,846,847,849,851,854,858,860,868,877,882,886,887,888,894,895,898,899,901,902,904,907,911,913,916,917,934,937,941,942,944,947,948,950,954,959,960,962,964,966,971,974,978,979,980,983,987,996,1000,1002,1004,1011,1014,1016,1018,1021,1022,1033,1035,1036,1038,1040,1043,1047,1048,1053,1060,1063,1064,1065,1066,1069,1071,1073,1074,1075,1080,1082,1088,1090,1091,1092,1095,1096,1099,1106,1108,1109,1111,1116,1117,1118,1120,1124,1128,1129,1130,1132,1136,1140,1141,1145,1146,1149,1152,1158,1161,1166,1170,1171,1172,1174,1176,1181,1182,1190,1191,1193,1195,1196,1197,1200,1203,1208,1211,1215,1216,1217,1219,1220,1221,1222,1224,1225,1228,1231,1232,1238,1240,1241,1242,1244,1245,1246,1248,1249,1251,1252,1254,1255,1256,1257,1258,1259,1264,1266,1267,1269,1270,1273,1278,1282,1283,1285,1286,1289,1290,1291,1294,1301,1302,1303,1309,1310,1315,1321,1323,1326,1329,1330,1332,1334,1335,1339,1340,1341,1343,1345,1346,1355,1359,1361,1362,1369,1370,1371,1373,1374,1379,1382,1385,1386,1387,1390,1397,1401,1405,1414,1415,1417,1420,1424,1426,1427,1428,1429,1434,1439,1440,1441,1442,1443,1444,1447,1449,1450,1453,1454,1455,1457,1460,1462,1467,1468,1470,1471,1475,1477,1478,1485,1488,1491,1493,1495,1496,1497,1501,1502,1508,1509,1513,1515,1517,1518,1523,1526,1527,1530,1531,1538,1541,1546,1548,1551,1552,1555,1557,1563,1567,1571,1572,1574,1577,1579,1583,1588,1589,1594,1600,1601,1604,1605,1606,1610,1612,1616,1617,1618,1621,1625,1626,1628,1632,1636,1639,1643,1649,1652,1659,1666,1671,1672,1679,1682,1684,1685,1692,1695,1703,1705,1718,1721,1728,1734,1735,1740,1741,1743,1744,1749,1751,1752,1754,1755,1756,1757,1758,1761,1763,1764,1771,1772,1774,1775,1776,1779,1780,1782,1784,1785,1788,1789,1793,1794,1796,1797,1798,1801,1814,1819,1820,1821,1822,1824,1826,1828,1829,1830,1831,1835,1836,1838,1839,1844,1848,1849,1852,1857,1870,1877,1879,1881,1882,1883,1885,1887,1891,1898,1900,1901,1903,1904,1907,1908,1909,1912,1914,1916,1917,1921,1922,1923,1924,1929,1935,1937,1944,1945,1951,1953,1956,1957,1959,1960,1962,1963,1964,1968,1969,1970,1971,1972,1974,1975,1976,1977,1978,1979,1980,1981,1982,1983,1985,1986,1989,1990,1993,1997",1.22
omics_multiclass,development,200,2000,12,0.006,0.7,0.5,1.2,RF_Importance,1,0.0169,1.0,0.0333,0.0169,0.9786,708,0.646,,0.0731,0.0082,"0,1,4,6,7,10,12,16,20,21,24,26,27,29,36,37,38,40,41,42,43,44,51,52,53,59,60,67,69,71,72,76,78,80,81,82,84,88,90,91,92,93,94,97,100,101,106,109,112,118,120,123,127,130,131,134,140,142,144,145,146,148,150,151,152,154,155,157,159,160,165,170,175,177,180,181,185,186,188,191,194,195,196,197,198,199,200,201,203,204,210,211,214,216,219,220,221,223,224,230,231,232,233,235,236,238,240,246,247,251,253,255,261,262,263,265,268,272,273,277,278,281,282,287,289,293,294,298,300,306,308,311,313,318,323,324,325,327,328,329,336,339,343,344,352,358,369,372,373,380,382,385,387,390,391,400,401,403,404,405,406,407,409,410,411,413,414,418,419,420,421,422,424,431,434,443,446,451,456,457,461,463,464,468,472,473,476,482,483,484,485,486,488,491,492,493,504,508,509,514,517,518,528,533,538,539,540,541,546,547,548,551,552,556,558,559,562,564,565,566,567,568,569,576,577,578,586,588,591,593,595,600,605,607,611,617,618,619,623,625,628,635,636,637,645,648,651,653,655,656,657,664,667,668,670,672,676,677,679,688,690,692,693,703,711,718,729,735,742,747,749,750,752,754,761,764,770,778,780,784,788,791,792,795,797,800,801,805,806,809,813,814,816,818,819,820,823,826,829,833,838,840,845,846,849,856,858,861,862,865,868,869,870,872,873,874,875,876,877,880,882,887,888,889,893,894,895,896,897,899,906,907,908,909,910,912,913,914,915,919,920,921,922,927,929,931,945,948,950,951,953,959,960,963,965,966,967,969,976,980,984,989,990,992,997,998,1000,1001,1002,1010,1011,1012,1015,1018,1021,1024,1028,1030,1038,1040,1041,1047,1049,1053,1054,1055,1057,1060,1061,1063,1065,1068,1071,1072,1074,1081,1082,1084,1086,1090,1092,1094,1097,1099,1107,1117,1118,1119,1124,1130,1136,1143,1149,1151,1152,1153,1158,1159,1160,1161,1167,1168,1172,1174,1175,1180,1181,1183,1185,1186,1190,1192,1193,1194,1199,1201,1202,1203,1204,1207,1210,1211,1215,1218,1219,1220,1225,1226,1228,1233,1237,1239,1243,1244,1246,1249,1252,1253,1254,1257,1261,1265,1270,1277,1279,1281,1282,1286,1287,1288,1290,1295,1301,1303,1306,1307,1310,1313,1314,1317,1319,1320,1321,1322,1323,1325,1326,1328,1330,1332,1336,1339,1341,1343,1346,1347,1353,1354,1355,1356,1357,1362,1363,1365,1370,1371,1372,1373,1375,1376,1377,1378,1380,1382,1384,1387,1390,1393,1394,1395,1398,1402,1406,1417,1419,1421,1422,1423,1443,1445,1448,1451,1452,1455,1459,1462,1463,1469,1472,1473,1476,1477,1478,1480,1484,1485,1486,1488,1490,1491,1497,1502,1504,1517,1521,1522,1525,1526,1536,1543,1544,1547,1552,1553,1556,1557,1559,1560,1565,1568,1576,1577,1580,1583,1587,1589,1590,1591,1592,1593,1595,1599,1600,1602,1605,1609,1615,1626,1631,1633,1634,1635,1639,1642,1645,1654,1658,1659,1660,1671,1674,1675,1676,1678,1681,1683,1684,1685,1689,1692,1693,1695,1696,1697,1698,1700,1701,1702,1703,1704,1705,1706,1710,1712,1713,1714,1715,1718,1720,1722,1723,1724,1725,1728,1732,1739,1743,1747,1751,1752,1753,1756,1757,1760,1762,1768,1771,1773,1776,1779,1780,1783,1784,1789,1794,1800,1801,1804,1805,1809,1811,1816,1819,1821,1825,1828,1836,1839,1843,1846,1848,1853,1854,1855,1861,1864,1871,1875,1888,1890,1894,1898,1902,1903,1909,1915,1918,1920,1921,1925,1926,1928,1929,1935,1936,1938,1940,1943,1954,1958,1959,1960,1963,1971,1976,1981,1988,1998",1.16
omics_multiclass,development,200,2000,12,0.006,0.7,0.5,1.2,RF_Importance,2,0.016,1.0,0.0315,0.016,0.9633,749,0.6255,,0.0723,0.0082,"0,3,5,6,8,9,10,12,14,16,20,22,23,26,28,30,35,36,37,40,43,48,50,51,59,60,61,64,67,70,74,76,78,80,84,85,86,88,89,91,92,95,96,97,98,99,100,101,103,104,107,108,110,112,113,115,119,120,128,129,130,135,136,137,140,142,144,145,147,148,149,151,158,159,160,161,163,168,169,171,173,174,177,178,179,180,184,185,188,190,193,197,200,203,204,205,212,214,220,222,224,226,228,229,235,236,238,241,245,246,249,252,255,262,264,265,267,268,273,275,276,278,282,284,286,287,288,295,296,297,299,305,310,319,323,326,342,343,344,346,352,357,360,362,366,375,377,382,388,394,395,398,399,401,405,408,410,411,413,417,421,422,424,425,428,429,431,432,437,438,446,447,450,454,456,461,462,463,464,468,469,472,474,478,482,486,490,491,492,495,496,497,499,503,505,511,515,518,519,521,522,524,529,532,533,535,537,539,540,542,543,544,546,547,548,549,550,552,556,563,564,570,572,574,575,576,579,581,583,585,587,590,596,607,613,615,619,621,622,623,624,627,629,630,632,638,639,643,646,649,650,652,654,655,657,658,662,672,673,680,682,688,690,692,696,697,700,705,708,714,717,718,720,721,725,739,740,741,750,752,756,758,759,760,761,764,768,770,776,783,785,788,789,790,791,793,795,797,808,809,814,820,821,822,823,826,829,837,838,840,841,842,844,852,853,857,859,861,863,866,868,870,873,876,889,890,895,896,897,898,899,900,907,910,911,913,917,919,926,928,929,930,931,932,933,936,938,939,941,942,943,948,949,954,955,966,969,970,973,975,981,984,985,991,995,996,997,998,999,1011,1013,1014,1021,1024,1025,1029,1030,1032,1033,1042,1044,1046,1047,1048,1050,1051,1053,1058,1064,1065,1067,1068,1078,1085,1091,1095,1096,1098,1109,1110,1113,1115,1116,1117,1119,1124,1130,1131,1132,1133,1135,1138,1139,1141,1142,1143,1145,1146,1147,1149,1151,1152,1153,1154,1155,1156,1157,1158,1160,1161,1162,1163,1164,1166,1169,1177,1183,1184,1185,1188,1190,1191,1194,1195,1201,1202,1204,1206,1208,1209,1211,1214,1219,1223,1228,1238,1239,1241,1243,1247,1248,1255,1256,1259,1260,1265,1266,1267,1268,1274,1278,1285,1287,1288,1291,1292,1298,1300,1302,1304,1305,1310,1311,1315,1316,1318,1319,1323,1330,1334,1340,1347,1350,1351,1353,1356,1358,1360,1361,1364,1367,1369,1376,1377,1378,1380,1384,1385,1387,1388,1389,1390,1392,1393,1397,1400,1402,1412,1415,1416,1418,1420,1423,1425,1428,1429,1430,1431,1433,1434,1436,1438,1441,1443,1445,1446,1454,1460,1463,1464,1465,1470,1472,1473,1476,1479,1480,1481,1483,1484,1487,1489,1493,1494,1495,1497,1500,1502,1506,1507,1508,1514,1518,1522,1523,1525,1531,1537,1538,1544,1545,1556,1558,1559,1562,1566,1569,1571,1577,1580,1582,1583,1587,1588,1592,1595,1601,1605,1607,1608,1610,1613,1615,1618,1621,1624,1625,1626,1631,1632,1633,1636,1638,1639,1641,1646,1650,1654,1657,1658,1659,1660,1662,1664,1671,1673,1684,1688,1695,1700,1702,1704,1705,1706,1707,1708,1709,1714,1715,1717,1719,1720,1726,1728,1731,1732,1736,1738,1739,1741,1745,1746,1747,1748,1749,1751,1752,1760,1761,1762,1765,1767,1768,1769,1770,1772,1775,1778,1779,1780,1783,1785,1787,1788,1789,1791,1795,1796,1800,1802,1803,1807,1808,1810,1814,1818,1819,1822,1823,1828,1830,1832,1833,1834,1835,1836,1840,1841,1843,1844,1845,1846,1849,1852,1853,1854,1856,1857,1859,1860,1861,1864,1865,1868,1869,1873,1875,1876,1879,1882,1888,1889,1890,1892,1894,1896,1897,1899,1903,1908,1909,1911,1912,1916,1920,1924,1930,1933,1939,1943,1944,1945,1946,1948,1954,1961,1962,1963,1965,1968,1972,1973,1974,1976,1977,1986,1987,1988,1995",1.22
omics_multiclass,development,200,2000,12,0.006,0.7,0.5,1.2,PermImportance,0,1.0,0.0833,0.1538,0.0833,0.6556,1,0.9995,,0.0,0.266,20,33.02
omics_multiclass,development,200,2000,12,0.006,0.7,0.5,1.2,PermImportance,1,1.0,0.25,0.4,0.25,0.7758,3,0.9985,,0.0914,0.266,"120,160,220",32.39
omics_multiclass,development,200,2000,12,0.006,0.7,0.5,1.2,PermImportance,2,1.0,0.1667,0.2857,0.1667,0.7413,2,0.999,,0.1169,0.266,"120,160",34.06
omics_multiclass,development,200,2000,12,0.006,0.7,0.5,1.2,SHAP,0,0.0496,1.0,0.0945,0.0496,0.9878,242,0.879,,0.0771,0.1109,"0,4,5,8,9,10,13,16,19,20,21,22,23,24,25,28,29,30,32,35,39,40,46,47,48,49,50,52,54,57,58,60,62,65,68,69,80,83,89,90,91,95,97,98,99,100,103,105,106,107,108,109,113,117,120,127,133,135,136,137,138,139,140,148,153,158,159,160,163,168,175,180,181,192,193,194,200,201,202,203,204,206,214,216,217,218,220,224,227,231,232,234,235,242,252,260,263,300,309,341,346,359,369,371,372,404,414,434,454,473,481,484,507,509,510,511,514,517,585,605,610,644,647,651,658,666,669,685,692,702,709,718,724,726,755,761,770,781,811,834,846,851,858,872,883,909,915,919,923,950,976,982,987,1022,1023,1025,1032,1043,1071,1084,1097,1105,1132,1135,1219,1225,1233,1239,1241,1244,1246,1247,1255,1256,1259,1267,1293,1307,1311,1341,1345,1358,1397,1405,1418,1437,1440,1446,1447,1456,1457,1459,1468,1476,1477,1501,1550,1573,1588,1621,1645,1651,1662,1664,1668,1689,1708,1715,1737,1739,1740,1762,1766,1782,1793,1799,1806,1819,1823,1824,1837,1847,1851,1887,1895,1900,1902,1904,1907,1914,1921,1925,1926,1928,1929,1938,1942,1971,1974,1977,1983,1994",3.26
omics_multiclass,development,200,2000,12,0.006,0.7,0.5,1.2,SHAP,1,0.0682,1.0,0.1277,0.0682,0.9786,176,0.912,,0.0768,0.1109,"0,1,3,6,16,20,21,22,24,26,28,29,34,37,40,49,50,51,54,57,59,60,75,80,89,92,97,100,102,105,111,114,115,119,120,122,125,126,128,134,135,137,140,143,160,169,171,179,180,185,186,194,195,200,204,217,220,221,223,233,234,237,239,240,266,300,306,369,372,414,419,422,424,473,483,512,539,562,572,577,589,621,636,643,649,654,657,658,664,670,675,683,689,703,716,748,765,799,833,849,860,861,865,869,872,878,881,883,890,896,903,926,939,978,1000,1049,1053,1056,1111,1134,1137,1160,1174,1181,1209,1211,1215,1266,1288,1291,1298,1299,1328,1361,1375,1380,1387,1390,1395,1402,1411,1419,1424,1434,1452,1460,1520,1565,1579,1583,1587,1594,1606,1617,1653,1659,1680,1686,1688,1690,1697,1744,1748,1762,1773,1793,1832,1841,1856,1879,1906,1947,1954,1955,1962,1971",2.73
omics_multiclass,development,200,2000,12,0.006,0.7,0.5,1.2,SHAP,2,0.0628,1.0,0.1182,0.0628,0.9649,191,0.9045,,0.0767,0.1109,"0,2,3,4,10,13,19,20,21,22,24,29,31,32,38,39,40,41,42,44,47,49,53,54,58,60,64,65,67,68,70,71,75,76,80,81,82,83,85,87,88,94,100,101,103,106,110,112,115,119,120,133,137,140,142,144,146,147,155,159,160,161,164,167,169,171,172,176,178,180,182,183,196,200,201,206,207,214,216,220,221,228,237,239,246,248,265,274,312,326,336,337,363,410,429,474,527,549,569,584,609,620,664,734,738,753,755,757,758,767,780,800,810,850,855,862,863,869,905,926,939,956,963,983,998,1010,1036,1107,1128,1129,1139,1143,1146,1149,1154,1188,1196,1218,1232,1247,1252,1258,1274,1281,1300,1305,1314,1318,1320,1322,1353,1379,1395,1418,1423,1452,1457,1458,1481,1487,1497,1498,1522,1577,1613,1615,1629,1662,1669,1673,1695,1730,1732,1740,1751,1753,1777,1782,1806,1813,1817,1836,1859,1861,1864,1870,1873,1969,1973,1994,1995",3.04
omics_multiclass,development,200,2000,12,0.006,0.7,0.5,1.2,SO_S1->2,0,0.6471,0.9167,0.7586,0.6111,0.9754,17,0.9915,,0.1066,0.396,"0,20,40,60,80,100,120,160,180,200,217,220,445,1088,1362,1379,1459",290.03
omics_multiclass,development,200,2000,12,0.006,0.7,0.5,1.2,SelectOmics,0,0.6471,0.9167,0.7586,0.6111,0.9754,17,0.9915,step3,0.1066,0.7079,"0,20,40,60,80,100,120,160,180,200,217,220,445,1088,1362,1379,1459",290.44
omics_multiclass,development,200,2000,12,0.006,0.7,0.5,1.2,SO_S1->2,1,0.1714,1.0,0.2927,0.1714,0.9819,70,0.965,,0.0782,0.396,"0,20,21,40,60,80,100,120,140,150,151,160,180,200,207,210,220,224,229,231,234,237,278,313,316,325,345,402,404,410,418,473,515,520,621,629,644,649,702,717,762,767,785,819,827,830,865,886,905,929,1010,1140,1176,1226,1266,1296,1347,1395,1456,1465,1483,1494,1592,1696,1722,1744,1780,1909,1947,1977",315.73
omics_multiclass,development,200,2000,12,0.006,0.7,0.5,1.2,SelectOmics,1,1.0,0.75,0.8571,0.75,0.9721,9,0.9955,,0.1531,0.7079,"0,20,60,80,100,120,160,200,220",441.31
omics_multiclass,development,200,2000,12,0.006,0.7,0.5,1.2,SO_S1->2,2,0.8,1.0,0.8889,0.8,0.9628,15,0.9925,,0.1203,0.396,"0,20,40,60,80,100,120,140,157,160,180,200,220,855,1426",263.35
omics_multiclass,development,200,2000,12,0.006,0.7,0.5,1.2,SelectOmics,2,0.8,1.0,0.8889,0.8,0.9628,15,0.9925,step3,0.1203,0.7079,"0,20,40,60,80,100,120,140,157,160,180,200,220,855,1426",261.29
